object,z,radius_kpc,B,V,instrumental_B_minus_V
ASAS14ad,0.0264,1.0,2818.339231914026,5730.547648584534,0.7705071545190239
ASAS14ad,0.0264,1.5,6864.165687537927,13746.71640305424,0.7540280380239371
ASAS14ad,0.0264,2.0,12176.839855241358,24907.808369953837,0.7770023034315955
ASAS14ad,0.0264,2.5,18323.39882177486,37731.51610564631,0.7842455542145783
ASAS14ad,0.0264,3.0,25027.167555237524,51591.73828813209,0.785421149179339
ASAS14ad,0.0264,3.5,33441.03175960497,69785.24277307077,0.7987098134494365
ASAS14ad,0.0264,4.0,45105.33296024413,97069.81121538584,0.8321407298378375
ASAS14ad,0.0264,4.5,53810.06848122453,115941.96908360015,0.833442817810594
ASAS14ad,0.0264,5.0,61182.72762487328,132389.9124902707,0.8380651511704863
ASAS14ad,0.0264,5.5,69431.06748974588,149195.057805292,0.8305014863746638
ASAS14ad,0.0264,6.0,77600.51495493432,166464.38857121687,0.8286418417576091
ASAS14ad,0.0264,6.5,85498.23364241185,182781.48241317988,0.8249376319634859
ASAS14ad,0.0264,7.0,92413.61662923408,197064.2657497204,0.8221797817759536
ASAS14ad,0.0264,7.5,99038.54587492076,210189.3250484868,0.8170160009267786
ASAS14ad,0.0264,8.0,105265.87323141829,223073.61995304728,0.815401543508671
ASAS14ad,0.0264,8.5,111173.82155440414,234586.68438191517,0.8107520560695392
ASAS14ad,0.0264,9.0,116061.1252047412,243305.55589651465,0.8036631236982751
ASAS14ad,0.0264,9.5,120219.894842699,253735.8767490181,0.8110138361926624
ASAS14ad,0.0264,10.0,123530.12730391392,260662.4922067172,0.8107641356773571
ASAS14hp,0.03892,1.0,242.68537978175823,928.5984858831348,1.4569608937467229
ASAS14hp,0.03892,1.5,552.7512193353111,1909.2360878179,1.3458248134982163
ASAS14hp,0.03892,2.0,1055.0746641166438,3430.650928220767,1.2802333404025499
ASAS14hp,0.03892,2.5,1851.946086891644,5251.043679705528,1.1315432284142206
ASAS14hp,0.03892,3.0,2691.7966776395715,7128.234606911687,1.0573493303821333
ASAS14hp,0.03892,3.5,3308.637426876008,9329.42980269566,1.1255148079285946
ASAS14hp,0.03892,4.0,4381.603258009409,11175.664295835097,1.0166007418639822
ASAS14hp,0.03892,4.5,5411.393048275126,13644.407929049295,1.004114039265135
ASAS14hp,0.03892,5.0,6382.187528489336,16422.62760740661,1.0261827103760675
ASAS14hp,0.03892,5.5,7960.4778422554655,19272.501967276057,0.9599974020827301
ASAS14hp,0.03892,6.0,9350.300862489845,22851.58050039802,0.9702266439418445
ASAS14hp,0.03892,6.5,11390.536807764693,27274.437770544933,0.948029037787101
ASAS14hp,0.03892,7.0,13864.413545388368,32976.225135051645,0.9407485887396992
ASAS14hp,0.03892,7.5,16699.70509587148,40186.53411001738,0.9534293753752054
ASAS14hp,0.03892,8.0,20909.724578838825,49346.00927201106,0.932259309109539
ASAS14hp,0.03892,8.5,28010.64762313455,62139.57719622722,0.8651128596393545
ASAS14hp,0.03892,9.0,38493.6631004708,85782.3051531718,0.8700211786563135
ASAS14hp,0.03892,9.5,48463.04636695082,114668.19161141058,0.9350806330953398
ASAS14hp,0.03892,10.0,55908.16549891232,134333.95432951557,0.9517763924515832
ASAS14hr,0.03362,1.0,9844.7177095556,24666.67597093734,0.997268403168155
ASAS14hr,0.03362,1.5,22199.09530737244,55164.00429177852,0.9883012695756005
ASAS14hr,0.03362,2.0,36365.564903398044,92385.54609910076,1.012284230019032
ASAS14hr,0.03362,2.5,51051.027508438885,131218.96915890006,1.024980335184614
ASAS14hr,0.03362,3.0,66697.8902363436,171242.39288040483,1.0237479779862475
ASAS14hr,0.03362,3.5,83397.29975454672,212861.14359082497,1.017361004545481
ASAS14hr,0.03362,4.0,101446.42245575004,255131.94728440105,1.0013202692619696
ASAS14hr,0.03362,4.5,119039.88967585097,296118.7591209139,0.9894335127683905
ASAS14hr,0.03362,5.0,135707.51967617433,334370.7028669444,0.9790607628286384
ASAS14hr,0.03362,5.5,151510.9557466054,369852.8950687454,0.9689624619175106
ASAS14hr,0.03362,6.0,166689.95241452238,401986.2872404725,0.95575453963834
ASAS14hr,0.03362,6.5,180716.1106048966,431363.1906907581,0.9446155295801584
ASAS14hr,0.03362,7.0,192604.14509425385,456777.89328775904,0.9375986192211951
ASAS14hr,0.03362,7.5,202147.8347517873,477613.7730181576,0.9335193706019136
ASAS14hr,0.03362,8.0,210450.4766020293,495137.3267743533,0.9289393849420862
ASAS14hr,0.03362,8.5,217216.71740960624,509541.6785442016,0.9257161677022169
ASAS14hr,0.03362,9.0,223116.22148580887,522321.3803706329,0.923516642177601
ASAS14hr,0.03362,9.5,228297.2415406725,532712.7057880969,0.9199809781602557
ASAS14hr,0.03362,10.0,232488.577632794,541256.3346160215,0.9175034292310205
ASAS14hu,0.015,1.0,2557.5803141104598,5924.752087504043,0.912102255431379
ASAS14hu,0.015,1.5,4971.014814711771,11332.644059801354,0.8947154776356474
ASAS14hu,0.015,2.0,7997.986657897721,21091.26544585474,1.0528049056382558
ASAS14hu,0.015,2.5,12807.36721614897,33549.25075213722,1.0455574092661841
ASAS14hu,0.015,3.0,20303.09867725725,49567.87465728229,0.9690949312210294
ASAS14hu,0.015,3.5,27187.81031822986,66050.25153908727,0.9637506114187327
ASAS14hu,0.015,4.0,34135.41950675604,85905.22241935175,1.0020358053418357
ASAS14hu,0.015,4.5,43553.17902868613,107186.89013935137,0.9778045256324122
ASAS14hu,0.015,5.0,54014.59880227751,133858.6374436366,0.9853381132352733
ASAS14hu,0.015,5.5,64631.46254548817,160815.84192294147,0.9897121126535569
ASAS14hu,0.015,6.0,74647.74714612548,187984.92946704687,1.0027658210919492
ASAS14hu,0.015,6.5,86820.53221442975,217272.98568227747,0.9959582213783859
ASAS14hu,0.015,7.0,96610.27281551136,246425.71418878,1.016656788478192
ASAS14hu,0.015,7.5,108640.17729605116,279547.1179634473,1.0261613837533081
ASAS14hu,0.015,8.0,129178.82412053934,332433.8272489875,1.026284706538704
ASAS14hu,0.015,8.5,154980.58018071996,406651.0443765523,1.0473615240926957
ASAS14hu,0.015,9.0,173169.05088298896,459276.632419889,1.059010182064428
ASAS14hu,0.015,9.5,190693.81331764616,511480.3781030937,1.0712309352442724
ASAS14hu,0.015,10.0,215257.8266621665,576038.5933249688,1.0687315751109236
ASAS14jc,0.011325,1.0,112590.57844534496,283922.8381090106,1.004245693060188
ASAS14jc,0.011325,1.5,202671.5212819742,491066.5395475972,0.9608690391369296
ASAS14jc,0.011325,2.0,289774.5162818158,678593.5600393525,0.9238738606673714
ASAS14jc,0.011325,2.5,362375.4564108202,829830.2544588231,0.8995762229983862
ASAS14jc,0.011325,3.0,430261.5565124944,993363.6835269145,0.9084393363696169
ASAS14jc,0.011325,3.5,505176.005038209,1196654.340435688,0.9363150155999447
ASAS14jc,0.011325,4.0,543074.4141132394,1270633.2739201963,0.9229022040604211
ASAS14jc,0.011325,4.5,570932.6896733684,1325595.7143834769,0.9145654535002667
ASAS14jc,0.011325,5.0,585968.9311421541,1355420.0866055922,0.9104983190299722
ASAS14jc,0.011325,5.5,595578.4558884518,1372576.8211658995,0.9064942029964197
ASAS14jc,0.011325,6.0,602331.7788469394,1387820.7146979398,0.9062439712129872
ASAS14jc,0.011325,6.5,605752.9520357662,1391557.2031776146,0.9030138110999352
ASAS14jc,0.011325,7.0,616369.3065831129,1415212.422359,0.9024515701751894
ASAS14jc,0.011325,7.5,640655.2966296436,1471119.565801325,0.9025588764396117
ASAS14jc,0.011325,8.0,644105.6834954718,1479813.2515773177,0.903124451853678
ASAS14jc,0.011325,8.5,674802.7544302357,1577121.2933572696,0.9217206218185726
ASAS14jc,0.011325,9.0,711370.4270111388,1639249.3533223846,0.9063730355341197
ASAS14jc,0.011325,9.5,812611.4772130401,1948422.5231919463,0.9495004732399204
ASAS14jc,0.011325,10.0,816441.4378280366,1964107.4483210647,0.9531005092831888
ASAS14jg,0.014827,1.0,10587.386205720502,27360.153833513883,1.030824448421843
ASAS14jg,0.014827,1.5,23246.60542177898,59685.01271825301,1.0237643665114373
ASAS14jg,0.014827,2.0,43525.494553099874,111213.77355935088,1.0185371561814711
ASAS14jg,0.014827,2.5,68971.20728379296,177118.82385886996,1.023992229079276
ASAS14jg,0.014827,3.0,98806.65209052156,256799.8123218612,1.0370212946190622
ASAS14jg,0.014827,3.5,135107.0910934609,351884.2398623176,1.0393041814918607
ASAS14jg,0.014827,4.0,177061.6582030944,466817.9545515123,1.052557560552733
ASAS14jg,0.014827,4.5,224170.3734095367,596890.4212465406,1.0632909856375152
ASAS14jg,0.014827,5.0,270532.5098688642,730821.7586609179,1.0789800183903229
ASAS14jg,0.014827,5.5,315280.5622773561,855191.8961216753,1.083415951044606
ASAS14jg,0.014827,6.0,357095.47943135066,965881.8701520652,1.0803491548760797
ASAS14jg,0.014827,6.5,397253.97162094753,1074074.349034215,1.0799152426917396
ASAS14jg,0.014827,7.0,426449.3479029973,1157866.4979607165,1.084477583646977
ASAS14jg,0.014827,7.5,453641.7384536996,1234903.886099126,1.0873003780488957
ASAS14jg,0.014827,8.0,476983.4444200157,1302358.7566958338,1.090568322616762
ASAS14jg,0.014827,8.5,496569.5822899593,1361001.175353152,1.0946959680765425
ASAS14jg,0.014827,9.0,515288.4073646079,1408375.7281866015,1.0916703994667727
ASAS14jg,0.014827,9.5,527688.3637447907,1447897.1467074011,1.0959004869538695
ASAS14jg,0.014827,10.0,539610.1743343284,1479060.340701101,1.0947644060737591
ASAS14jz,0.012,1.0,15464.24145303568,31736.068041743227,0.7805612414995433
ASAS14jz,0.012,1.5,30336.375462631124,59563.34303562328,0.7325384351361477
ASAS14jz,0.012,2.0,47978.11094810416,90460.25281263069,0.6885366318670836
ASAS14jz,0.012,2.5,66152.70227187125,124240.27538763567,0.6842870399623029
ASAS14jz,0.012,3.0,83803.91083400119,157741.03793749204,0.6867010201518444
ASAS14jz,0.012,3.5,103579.76073499209,196052.76264560776,0.6927451574720543
ASAS14jz,0.012,4.0,130213.59110159746,259226.86697187825,0.7475592367625405
ASAS14jz,0.012,4.5,162691.84758455478,326534.7604103475,0.7564090714580669
ASAS14jz,0.012,5.0,185291.50980868615,369392.9297902481,0.7490826466660777
ASAS14jz,0.012,5.5,205995.4038142271,410992.60517422727,0.7499411934871829
ASAS14jz,0.012,6.0,234944.60224446133,469189.8200663526,0.750957772484538
ASAS14jz,0.012,6.5,320914.53277327924,659661.6557767228,0.7823296393784234
ASAS14jz,0.012,7.0,351759.6216074418,733000.2517797635,0.7971453459559373
ASAS14jz,0.012,7.5,362193.07842878567,759180.8564119474,0.8035127543094374
ASAS14jz,0.012,8.0,377038.0573882788,796594.2633845608,0.8121299635024815
ASAS14jz,0.012,8.5,404044.3876311989,867196.3871470445,0.8292209532100187
ASAS14jz,0.012,9.0,430437.91331399535,933772.974516927,0.8408269574352513
ASAS14jz,0.012,9.5,444442.93121494376,972499.7525907296,0.8501837407399768
ASAS14jz,0.012,10.0,591835.394043069,1338770.9605136258,0.8862633733762406
ASAS14kq,0.0336,1.0,1358.512681093814,2943.8386060630773,0.8396257492685189
ASAS14kq,0.0336,1.5,3390.1081282278174,6849.118971788231,0.7635528994875368
ASAS14kq,0.0336,2.0,6511.296542644985,12613.631042834571,0.7179316216408607
ASAS14kq,0.0336,2.5,10718.716562328447,20309.47196812171,0.6938896132130751
ASAS14kq,0.0336,3.0,16162.597997217072,30601.44158872989,0.6930767870511221
ASAS14kq,0.0336,3.5,23434.2567703122,44203.459723820415,0.6890126947862971
ASAS14kq,0.0336,4.0,32701.02840361486,61249.50073024746,0.6813528552078465
ASAS14kq,0.0336,4.5,43286.24183698514,80634.43039633484,0.6754266023565364
ASAS14kq,0.0336,5.0,54355.41667747191,100895.51020687562,0.6715725287603884
ASAS14kq,0.0336,5.5,64679.86652688751,121748.572116748,0.6867369035671167
ASAS14kq,0.0336,6.0,75761.92329505556,143558.21053625146,0.6939426125766489
ASAS14kq,0.0336,6.5,87613.90136892803,166802.4267958657,0.6990733633856272
ASAS14kq,0.0336,7.0,99637.66172166358,190391.0245858423,0.7030573599462695
ASAS14kq,0.0336,7.5,111325.46771423356,213814.2724713536,0.7086054083185639
ASAS14kq,0.0336,8.0,121728.54646719036,234666.5147342072,0.7126467175159985
ASAS14kq,0.0336,8.5,132156.51461516562,253853.5050975285,0.7087364697986753
ASAS14kq,0.0336,9.0,141148.92569101157,271347.78654725064,0.7096217656871657
ASAS14kq,0.0336,9.5,149026.60493973116,287693.43869146943,0.7141653739231788
ASAS14kq,0.0336,10.0,156320.867183112,301446.79836165474,0.7129843000345129
ASAS14lq,0.026191,1.0,57005.05679078941,92990.76523212693,0.5313160972911055
ASAS14lq,0.026191,1.5,68085.66641328312,108704.49650165348,0.5079795404377231
ASAS14lq,0.026191,2.0,71399.86653453048,113333.38996409344,0.5016511984198276
ASAS14lq,0.026191,2.5,72725.19092925127,115053.14730064638,0.49803408319593134
ASAS14lq,0.026191,3.0,73158.53582247702,115950.00016700076,0.5000143714363693
ASAS14lq,0.026191,3.5,73185.3112763083,116291.7739103427,0.5028126773530666
ASAS14lq,0.026191,4.0,73333.28158210771,116716.51429687974,0.504577973463233
ASAS14lq,0.026191,4.5,73183.60338866196,117080.53082584418,0.5101772336911851
ASAS14lq,0.026191,5.0,73313.20043702188,117211.053966078,0.5094659810222952
ASAS14lq,0.026191,5.5,73352.50807093893,117695.14061969088,0.5133589107066215
ASAS14lq,0.026191,6.0,73157.81871072334,117741.03258650147,0.5166677306678691
ASAS14lq,0.026191,6.5,73259.04840192369,118161.53091923684,0.5190370900711743
ASAS14lq,0.026191,7.0,73689.73671263986,118568.57982146456,0.5164065330572597
ASAS14lq,0.026191,7.5,73936.89541798369,119365.03897468925,0.5200398335559607
ASAS14lq,0.026191,8.0,74018.35779812612,119595.89384852756,0.5209420590209572
ASAS14lq,0.026191,8.5,74045.43006384843,119711.517608717,0.5215941914662345
ASAS14lq,0.026191,9.0,73538.78199514876,119347.99822282966,0.5257467666841245
ASAS14lq,0.026191,9.5,73813.69703479405,119458.08714459396,0.5226964956254869
ASAS14lq,0.026191,10.0,73533.44205344711,119771.99851505806,0.5296760018922197
ASAS14lt,0.032046,1.0,12615.783436059271,35866.22653459345,1.1344286549128304
ASAS14lt,0.032046,1.5,28617.66600885162,82211.39820338192,1.1457445592187134
ASAS14lt,0.032046,2.0,52137.18508764893,150111.15211550507,1.1481634463070451
ASAS14lt,0.032046,2.5,84749.86564096362,243909.83705420172,1.1477257442607904
ASAS14lt,0.032046,3.0,127046.83840534464,365437.9615126584,1.1471244941682217
ASAS14lt,0.032046,3.5,170378.45438007548,491605.1056767242,1.1505042763981257
ASAS14lt,0.032046,4.0,206874.3975747429,597837.8526102679,1.1521916571389834
ASAS14lt,0.032046,4.5,236433.770417626,684176.2123183983,1.1536461560418947
ASAS14lt,0.032046,5.0,260867.8676110481,756900.5063698398,1.1565455189821592
ASAS14lt,0.032046,5.5,281436.2592317056,816999.3544741136,1.1571041593798024
ASAS14lt,0.032046,6.0,299397.6942581644,869437.9939059564,1.1574754081741259
ASAS14lt,0.032046,6.5,314773.8260071576,913800.7538253036,1.157132247849214
ASAS14lt,0.032046,7.0,327907.9403349603,952191.5398916808,1.157430963012097
ASAS14lt,0.032046,7.5,339032.527028785,984526.123942672,1.1574646942415843
ASAS14lt,0.032046,8.0,348487.1705590426,1013547.3907119674,1.159143164025179
ASAS14lt,0.032046,8.5,356832.85907986265,1038125.078106615,1.1594621069117041
ASAS14lt,0.032046,9.0,364573.62066351454,1060174.081172556,1.1589798529144164
ASAS14lt,0.032046,9.5,371281.6239694874,1079016.4376962767,1.158311514398013
ASAS14lt,0.032046,10.0,377236.8594625961,1095632.4907515564,1.157626955090622
ASAS14me,0.018,1.0,27697.66328435628,54524.72544426983,0.7353758901857071
ASAS14me,0.018,1.5,43547.83823294653,85703.44955538327,0.7350792540163559
ASAS14me,0.018,2.0,55953.22697936949,110668.1992742272,0.7404942621537194
ASAS14me,0.018,2.5,66927.49408544743,131995.42628842586,0.7373857964443906
ASAS14me,0.018,3.0,77421.1363392543,151033.91130327302,0.7255373201698214
ASAS14me,0.018,3.5,86872.19634504849,170298.12715449146,0.7308226754007942
ASAS14me,0.018,4.0,95654.92084936984,187734.3318429969,0.7320909615930711
ASAS14me,0.018,4.5,102660.15785597618,201415.7093270928,0.7317285310488284
ASAS14me,0.018,5.0,110078.82555978483,213793.592978592,0.720727246567645
ASAS14me,0.018,5.5,115563.44790435274,224354.9957585856,0.720288134251582
ASAS14me,0.018,6.0,120252.15060299284,234013.5423008804,0.7228703463894172
ASAS14me,0.018,6.5,125471.92464629508,242478.665347674,0.7153174328022495
ASAS14me,0.018,7.0,130660.64004600068,251580.14683848756,0.7113289625076125
ASAS14me,0.018,7.5,136056.1478747183,261527.89381484527,0.709499613886697
ASAS14me,0.018,8.0,140353.6294871613,269151.17993634625,0.706931600685652
ASAS14me,0.018,8.5,145612.542253329,275544.6896656127,0.6924831534113883
ASAS14me,0.018,9.0,151972.29702828737,279230.3733374335,0.6604955730026818
ASAS14me,0.018,9.5,154013.6206756189,282060.2459140077,0.6569568737184261
ASAS14me,0.018,10.0,155129.366821121,283956.55718676024,0.6563947052179682
ASAS14mf,0.0311,1.0,10303.372007652224,20658.90718801464,0.7553199101138709
ASAS14mf,0.0311,1.5,19257.3714720676,37853.427314481865,0.7337704985510596
ASAS14mf,0.0311,2.0,27662.66253340877,54463.66125431646,0.735532135621173
ASAS14mf,0.0311,2.5,35695.68791334991,69329.58030922273,0.7207570381254582
ASAS14mf,0.0311,3.0,42283.25225257986,80441.85090334693,0.6982841768994175
ASAS14mf,0.0311,3.5,46851.249391012665,88713.81160230056,0.6931751559608805
ASAS14mf,0.0311,4.0,49691.18627072641,93805.75117171372,0.6898752519919021
ASAS14mf,0.0311,4.5,52009.78949844657,97217.55603753233,0.679149007654462
ASAS14mf,0.0311,5.0,53137.44018327567,99438.50551552507,0.6803848986968521
ASAS14mf,0.0311,5.5,53495.39465949873,100501.73656948634,0.6846429253591373
ASAS14mf,0.0311,6.0,53620.446008291205,100838.30976925754,0.6857378386041967
ASAS14mf,0.0311,6.5,53731.93526420171,101205.49140497466,0.6874289877418656
ASAS14mf,0.0311,7.0,54680.18239845499,101265.45311480772,0.6690783893050629
ASAS14mf,0.0311,7.5,56356.21218789643,101082.88126937806,0.634339542341851
ASAS14mf,0.0311,8.0,56447.77082861784,101577.82836124884,0.6378803196217387
ASAS14mf,0.0311,8.5,56888.14690236397,101781.46186583625,0.6316172428743676
ASAS14mf,0.0311,9.0,57066.095770507694,101716.67010729584,0.6275349333870337
ASAS14mf,0.0311,9.5,56989.7270590591,101857.62774693283,0.6304924506869453
ASAS14mf,0.0311,10.0,56777.74521657874,101539.17551634616,0.6311387275988438
ASAS14my,0.020514,1.0,23452.41134470205,62498.51229557648,1.0642054417081876
ASAS14my,0.020514,1.5,49788.78256647632,135178.6341945639,1.0844413677320925
ASAS14my,0.020514,2.0,86636.18469901214,233731.78228768648,1.077546130590687
ASAS14my,0.020514,2.5,130974.09614170178,346375.1442714263,1.055903274094289
ASAS14my,0.020514,3.0,177796.10365882763,460128.0315509416,1.0323911312208853
ASAS14my,0.020514,3.5,225076.57459068383,572749.615827363,1.0140862737334841
ASAS14my,0.020514,4.0,270397.8446291939,681348.0880329645,1.0034145402133874
ASAS14my,0.020514,4.5,312148.67643793754,783376.9235597195,0.9990231907908774
ASAS14my,0.020514,5.0,351786.3814415622,880844.7110168743,0.9965508204959427
ASAS14my,0.020514,5.5,389252.7143147872,973583.4212182574,0.9953538005031447
ASAS14my,0.020514,6.0,424832.1968704061,1061892.8026295945,0.9946581347699972
ASAS14my,0.020514,6.5,460437.7888000074,1146696.5998764588,0.9906939129046238
ASAS14my,0.020514,7.0,495467.5579479018,1229046.540903533,0.9863827641721569
ASAS14my,0.020514,7.5,528859.6215423959,1307964.3907398954,0.9831387765630039
ASAS14my,0.020514,8.0,559175.9338958513,1383127.3521132015,0.9832842451857149
ASAS14my,0.020514,8.5,588529.3626089296,1454640.6997168798,0.9824689982683038
ASAS14my,0.020514,9.0,616818.8060726877,1520756.8141256406,0.9797554118378586
ASAS14my,0.020514,9.5,642223.4857168923,1580557.9467595408,0.97781059816002
ASAS14my,0.020514,10.0,662779.9363510122,1633247.618021722,0.9792067011842093
ASAS15aj,0.01092,1.0,293943.85227438575,856934.8831881488,1.161708601180048
ASAS15aj,0.01092,1.5,728125.0270734096,2091967.4093249345,1.1458723888442122
ASAS15aj,0.01092,2.0,1277372.4609510666,3773100.8307253416,1.1759521558672317
ASAS15aj,0.01092,2.5,1688058.705610628,4995528.430170648,1.1779847223211302
ASAS15aj,0.01092,3.0,2023759.8871956689,5949981.10470258,1.1708915075214974
ASAS15aj,0.01092,3.5,2302451.896803674,6718846.1070500845,1.1627603205468464
ASAS15aj,0.01092,4.0,2639298.9557674616,7490301.605776906,1.1325267987376144
ASAS15aj,0.01092,4.5,2954497.095864121,8370627.208671936,1.1306860833699468
ASAS15aj,0.01092,5.0,3133996.635623089,8862698.458071083,1.1286686183264099
ASAS15aj,0.01092,5.5,3292823.3896905216,9300206.01721704,1.1273103277990557
ASAS15aj,0.01092,6.0,3431330.6769254683,9683713.148201594,1.1264483581775089
ASAS15aj,0.01092,6.5,3556789.834732981,10026353.076518493,1.125211975033923
ASAS15aj,0.01092,7.0,3663161.27746155,10321070.522833891,1.1246717646174824
ASAS15aj,0.01092,7.5,3752701.85815278,10572835.70806744,1.124618553625765
ASAS15aj,0.01092,8.0,3829298.617444897,10794212.565092277,1.125179328042226
ASAS15aj,0.01092,8.5,3900289.270959322,10990203.74873295,1.1247723139918058
ASAS15aj,0.01092,9.0,3963367.093664512,11171660.730976526,1.1251335974661716
ASAS15aj,0.01092,9.5,4035930.029631514,11372248.310911007,1.1247567638365805
ASAS15aj,0.01092,10.0,4109766.249336925,11557728.983295867,1.1226384630781046
ASAS15al,0.032,1.0,695.4471374497534,1073.2720729292353,0.4711142627460956
ASAS15al,0.032,1.5,1597.31058415606,2961.860234247584,0.670437978886142
ASAS15al,0.032,2.0,2757.547454868561,5629.765148900034,0.7749182080688356
ASAS15al,0.032,2.5,12118.866515088084,9104.27348224562,-0.3105417673358239
ASAS15al,0.032,3.0,14810.897835155723,14207.884473562235,-0.04512992268049039
ASAS15al,0.032,3.5,18219.07182170721,21323.66014637467,0.17083876073989476
ASAS15al,0.032,4.0,22180.91857423084,29210.00360408315,0.2988802075434848
ASAS15al,0.032,4.5,26643.106497805744,38319.94708922288,0.39460010000758244
ASAS15al,0.032,5.0,32227.08576791401,48739.0105881366,0.4491391844522579
ASAS15al,0.032,5.5,37248.63738695213,59705.39038826908,0.5122578803693626
ASAS15al,0.032,6.0,42489.31668477722,70413.42077722511,0.5484392415768985
ASAS15al,0.032,6.5,47684.42695600109,80707.10629036279,0.571338020734255
ASAS15al,0.032,7.0,51961.93501186663,89484.17842502806,0.5901523492134586
ASAS15al,0.032,7.5,55054.03109088144,96857.53462815788,0.6133607167755358
ASAS15al,0.032,8.0,58776.34551195743,103854.53677740172,0.6180572329490502
ASAS15al,0.032,8.5,62006.50164121722,111150.47237143856,0.6336852080998601
ASAS15al,0.032,9.0,64382.768984896415,115603.84932169314,0.6355066107356873
ASAS15al,0.032,9.5,65948.32285141881,119203.94552113635,0.6427171873711846
ASAS15al,0.032,10.0,67203.72787782391,122521.3848057022,0.652046330509296
ASAS15as,0.028,1.0,1214.985428941562,2399.1891553112773,0.7387335502884779
ASAS15as,0.028,1.5,2589.652715281276,4896.75935140555,0.6916680858494052
ASAS15as,0.028,2.0,4305.3572042127735,8167.771318780989,0.6952359507850898
ASAS15as,0.028,2.5,6267.003954061366,11589.952608586887,0.6675542285563989
ASAS15as,0.028,3.0,7861.704480296061,14882.902696125511,0.6929273190117718
ASAS15as,0.028,3.5,9190.019486201378,17092.28961318674,0.6737095266985036
ASAS15as,0.028,4.0,10285.888957867528,18675.032459423823,0.6475488344842926
ASAS15as,0.028,4.5,11057.148589636428,19961.84658911254,0.6413939194943751
ASAS15as,0.028,5.0,11712.835032555686,21464.562788383453,0.6576500504518372
ASAS15as,0.028,5.5,12414.082281825951,22628.282692403765,0.6518424402074217
ASAS15as,0.028,6.0,12767.195500810358,23369.97005792733,0.656406618229386
ASAS15as,0.028,6.5,12919.110827605728,24222.394430273216,0.682461119736027
ASAS15as,0.028,7.0,13173.122359435927,25377.09633416693,0.7118830062357012
ASAS15as,0.028,7.5,13590.169356276823,25675.267886374422,0.690725286900178
ASAS15as,0.028,8.0,13746.849141401415,26152.7336383022,0.6982848096922059
ASAS15as,0.028,8.5,13696.40865962924,26649.607938580888,0.7227102965651434
ASAS15as,0.028,9.0,13794.495638853345,26445.08960733643,0.7065980417933261
ASAS15as,0.028,9.5,13375.144384065594,26544.21978056989,0.7441787141372929
ASAS15as,0.028,10.0,13325.477703695557,26709.799391595843,0.7549695980901276
ASAS15ba,0.02313,1.0,4904.531228180088,10749.843773602735,0.8520116215413176
ASAS15ba,0.02313,1.5,9840.588606651025,20606.06814474595,0.8024351388533482
ASAS15ba,0.02313,2.0,14549.986318439664,30564.45270417316,0.805885096613717
ASAS15ba,0.02313,2.5,19064.86964353138,39412.89538444929,0.7885112510884003
ASAS15ba,0.02313,3.0,22723.97225902289,46942.3154749521,0.7877006433934777
ASAS15ba,0.02313,3.5,26814.32291906994,54068.274405481374,0.7614391851356026
ASAS15ba,0.02313,4.0,30348.145962958228,60089.23092121849,0.7416612033757753
ASAS15ba,0.02313,4.5,33411.9801072807,65280.48456351346,0.7272028881768032
ASAS15ba,0.02313,5.0,34878.33782317091,70934.55517259646,0.7707551745161192
ASAS15ba,0.02313,5.5,35692.151159927205,73400.33574489747,0.7828133071339041
ASAS15ba,0.02313,6.0,36776.55771964437,74556.74528281014,0.7672896601600977
ASAS15ba,0.02313,6.5,37754.34855737524,76243.63072320289,0.7630914705437473
ASAS15ba,0.02313,7.0,38315.10424260514,77772.19276777314,0.7686358312221298
ASAS15ba,0.02313,7.5,38531.49442108406,79124.2221143189,0.78123400054953
ASAS15ba,0.02313,8.0,39010.45930915053,80073.16816666507,0.7807648709309485
ASAS15ba,0.02313,8.5,38440.162021480726,79258.56542426095,0.7856524946351797
ASAS15ba,0.02313,9.0,39496.61417882978,79722.3944336125,0.7625511662235023
ASAS15ba,0.02313,9.5,40249.06472361217,82545.33919624088,0.7798419086343857
ASAS15ba,0.02313,10.0,39942.58074311807,82287.42126360776,0.7847433269091697
ASAS15be,0.0219,1.0,2847.1273913335194,4526.746905320447,0.5034482844709354
ASAS15be,0.0219,1.5,5444.524405183328,8684.038596354581,0.5069044903381413
ASAS15be,0.0219,2.0,9704.551906141964,15146.62071712934,0.48335065807430233
ASAS15be,0.0219,2.5,15958.93210904782,24660.92105865163,0.47251366447948706
ASAS15be,0.0219,3.0,24570.68752888506,39559.10868416626,0.517072972265628
ASAS15be,0.0219,3.5,34419.65746636344,59458.220621107685,0.5935134102027455
ASAS15be,0.0219,4.0,46069.36125337208,80635.67685462271,0.607787612281486
ASAS15be,0.0219,4.5,55946.05431086345,99317.7782640159,0.6231438330911451
ASAS15be,0.0219,5.0,63395.659223440125,112504.69954409068,0.6227778548233683
ASAS15be,0.0219,5.5,68907.84264768756,122849.6671333198,0.6277633268763099
ASAS15be,0.0219,6.0,73685.25063389914,131418.41915198523,0.6281891840814336
ASAS15be,0.0219,6.5,77233.79083662762,138716.71672507346,0.6358036232518132
ASAS15be,0.0219,7.0,79904.9956948479,144315.0129313915,0.6418439504436284
ASAS15be,0.0219,7.5,81874.94398820278,148906.50662737252,0.6494066480768411
ASAS15be,0.0219,8.0,82943.7276113571,152520.37967986087,0.6613608210825856
ASAS15be,0.0219,8.5,83515.5030107116,153739.65820742236,0.6625470250451287
ASAS15be,0.0219,9.0,84035.39498618565,155573.55580536614,0.6686838310151615
ASAS15be,0.0219,9.5,85267.44817606578,157042.87909234848,0.6630874568401579
ASAS15be,0.0219,10.0,85879.7193067571,157696.09964458534,0.6598258389970177
ASAS15cb,0.04004,1.0,24114.75697128976,52778.695186981735,0.8504393994568581
ASAS15cb,0.04004,1.5,42782.11752141305,92257.98395929555,0.8343542092532799
ASAS15cb,0.04004,2.0,65767.12350599737,139694.5774509079,0.8179267526632639
ASAS15cb,0.04004,2.5,92603.61210268187,193939.72006358067,0.8025970931836306
ASAS15cb,0.04004,3.0,122712.29399194317,254041.23936512563,0.7900403697651088
ASAS15cb,0.04004,3.5,154112.07656275143,315611.6614976529,0.7782909230050329
ASAS15cb,0.04004,4.0,183099.93916998975,371909.1578325054,0.7693716811760692
ASAS15cb,0.04004,4.5,207638.9682943601,419509.8272187561,0.7635831913194533
ASAS15cb,0.04004,5.0,227081.91993224385,458630.7533598435,0.7632015385655156
ASAS15cb,0.04004,5.5,243417.18897124616,491223.4485781636,0.7623196172461442
ASAS15cb,0.04004,6.0,258523.59875585325,520801.7483225449,0.7604306015736566
ASAS15cb,0.04004,6.5,272682.72585828346,548036.3393464014,0.7578793250227203
ASAS15cb,0.04004,7.0,286470.7800162896,574256.9047735395,0.7550647380161875
ASAS15cb,0.04004,7.5,300780.29734193685,601246.2528191917,0.7520074959641254
ASAS15cb,0.04004,8.0,315961.1271361449,629457.4761541652,0.748331854153101
ASAS15cb,0.04004,8.5,330661.3002836796,657317.4042787892,0.7459794058702839
ASAS15cb,0.04004,9.0,343302.0424732329,680163.2461825052,0.7423419327471324
ASAS15cb,0.04004,9.5,352506.5586587608,698312.2820876567,0.7422061969918645
ASAS15cb,0.04004,10.0,359274.01473981736,712013.0795871436,0.7426554114451666
ASAS15cd,0.03435,1.0,23180.132297652253,44510.997524134335,0.7083785423367464
ASAS15cd,0.03435,1.5,50093.7226080682,98238.52005606,0.7312462618236554
ASAS15cd,0.03435,2.0,93281.33884649017,185164.4847504194,0.7444073005352394
ASAS15cd,0.03435,2.5,156970.93242880324,318405.2540978588,0.7679024687384632
ASAS15cd,0.03435,3.0,219022.3076167869,438299.3156499246,0.7532061054635869
ASAS15cd,0.03435,3.5,260856.58426347884,516562.6169897546,0.7418029260372951
ASAS15cd,0.03435,4.0,287748.7233121519,569282.1715542276,0.7407854440558623
ASAS15cd,0.03435,4.5,306198.47700146405,606410.0730107602,0.7419084511709261
ASAS15cd,0.03435,5.0,319534.77855220024,634185.153783604,0.7442448420292903
ASAS15cd,0.03435,5.5,330224.74196838395,657007.7496754838,0.7469022069243353
ASAS15cd,0.03435,6.0,338848.270623265,676415.3225024313,0.7505204085465875
ASAS15cd,0.03435,6.5,346677.63089906523,693757.4857132634,0.7532046554651656
ASAS15cd,0.03435,7.0,354135.4417532992,709579.5580195929,0.7545792565507605
ASAS15cd,0.03435,7.5,361189.69961277104,727256.5300686146,0.7598806821329389
ASAS15cd,0.03435,8.0,371720.62408926006,761367.243774889,0.778443826622113
ASAS15cd,0.03435,8.5,379396.394779506,784234.2784660829,0.7883815536992387
ASAS15cd,0.03435,9.0,383249.9667193039,792831.8783057764,0.7892474454858116
ASAS15cd,0.03435,9.5,386228.784615113,798585.1520730456,0.7886914842804281
ASAS15cd,0.03435,10.0,388262.9958427392,803338.0203997773,0.7894308012691167
ASAS15da,0.048,1.0,14269.015704361253,42541.70334760946,1.186052147252867
ASAS15da,0.048,1.5,23577.217003097645,70487.50457387541,1.189048987622999
ASAS15da,0.048,2.0,30423.553642923293,90136.95392999932,1.179232341985973
ASAS15da,0.048,2.5,35172.95540589015,104584.77476627186,1.1831490100583557
ASAS15da,0.048,3.0,38782.24968501432,115721.5623437716,1.1869532257520128
ASAS15da,0.048,3.5,41555.299091024055,124347.14207057258,1.1900234891650303
ASAS15da,0.048,4.0,43778.85654032153,131295.5060891119,1.192463618760695
ASAS15da,0.048,4.5,45624.31306079333,137286.4784495077,1.1960785661009243
ASAS15da,0.048,5.0,47000.43366916914,142215.9534477791,1.202116130239232
ASAS15da,0.048,5.5,48252.75744035383,146372.37076292472,1.2048424264765254
ASAS15da,0.048,6.0,49259.75645376498,150148.2983725984,1.210070386023458
ASAS15da,0.048,6.5,50296.978675224775,153519.59057874035,1.2115547640306392
ASAS15da,0.048,7.0,51280.09199114854,156336.45835470222,1.2102786840927124
ASAS15da,0.048,7.5,52157.228599334674,159348.3633127008,1.2125827506459295
ASAS15da,0.048,8.0,52941.56849567949,162927.09406629644,1.220491269077835
ASAS15da,0.048,8.5,54018.045916741146,166378.471425322,1.2213956507030996
ASAS15da,0.048,9.0,56441.26518569976,169760.212827895,1.1955979267697934
ASAS15da,0.048,9.5,57790.54874875146,173822.47614877505,1.1956227848915932
ASAS15da,0.048,10.0,58963.36576305098,178813.14568302597,1.2045429432167005
ASAS15dd,0.02437,1.0,42941.80166210197,142139.05865106743,1.2995829329995854
ASAS15dd,0.02437,1.5,96925.08621156144,319606.1029203335,1.2954471691537468
ASAS15dd,0.02437,2.0,144673.02586210225,462117.3208066688,1.260911704717615
ASAS15dd,0.02437,2.5,181952.01457902108,573484.1531535779,1.2464113831346553
ASAS15dd,0.02437,3.0,213722.8399674959,668310.727030814,1.2378187388316642
ASAS15dd,0.02437,3.5,241724.33693496537,751623.4087693765,1.2316997995478238
ASAS15dd,0.02437,4.0,266018.0847174932,825007.4705110601,1.228866797118559
ASAS15dd,0.02437,4.5,287517.4312567816,889398.0667661271,1.2260800035296078
ASAS15dd,0.02437,5.0,305869.3884823459,944953.2650878588,1.2246857879020336
ASAS15dd,0.02437,5.5,322013.37287816725,993877.3643781558,1.2236472294092329
ASAS15dd,0.02437,6.0,336029.83974628523,1034770.3964709416,1.2211653768676558
ASAS15dd,0.02437,6.5,348000.7108558249,1069789.420784972,1.2192954193510495
ASAS15dd,0.02437,7.0,358360.6659361114,1099973.9254558843,1.2176551387515684
ASAS15dd,0.02437,7.5,367441.6558703634,1125560.4033171523,1.2154510421624207
ASAS15dd,0.02437,8.0,375742.9137114576,1147102.858884269,1.2117789083531114
ASAS15dd,0.02437,8.5,382025.7761894831,1165786.3463502226,1.2113157444679348
ASAS15dd,0.02437,9.0,390167.4419081927,1189848.717090662,1.2106018011135036
ASAS15dd,0.02437,9.5,394828.8903722854,1204844.550674588,1.2113052361140682
ASAS15dd,0.02437,10.0,398540.2590454648,1214819.0520105714,1.210098488974603
ASAS15eb,0.01648,1.0,308046.63087657053,1006729.7248708162,1.2857410715009365
ASAS15eb,0.01648,1.5,469533.7946215551,1528115.3314707791,1.2812231924645467
ASAS15eb,0.01648,2.0,594519.3366354073,1931182.910805573,1.2791435628203196
ASAS15eb,0.01648,2.5,695305.1891877281,2257081.1608452727,1.278429263106654
ASAS15eb,0.01648,3.0,784022.4483168882,2537537.848330339,1.275210077374393
ASAS15eb,0.01648,3.5,861313.8430116508,2783433.280417622,1.2735484709525045
ASAS15eb,0.01648,4.0,928264.757026816,2998546.08207488,1.273097163507006
ASAS15eb,0.01648,4.5,1015168.3513780691,3244891.267482299,1.261655197080533
ASAS15eb,0.01648,5.0,1103601.1162077056,3519350.8744533155,1.2591260912370879
ASAS15eb,0.01648,5.5,1162666.716926576,3687387.4798508175,1.2531588410854944
ASAS15eb,0.01648,6.0,1199190.866720466,3807570.249065945,1.254399031419307
ASAS15eb,0.01648,6.5,1229619.9199659252,3912536.480911843,1.2567187745478379
ASAS15eb,0.01648,7.0,1254375.1293058184,3997847.035378656,1.258496846582623
ASAS15eb,0.01648,7.5,1280372.8893950928,4080134.931395628,1.2583451394152887
ASAS15eb,0.01648,8.0,1329777.7359374631,4221172.041073528,1.2541349887796625
ASAS15eb,0.01648,8.5,1345592.972936305,4278644.507229562,1.2559812350301116
ASAS15eb,0.01648,9.0,1366791.016446472,4338431.158790937,1.2540764873133554
ASAS15eb,0.01648,9.5,1451196.2298317146,4608149.006812313,1.2545009308503239
ASAS15eb,0.01648,10.0,1463809.81462606,4660357.508832891,1.2573364479493119
ASAS15fr,0.03344,1.0,5371.459119284317,12189.718077323716,0.8897534665722534
ASAS15fr,0.03344,1.5,13007.6303202167,29086.134581596896,0.8737195589778994
ASAS15fr,0.03344,2.0,24762.42002578996,54012.72642796059,0.8467575350339974
ASAS15fr,0.03344,2.5,38991.98457831778,82258.42269566229,0.8105125939696454
ASAS15fr,0.03344,3.0,54489.32866205538,111672.43256552768,0.7790862982559542
ASAS15fr,0.03344,3.5,70581.51445784875,142338.19578619956,0.7615762097172192
ASAS15fr,0.03344,4.0,87554.22100957348,173368.9797388843,0.7417357626142824
ASAS15fr,0.03344,4.5,104083.5482691625,203285.22807694,0.7268093304632041
ASAS15fr,0.03344,5.0,120991.14628371169,233422.73167416005,0.7134738896650984
ASAS15fr,0.03344,5.5,138556.05054365008,264131.28806491406,0.7004858842628152
ASAS15fr,0.03344,6.0,156445.09440554254,293866.19484091114,0.684469199548491
ASAS15fr,0.03344,6.5,172535.71200240363,321006.76874660584,0.6740879740877083
ASAS15fr,0.03344,7.0,186802.35816978355,345189.18016167707,0.6666870500856791
ASAS15fr,0.03344,7.5,200690.4073053416,367981.6679642373,0.6582489231177814
ASAS15fr,0.03344,8.0,213469.25415161005,389292.64475614624,0.652352164002687
ASAS15fr,0.03344,8.5,224426.4303648173,408040.4931607517,0.6490731549446636
ASAS15fr,0.03344,9.0,233867.88865682116,424331.4423520264,0.6468365466712238
ASAS15fr,0.03344,9.5,242921.33564184132,439658.15384816926,0.6441236790673115
ASAS15fr,0.03344,10.0,251388.09454598077,453531.5658805018,0.6406570331983958
ASAS15ga,0.00663,1.0,1912977.5430903872,5714941.827941491,1.1882548558180654
ASAS15ga,0.00663,1.5,2751417.072704184,8201155.489890746,1.1857965455268047
ASAS15ga,0.00663,2.0,3517404.4427251355,10438255.421463585,1.1810140298252332
ASAS15ga,0.00663,2.5,4195025.213486358,12394472.06039874,1.1762336435036538
ASAS15ga,0.00663,3.0,4775707.971749613,14074278.711793149,1.173470961692194
ASAS15ga,0.00663,3.5,5277292.395106939,15522676.706832552,1.17138863744746
ASAS15ga,0.00663,4.0,5706822.247758592,16780781.459291052,1.1710445896182389
ASAS15ga,0.00663,4.5,6088894.461779771,17886979.026798043,1.169996378067894
ASAS15ga,0.00663,5.0,6426941.740683433,18881413.43485981,1.1700753467882925
ASAS15ga,0.00663,5.5,6723860.352610144,19771834.024066266,1.1710706776549011
ASAS15ga,0.00663,6.0,7002521.798177118,20604418.507017218,1.1717647326590832
ASAS15ga,0.00663,6.5,8923272.887616767,24186238.869031653,1.0826104079019603
ASAS15ga,0.00663,7.0,9251010.26633618,25185233.193136625,1.0873920337044134
ASAS15ga,0.00663,7.5,9465290.051051537,25832558.685583115,1.090083744515445
ASAS15ga,0.00663,8.0,9667184.512029838,26441483.27123801,1.0924645150957466
ASAS15ga,0.00663,8.5,9862669.667308828,27024263.061923645,1.094398430883693
ASAS15ga,0.00663,9.0,10058575.06239215,27606702.118316777,1.0961951698859975
ASAS15ga,0.00663,9.5,10237203.008665118,28128009.67059832,1.0973942176654663
ASAS15ga,0.00663,10.0,10393502.813695587,28603209.38558505,1.0991320683643722
ASAS15go,0.01892,1.0,35793.90566967292,85800.2500315855,0.9491986605033684
ASAS15go,0.01892,1.5,80081.0132009888,193555.78645789396,0.9581915000937885
ASAS15go,0.01892,2.0,139971.24220099268,339817.24490321416,0.963016494098619
ASAS15go,0.01892,2.5,193721.95499418827,469466.8505323989,0.9610652214491349
ASAS15go,0.01892,3.0,239214.11254774997,577355.5941665545,0.9566414517485838
ASAS15go,0.01892,3.5,279096.9476149565,671475.7577288004,0.953188127942507
ASAS15go,0.01892,4.0,309926.56887973053,746413.8735704443,0.9543022367656213
ASAS15go,0.01892,4.5,331844.8628168905,800533.9850756292,0.9561116872405964
ASAS15go,0.01892,5.0,349476.63972173113,844005.060944254,0.9573172489225724
ASAS15go,0.01892,5.5,364323.4587068391,880060.9915897759,0.9575640879814961
ASAS15go,0.01892,6.0,376481.57174295,909662.5912384182,0.9578415307783819
ASAS15go,0.01892,6.5,386053.5809486172,932954.807912352,0.9580325547867781
ASAS15go,0.01892,7.0,393929.6797423692,951069.2048203072,0.9569835416730165
ASAS15go,0.01892,7.5,400387.1083488095,966715.0457543966,0.957045980707276
ASAS15go,0.01892,8.0,405598.5913418728,979524.6623260464,0.9572973426556282
ASAS15go,0.01892,8.5,414660.8581210656,1001764.3766921656,0.95768135441301
ASAS15go,0.01892,9.0,419455.004503565,1011232.0747748968,0.9554136400359421
ASAS15go,0.01892,9.5,422073.0190838986,1016719.0316712116,0.9545334054877836
ASAS15go,0.01892,10.0,425423.0927341234,1023760.241529811,0.9534429972634217
ASAS15gr,0.024,1.0,2621.558837202074,5005.820654111628,0.7022891914758906
ASAS15gr,0.024,1.5,6305.493691537955,11569.124749880248,0.6589535214232578
ASAS15gr,0.024,2.0,11000.981983030528,20427.17007316424,0.6719418784120397
ASAS15gr,0.024,2.5,16250.285579794989,29989.95397250338,0.6652870040504698
ASAS15gr,0.024,3.0,22128.736541081213,41279.69901554095,0.676949759539906
ASAS15gr,0.024,3.5,30018.31250295044,55530.27904188456,0.6678589533773374
ASAS15gr,0.024,4.0,41046.84782442671,75462.01084820736,0.6611214061526751
ASAS15gr,0.024,4.5,53831.03262503172,99018.24959141725,0.661706334808182
ASAS15gr,0.024,5.0,67835.4616997908,124671.75971225036,0.6607782606368378
ASAS15gr,0.024,5.5,129250.1509381325,225239.66401498407,0.603034529768194
ASAS15gr,0.024,6.0,442714.2130041244,894977.591705973,0.7642217419106724
ASAS15gr,0.024,6.5,551818.2326464155,1130341.8937945208,0.7785344455241732
ASAS15gr,0.024,7.0,571134.7331129506,1169601.0212898648,0.7782479164749224
ASAS15gr,0.024,7.5,583745.2023367593,1194396.8616692373,0.7773133234121354
ASAS15gr,0.024,8.0,595238.3696932186,1217198.1526394198,0.7766759150763592
ASAS15gr,0.024,8.5,606802.794241156,1240365.4774679977,0.7762552455683338
ASAS15gr,0.024,9.0,619233.3352545006,1265726.7588407958,0.776214084827296
ASAS15gr,0.024,9.5,634060.2875623003,1295637.9563613834,0.7758827726841423
ASAS15gr,0.024,10.0,649157.9752626148,1325338.546472184,0.7749410806745695
ASAS15hf,0.00618,1.0,605434.3548144893,1617030.5282191497,1.0666278953748678
ASAS15hf,0.00618,1.5,790311.7368330676,2107135.7054988723,1.064735186637014
ASAS15hf,0.00618,2.0,910547.0206090434,2424995.0060709706,1.0635211772841417
ASAS15hf,0.00618,2.5,986586.4241539089,2628146.1100957952,1.0637859269754444
ASAS15hf,0.00618,3.0,1032432.0080561644,2751519.770347975,1.0642779433531286
ASAS15hf,0.00618,3.5,1059282.703443082,2827931.433277368,1.0661424857563875
ASAS15hf,0.00618,4.0,1079606.3622464908,2885174.9479211923,1.0672667932487012
ASAS15hf,0.00618,4.5,1361065.182055814,3497250.0257194885,1.0246193944259951
ASAS15hf,0.00618,5.0,1379697.2536916686,3542553.785283409,1.0238316321929677
ASAS15hf,0.00618,5.5,1386650.673584937,3562895.2732104342,1.0245899751203713
ASAS15hf,0.00618,6.0,1390498.762870122,3578828.3771141865,1.0264256636728928
ASAS15hf,0.00618,6.5,1392236.6905654422,3585657.3697328684,1.027139282570468
ASAS15hf,0.00618,7.0,1397652.980298554,3603380.5965749766,1.028276951780257
ASAS15hf,0.00618,7.5,1398649.6572305616,3609638.4032510086,1.0293868881279522
ASAS15hf,0.00618,8.0,1415338.0531797162,3652027.294777947,1.029184578360121
ASAS15hf,0.00618,8.5,1555374.066615547,3986933.3712376063,1.022010310943229
ASAS15hf,0.00618,9.0,1569700.879321481,4018696.945334356,1.0206708880277857
ASAS15hf,0.00618,9.5,1787824.0314386846,4483986.275108349,0.9983487598973164
ASAS15hf,0.00618,10.0,1789393.9663921176,4491563.178397572,0.9992288605718147
ASAS15hg,0.02977,1.0,2653.021439518154,7743.443483953727,1.162983433417498
ASAS15hg,0.02977,1.5,6195.907001418843,17884.884249534756,1.1509531080939193
ASAS15hg,0.02977,2.0,11379.300046965904,32831.710625387735,1.1504449058424813
ASAS15hg,0.02977,2.5,18513.50956599383,52960.78547177023,1.1411641569057098
ASAS15hg,0.02977,3.0,27839.80613873132,78901.73844809947,1.1310509135005755
ASAS15hg,0.02977,3.5,39550.016671576566,111805.66500953044,1.1282928454848327
ASAS15hg,0.02977,4.0,54546.0326561916,153580.28557221472,1.1239307565962666
ASAS15hg,0.02977,4.5,75319.47398721465,213838.491747318,1.1329465105759744
ASAS15hg,0.02977,5.0,105624.81028503852,305150.738020789,1.1518712068542616
ASAS15hg,0.02977,5.5,144953.430180546,427388.3163640073,1.1739853714839323
ASAS15hg,0.02977,6.0,183259.3694052633,541191.560604716,1.175712069301991
ASAS15hg,0.02977,6.5,212563.486525273,625895.9115670167,1.172533624539169
ASAS15hg,0.02977,7.0,234984.76285979289,689175.9735871082,1.1682260656351375
ASAS15hg,0.02977,7.5,252634.52890686577,738299.2246092173,1.1643492617330962
ASAS15hg,0.02977,8.0,267082.90810528473,778081.4757348696,1.1609474489080946
ASAS15hg,0.02977,8.5,278875.1533081362,810130.6792220523,1.1578631423667294
ASAS15hg,0.02977,9.0,288392.5551725201,836743.7716117994,1.1565211085164135
ASAS15hg,0.02977,9.5,296315.97207100975,859735.240167835,1.1565241678009825
ASAS15hg,0.02977,10.0,303179.7093042427,879794.6178199451,1.1567029215601177
ASAS15hx,0.0081,1.0,24827.44537935341,47488.94086458903,0.704151121510951
ASAS15hx,0.0081,1.5,38998.95979112976,75316.35044341262,0.714590610406308
ASAS15hx,0.0081,2.0,47998.040760183125,91308.96806193716,0.6982248109562395
ASAS15hx,0.0081,2.5,52349.126372839135,99299.50054198988,0.6950940642958147
ASAS15hx,0.0081,3.0,56026.60935326357,106943.66434863472,0.7019018010041447
ASAS15hx,0.0081,3.5,59207.03466660027,114726.06544072829,0.718221973101274
ASAS15hx,0.0081,4.0,58443.70188563458,115238.15444356712,0.7371464439224569
ASAS15hx,0.0081,4.5,56096.666792712094,112278.13435784986,0.7533953274776705
ASAS15hx,0.0081,5.0,53965.07653894276,108126.45393546326,0.7545479073658707
ASAS15hx,0.0081,5.5,54328.80301647702,111880.02137237172,0.7843060099750339
ASAS15hx,0.0081,6.0,52644.17081445198,114491.3618954174,0.8435560795074447
ASAS15hx,0.0081,6.5,50890.54712847085,112565.73082588486,0.8619226882267421
ASAS15hx,0.0081,7.0,48488.93287165924,109936.05302467136,0.8887437856378901
ASAS15hx,0.0081,7.5,56412.21729444149,130553.30282927385,0.9110367332136731
ASAS15hx,0.0081,8.0,56545.29047927406,133266.05080099343,0.9308077215562278
ASAS15hx,0.0081,8.5,57326.39548591497,134653.9811626972,0.9271614068800311
ASAS15hx,0.0081,9.0,62660.57528208088,147687.33784616223,0.9308722108805266
ASAS15hx,0.0081,9.5,62725.00774581776,151062.60010113296,0.9542905797964869
ASAS15hx,0.0081,10.0,86614.27007089308,214172.52419467157,0.9829357635843909
CSP12G,0.03697,1.0,688.6870355129547,1232.7563508959388,0.6321383527572986
CSP12G,0.03697,1.5,1604.6107934881222,2953.4013076110177,0.6623818841217312
CSP12G,0.03697,2.0,2980.366605934343,5616.016057247356,0.6878966305819789
CSP12G,0.03697,2.5,4875.418163996831,9394.465764354149,0.712150542684614
CSP12G,0.03697,3.0,7240.027130836615,13824.34306750521,0.7022607728836268
CSP12G,0.03697,3.5,9428.126766917814,18046.9243236249,0.7049444599001669
CSP12G,0.03697,4.0,11616.827900573697,22076.28736194896,0.6970962076605094
CSP12G,0.03697,4.5,14428.368457987925,25730.615764457245,0.6280823878335379
CSP12G,0.03697,5.0,16428.20921864219,29268.65242756585,0.6270312555707698
CSP12G,0.03697,5.5,18538.258286156957,33048.01443387495,0.627691107330314
CSP12G,0.03697,6.0,20818.58038778749,36028.8916300833,0.5954994754593981
CSP12G,0.03697,6.5,22515.52727995217,38628.59239723049,0.5860669026437839
CSP12G,0.03697,7.0,23863.89259477735,40732.78785230476,0.580507123940054
CSP12G,0.03697,7.5,24900.368668347102,42698.8202172329,0.5855252457357283
CSP12G,0.03697,8.0,25689.973186574585,44589.11096029683,0.5986629056957149
CSP12G,0.03697,8.5,26647.87770200669,46258.62390190685,0.5988252068348735
CSP12G,0.03697,9.0,27492.86191140196,47665.51662997516,0.5974608845185282
CSP12G,0.03697,9.5,28018.300856367365,48543.87643320127,0.5967316481504139
CSP12G,0.03697,10.0,28407.269632114647,49241.16384838373,0.5972470393989788
CSP12J,0.0147,1.0,196097.29349503963,568659.6955639101,1.1559521213979704
CSP12J,0.0147,1.5,278897.8096778896,800218.5806001944,1.1444088191735142
CSP12J,0.0147,2.0,332500.6640179106,949646.0297102795,1.1394230998343042
CSP12J,0.0147,2.5,377137.34153345856,1074354.2459610573,1.1366199229355574
CSP12J,0.0147,3.0,424382.325531731,1198068.166805628,1.1268106015120698
CSP12J,0.0147,3.5,459897.8353281775,1288005.13714871,1.118140574430919
CSP12J,0.0147,4.0,488505.0471945122,1359040.3756875966,1.110908260479702
CSP12J,0.0147,4.5,512841.02644424816,1419968.689852303,1.1057400189882336
CSP12J,0.0147,5.0,534660.0629396202,1476059.495054976,1.1025652940786637
CSP12J,0.0147,5.5,555976.4201808046,1533242.7160381104,1.1013863432329687
CSP12J,0.0147,6.0,567542.3730366282,1566076.9057406983,1.1020369837683828
CSP12J,0.0147,6.5,577003.3528109125,1587449.0384700126,1.098803638489089
CSP12J,0.0147,7.0,585866.7279522264,1609580.2677294286,1.0972845116364134
CSP12J,0.0147,7.5,599411.3567966379,1634123.423502058,1.0888997203115767
CSP12J,0.0147,8.0,612518.6739307853,1655404.487117801,1.0794619860766403
CSP12J,0.0147,8.5,636685.9060831119,1698431.3250025806,1.065306887181577
CSP12J,0.0147,9.0,655167.2726240455,1752159.0993769492,1.0680533581899894
CSP12J,0.0147,9.5,663468.0531120772,1772734.735287971,1.0670593464833318
CSP12J,0.0147,10.0,670530.2362610041,1784337.6039491158,1.0626466545106066
CSP13aam,0.07495,1.0,-101.17559432086588,3.897084515740232,
CSP13aam,0.07495,1.5,-169.28096103494272,2.833542641029112,
CSP13aam,0.07495,2.0,-347.89806601542585,-35.0702879381941,
CSP13aam,0.07495,2.5,-637.9077428238021,-66.50508995804228,
CSP13aam,0.07495,3.0,-941.7524426671168,-115.51459143278088,
CSP13aam,0.07495,3.5,-960.6159953382672,69.12119552188437,
CSP13aam,0.07495,4.0,-716.5050924496902,890.0894319412582,
CSP13aam,0.07495,4.5,-325.22609180148766,2386.297439000816,
CSP13aam,0.07495,5.0,363.9633451457692,4700.120229955237,2.7776282987101384
CSP13aam,0.07495,5.5,1962.0507464979223,8194.932508584694,1.5520878634873638
CSP13aam,0.07495,6.0,4711.86941144206,13575.992808410803,1.1489458842351772
CSP13aam,0.07495,6.5,9710.389614564614,22786.711091161924,0.9261124759009385
CSP13aam,0.07495,7.0,17176.71501141144,35249.8456878572,0.7805427751176226
CSP13aam,0.07495,7.5,24921.98748337444,47338.99001368241,0.6965907859253355
CSP13aam,0.07495,8.0,30392.305167560127,55866.877845261406,0.6609768998196913
CSP13aam,0.07495,8.5,33567.02235703125,62287.16255104119,0.671214323778087
CSP13aam,0.07495,9.0,35732.00566733419,67409.87986585159,0.6891653974129398
CSP13aam,0.07495,9.5,37745.58709088329,72600.35115841134,0.7101813415004914
CSP13aam,0.07495,10.0,39895.70284286911,78513.17030412325,0.7350409844007721
CSP13aao,0.0614,1.0,6841.706471952039,19872.15514767392,1.1577013283827033
CSP13aao,0.0614,1.5,12956.65680072729,39932.037432732606,1.2220712858465417
CSP13aao,0.0614,2.0,18145.58829611048,57775.60130026403,1.2574335528038196
CSP13aao,0.0614,2.5,22316.77132465728,71357.28618525558,1.2620174038666292
CSP13aao,0.0614,3.0,25531.065517439747,81184.52821137289,1.2560108277699247
CSP13aao,0.0614,3.5,28005.330371774675,88642.82425794877,1.2510072110206223
CSP13aao,0.0614,4.0,29962.449883624136,94348.65490749094,1.2453959808783768
CSP13aao,0.0614,4.5,31454.973656876,98803.10090244374,1.2427031229600516
CSP13aao,0.0614,5.0,32752.28410084739,102411.4877747689,1.2377677071475706
CSP13aao,0.0614,5.5,33773.14663436628,105163.77283747638,1.2332365819389743
CSP13aao,0.0614,6.0,34682.55128021567,107909.68170125972,1.2323734360816034
CSP13aao,0.0614,6.5,35606.273909083946,110552.0760535196,1.2301009354221364
CSP13aao,0.0614,7.0,36560.38192656011,112945.58421917484,1.224646330635404
CSP13aao,0.0614,7.5,37245.84179735534,114912.44956198096,1.2232232206086089
CSP13aao,0.0614,8.0,37989.38007459841,116224.85392927918,1.2140920060238034
CSP13aao,0.0614,8.5,38603.944084497314,117542.99138553884,1.208912652760621
CSP13aao,0.0614,9.0,38953.53871347928,118598.55515535537,1.2088312028782346
CSP13aao,0.0614,9.5,39309.39757364751,119205.71559377038,1.2045017273936278
CSP13aao,0.0614,10.0,39488.94681245683,119547.90718906977,1.2026660666836226
CSP13abm,0.02818,1.0,,934.277951067356,
CSP13abm,0.02818,1.5,,1574.2867763050235,
CSP13abm,0.02818,2.0,,3099.2013249521733,
CSP13abm,0.02818,2.5,,4321.779048564907,
CSP13abm,0.02818,3.0,,5428.455888085048,
CSP13abm,0.02818,3.5,,6259.330015140546,
CSP13abm,0.02818,4.0,,8199.893185138239,
CSP13abm,0.02818,4.5,,10719.21766797244,
CSP13abm,0.02818,5.0,,14265.63819439664,
CSP13abm,0.02818,5.5,,18861.06491329564,
CSP13abm,0.02818,6.0,,22557.77212658172,
CSP13abm,0.02818,6.5,,25099.20927634801,
CSP13abm,0.02818,7.0,,27930.73251499899,
CSP13abm,0.02818,7.5,,31437.292787259128,
CSP13abm,0.02818,8.0,,33730.57814554757,
CSP13abm,0.02818,8.5,,36092.15155050208,
CSP13abm,0.02818,9.0,,38202.10800205468,
CSP13abm,0.02818,9.5,,39331.56686269448,
CSP13abm,0.02818,10.0,,38344.08009628992,
CSP14aaq,0.03591,1.0,67967.16508467734,228352.58811565264,1.3157669558912928
CSP14aaq,0.03591,1.5,112282.398568701,370132.05279541615,1.2951125361118736
CSP14aaq,0.03591,2.0,152264.075562187,496733.7810932586,1.2838156142576653
CSP14aaq,0.03591,2.5,188889.90979562068,612147.6933282266,1.2766186453310793
CSP14aaq,0.03591,3.0,223438.50903375732,719506.3480682697,1.269691513140758
CSP14aaq,0.03591,3.5,255631.6449676374,817700.0530338914,1.2624485280919273
CSP14aaq,0.03591,4.0,286057.6247753425,908120.5402848736,1.2542249265509562
CSP14aaq,0.03591,4.5,313455.46561324736,990867.6075279876,1.2495994605799923
CSP14aaq,0.03591,5.0,339172.4420216677,1066980.1993352484,1.244339504232938
CSP14aaq,0.03591,5.5,362849.92547548143,1135035.8351590934,1.2382063374952605
CSP14aaq,0.03591,6.0,382784.5384401763,1194386.7490076425,1.2354764730469787
CSP14aaq,0.03591,6.5,402091.97946961,1253067.351605681,1.234122510923726
CSP14aaq,0.03591,7.0,424612.68334340345,1321643.199460434,1.232803157668568
CSP14aaq,0.03591,7.5,442770.3328738352,1374254.3037015416,1.2297214793439295
CSP14aaq,0.03591,8.0,455293.7403741721,1411640.042622557,1.2285807240998792
CSP14aaq,0.03591,8.5,466010.44154317735,1443345.3855016937,1.2274365509289913
CSP14aaq,0.03591,9.0,476501.004477035,1472384.8773703394,1.2248938193712466
CSP14aaq,0.03591,9.5,484565.6944665429,1496791.552209728,1.224521647475488
CSP14aaq,0.03591,10.0,490582.89236626064,1515367.5959042823,1.2245139920417545
CSP14acy,0.0664,1.0,305.93911096402815,942.827841544666,1.2219934958933745
CSP14acy,0.0664,1.5,659.7861944678637,2175.344708947342,1.2953121544837534
CSP14acy,0.0664,2.0,1089.7232037132933,3884.7521321979048,1.3801177880144158
CSP14acy,0.0664,2.5,1748.9738147585476,6004.760640650501,1.3392809826098786
CSP14acy,0.0664,3.0,2514.719654700919,8459.576277108546,1.3171475861761563
CSP14acy,0.0664,3.5,3284.9285261862638,11182.408852977573,1.3300236059527566
CSP14acy,0.0664,4.0,4037.8005849928577,13800.807888746443,1.3343991094822107
CSP14acy,0.0664,4.5,4787.148929498349,16137.247944986237,1.319381332933762
CSP14acy,0.0664,5.0,5340.237288860225,18124.91152570071,1.326788350846779
CSP14acy,0.0664,5.5,5841.581728741199,19936.30112530898,1.3327853188738246
CSP14acy,0.0664,6.0,6430.435019072559,21769.92152645578,1.324041274007424
CSP14acy,0.0664,6.5,6867.512421846713,23204.31689207778,1.3219233354598035
CSP14acy,0.0664,7.0,7134.018846962285,24515.39728855485,1.3402617083309551
CSP14acy,0.0664,7.5,7407.957994910303,25779.702367146525,1.353948469741203
CSP14acy,0.0664,8.0,7673.637596998053,26625.77750936341,1.3507525342860887
CSP14acy,0.0664,8.5,7798.733223877172,27016.18705978644,1.3489999756860003
CSP14acy,0.0664,9.0,7918.213038480767,27485.062686391124,1.3511738740202226
CSP14acy,0.0664,9.5,7947.015817179535,27772.404737513647,1.3585235208942645
CSP14acy,0.0664,10.0,8051.268713516591,27907.377936497855,1.3496367806812435
CSP14ade,0.06246,1.0,1991.550816801967,6682.497934917545,1.3143686019728733
CSP14ade,0.06246,1.5,4490.347011589608,15462.843197763936,1.3425236189150616
CSP14ade,0.06246,2.0,8022.708167817999,26778.179191740503,1.308650121778999
CSP14ade,0.06246,2.5,12079.208478582934,39094.87102456067,1.275203269419202
CSP14ade,0.06246,3.0,16379.946496966662,51415.5573550947,1.241955172870167
CSP14ade,0.06246,3.5,20548.748292621327,63332.88074760278,1.2221096758256331
CSP14ade,0.06246,4.0,24475.777107482518,74294.16828312591,1.2055455890103457
CSP14ade,0.06246,4.5,28158.24659951509,84199.40592619826,1.1892585482929348
CSP14ade,0.06246,5.0,31519.845493641456,93472.56509124108,1.1802502021916652
CSP14ade,0.06246,5.5,34574.450816303586,101924.5734413276,1.1738090303093303
CSP14ade,0.06246,6.0,37351.143887828366,109786.05755697306,1.1706082075400805
CSP14ade,0.06246,6.5,39840.39823480704,117163.7998392008,1.1711744433474804
CSP14ade,0.06246,7.0,42036.52990107124,123920.34738840986,1.1737894105532736
CSP14ade,0.06246,7.5,44006.28957307348,129734.15080492038,1.1738489030619454
CSP14ade,0.06246,8.0,45759.406357155385,135042.37076143333,1.1749741800608842
CSP14ade,0.06246,8.5,47388.0491365087,139646.32950716332,1.173401737496737
CSP14ade,0.06246,9.0,48865.897627416525,143879.93670155137,1.1724858931544007
CSP14ade,0.06246,9.5,50478.04935923128,148094.93895578664,1.1685941327176212
CSP14ade,0.06246,10.0,52131.77112472531,153592.34242774913,1.1731677098672868
KISS13l,0.13201,1.0,46.027483466138285,54.45366607458127,0.18252473283750045
KISS13l,0.13201,1.5,78.03772168563587,168.93385396287297,0.8385302706578367
KISS13l,0.13201,2.0,81.36819063996907,309.3539764501526,1.4500026100151633
KISS13l,0.13201,2.5,54.3215877263619,351.2022573838017,2.026462108931379
KISS13l,0.13201,3.0,106.85381045767488,397.6601426049253,1.4268051249898868
KISS13l,0.13201,3.5,198.8055274098603,496.8349982159724,0.9944593150009635
KISS13l,0.13201,4.0,319.0766688806559,648.1047749356084,0.769375429302551
KISS13l,0.13201,4.5,510.53727056199904,847.7736418105872,0.5506311438592764
KISS13l,0.13201,5.0,747.3454863572265,1166.6876912075468,0.48358300020452527
KISS13l,0.13201,5.5,1045.6441047042536,1604.510934644081,0.4648969696655095
KISS13l,0.13201,6.0,1391.3216983857808,2340.6310474076254,0.5647635080537785
KISS13l,0.13201,6.5,1868.6221149814469,3485.7164187110197,0.6769264192510351
KISS13l,0.13201,7.0,2536.4748883213374,4959.609026470316,0.7280421867098187
KISS13l,0.13201,7.5,3238.617687742054,6699.699434022932,0.7892390902587281
KISS13l,0.13201,8.0,3927.248390430036,8444.11228005581,0.8311640726089753
KISS13l,0.13201,8.5,4564.839688357275,9857.66784236128,0.8358716252894904
KISS13l,0.13201,9.0,5032.7207599985,11057.074515745751,0.8545935052898722
KISS13l,0.13201,9.5,5320.652011436412,11832.399557258366,0.8677699274748883
KISS13l,0.13201,10.0,5549.586186113859,12137.798509719763,0.8496983084163965
KISS13v,0.08,1.0,129.89597902776882,381.5945081459794,1.1700160205453676
KISS13v,0.08,1.5,334.1586075112895,655.5891333486027,0.7316977346570737
KISS13v,0.08,2.0,514.2251329639482,998.3551368670684,0.7203293942963116
KISS13v,0.08,2.5,703.8306627362996,1282.8523248370464,0.651771206009639
KISS13v,0.08,3.0,861.7473580554597,1431.2500236803105,0.5508388656179736
KISS13v,0.08,3.5,877.6155489136789,1492.705907958628,0.5766748564510951
KISS13v,0.08,4.0,873.384936661135,1550.6008730789956,0.6232358170700332
KISS13v,0.08,4.5,813.3189001168125,1683.8846699216206,0.7901286961911097
KISS13v,0.08,5.0,856.6018843107332,1660.6246489456214,0.7187311363592103
KISS13v,0.08,5.5,892.4456162558839,1530.998736744976,0.5859826793717082
KISS13v,0.08,6.0,1029.6887297466617,1596.585515161394,0.4762155639556532
KISS13v,0.08,6.5,1105.2013235780018,1658.720683821975,0.4408296597039919
KISS13v,0.08,7.0,1139.737312657849,1575.5864519615648,0.35159367839288735
KISS13v,0.08,7.5,1138.2976140509911,1561.4469132344673,0.3431784948504027
KISS13v,0.08,8.0,1146.7952619119433,1672.92647122182,0.4099774080949315
KISS13v,0.08,8.5,1124.0878315942869,1747.1657492891495,0.47883465209593845
KISS13v,0.08,9.0,1098.439320616227,1677.8901078507452,0.4599686069323131
KISS13v,0.08,9.5,1024.7751969817125,1785.9300312633789,0.6030895868238446
KISS13v,0.08,10.0,1920.3730324468536,1814.5063958140008,-0.061567738118861834
KISS15m,0.0243,1.0,,34.54599727992127,
KISS15m,0.0243,1.5,,-201.73945502305287,
KISS15m,0.0243,2.0,,-1129.868387790394,
KISS15m,0.0243,2.5,,-1700.9685180753368,
KISS15m,0.0243,3.0,,-1878.354260060015,
KISS15m,0.0243,3.5,,-2132.391526158237,
KISS15m,0.0243,4.0,,-2332.526339580896,
KISS15m,0.0243,4.5,,-2643.1970418601595,
KISS15m,0.0243,5.0,,-2607.1216274098188,
KISS15m,0.0243,5.5,,-3370.295088281488,
KISS15m,0.0243,6.0,,-4377.588677749449,
KISS15m,0.0243,6.5,,-5033.4255142268485,
KISS15m,0.0243,7.0,,-5290.48293948394,
KISS15m,0.0243,7.5,,-4722.437079428746,
KISS15m,0.0243,8.0,,-2803.143057788344,
KISS15m,0.0243,8.5,,-77.71533176275989,
KISS15m,0.0243,9.0,,3994.529303981239,
KISS15m,0.0243,9.5,,5014.455529692103,
KISS15m,0.0243,10.0,,6091.196989253862,
LSQ11bk,0.037,1.0,904.4825394963524,1443.7925579093628,0.5077615285411193
LSQ11bk,0.037,1.5,1818.499647013683,2747.1871855417758,0.44793757733074835
LSQ11bk,0.037,2.0,2610.8862186936494,3912.9391665973744,0.43928787556874876
LSQ11bk,0.037,2.5,2921.4230141916,4465.27561874871,0.4606345616046159
LSQ11bk,0.037,3.0,3103.24907635914,4591.379437472313,0.42531637525190213
LSQ11bk,0.037,3.5,3252.3168354701475,4713.984704076607,0.4029883043523693
LSQ11bk,0.037,4.0,3431.4586939314167,4839.100548526627,0.37321467668085284
LSQ11bk,0.037,4.5,3421.1971698007333,4692.2043665619,0.3429970381104058
LSQ11bk,0.037,5.0,3098.50190498868,5185.459479226881,0.559088693516696
LSQ11bk,0.037,5.5,3170.138733284966,5369.1766196676135,0.5720735547647616
LSQ11bk,0.037,6.0,3195.012415006888,6022.582559608647,0.688275530279458
LSQ11bk,0.037,6.5,3195.407597540027,6748.587397355655,0.8117165327947663
LSQ11bk,0.037,7.0,3196.210806450876,6791.646432784531,0.8183491332543662
LSQ11bk,0.037,7.5,3205.543429010761,6991.633374010335,0.8466924541148306
LSQ11bk,0.037,8.0,3434.903147522968,6975.1082057510175,0.7690911332733847
LSQ11bk,0.037,8.5,3366.143875158912,6867.005675047954,0.7740868293160195
LSQ11bk,0.037,9.0,3427.4858023823995,6702.091645406762,0.728086744133296
LSQ11bk,0.037,9.5,3661.009377697917,6292.942204046681,0.5881322544146391
LSQ11bk,0.037,10.0,3656.6741916162096,6542.687188245828,0.6316747255223899
LSQ11ot,0.027,1.0,6798.22261138055,17694.214811076403,1.0385897842554794
LSQ11ot,0.027,1.5,13679.391098334298,34932.11150389685,1.017895178530091
LSQ11ot,0.027,2.0,21656.5979862514,55299.50201377003,1.0178274640900824
LSQ11ot,0.027,2.5,29445.995978503284,74679.11095539638,1.0104322266324284
LSQ11ot,0.027,3.0,37477.680782622665,94585.91067138604,1.0051343545404943
LSQ11ot,0.027,3.5,45948.48355969802,116032.93427014332,1.005775230042968
LSQ11ot,0.027,4.0,54379.861700568974,138812.55421281265,1.0174766168857812
LSQ11ot,0.027,4.5,63730.91721801567,162902.9426428278,1.0189469011749566
LSQ11ot,0.027,5.0,73792.99987686938,189647.92013316436,1.0248322956514957
LSQ11ot,0.027,5.5,84833.82898307237,218590.6070784944,1.0276560671203152
LSQ11ot,0.027,6.0,96554.56312697472,251688.78941033463,1.0402276717315586
LSQ11ot,0.027,6.5,108659.90879705518,284408.35955700127,1.0446825529970791
LSQ11ot,0.027,7.0,120198.93646614384,316274.03202139115,1.0504072755586253
LSQ11ot,0.027,7.5,130522.4847785102,344427.8865791737,1.053532434737779
LSQ11ot,0.027,8.0,139709.61702451116,367938.2530936319,1.0513715997828292
LSQ11ot,0.027,8.5,147313.61317175467,388154.21985611407,1.0519035759574678
LSQ11ot,0.027,9.0,154090.88197014882,405970.1238400796,1.051792833009311
LSQ11ot,0.027,9.5,160217.1888409203,422052.1658866551,1.0516425648876542
LSQ11ot,0.027,10.0,166002.48982293368,436546.88791620167,1.0497907364876744
LSQ11pn,0.033,1.0,6687.529578860688,17385.57161004252,1.0373081456391693
LSQ11pn,0.033,1.5,14707.212501455542,39392.5377979374,1.0697089822628654
LSQ11pn,0.033,2.0,25513.076732428766,67737.36276368843,1.0601636222934978
LSQ11pn,0.033,2.5,39614.436700846265,103684.59681681335,1.0446518959868638
LSQ11pn,0.033,3.0,57953.14711849464,148914.15561222594,1.0246473954034956
LSQ11pn,0.033,3.5,81394.25361354304,205065.07232173835,1.0032448762178745
LSQ11pn,0.033,4.0,112012.49156662596,277519.74190219765,0.9850685632484355
LSQ11pn,0.033,4.5,153531.21032907983,379110.8141287851,0.9814237481184547
LSQ11pn,0.033,5.0,205361.05145276143,518490.2997152334,1.0055563911144791
LSQ11pn,0.033,5.5,253787.69258715963,656598.4334239286,1.0320732125446146
LSQ11pn,0.033,6.0,290065.5650001479,763283.0053590797,1.0504735451168692
LSQ11pn,0.033,6.5,317711.1218959277,842190.1815956313,1.058444389718951
LSQ11pn,0.033,7.0,340129.5012107268,905319.6536353416,1.0628941159943488
LSQ11pn,0.033,7.5,358764.79161261977,958572.1645498693,1.0670374946047743
LSQ11pn,0.033,8.0,374675.3622482561,1004626.6964410972,1.070873947069066
LSQ11pn,0.033,8.5,389345.6726501135,1046367.9436392048,1.0733726851961243
LSQ11pn,0.033,9.0,402786.5738585016,1085017.353383453,1.0759042461711943
LSQ11pn,0.033,9.5,414077.9193488121,1118476.4625189507,1.0788619417769802
LSQ11pn,0.033,10.0,423177.8402659113,1146119.8477772628,1.0817677891665631
LSQ12agq,0.064,1.0,239.0373720248584,551.6926645402962,0.9080785099107169
LSQ12agq,0.064,1.5,665.2373520127819,1226.7799075428354,0.6644750705770484
LSQ12agq,0.064,2.0,1467.6581600954464,3015.162136878012,0.7817143930539117
LSQ12agq,0.064,2.5,2910.8225779236163,6229.851479508822,0.8261548956434326
LSQ12agq,0.064,3.0,5243.447537869134,11343.632969155551,0.8378380976267839
LSQ12agq,0.064,3.5,8261.303811708525,18172.0050791119,0.855885639435714
LSQ12agq,0.064,4.0,11589.899510573196,26244.33197250249,0.8873896304573654
LSQ12agq,0.064,4.5,14929.861030522216,34213.19255388616,0.9003445909140713
LSQ12agq,0.064,5.0,17938.8211094354,41178.30186909044,0.902186335026396
LSQ12agq,0.064,5.5,20471.24061724398,46908.317574149136,0.9002642343209741
LSQ12agq,0.064,6.0,22359.47312627085,50832.14375387342,0.8916921498990225
LSQ12agq,0.064,6.5,23424.62732048697,53049.11905972181,0.8875137156061679
LSQ12agq,0.064,7.0,24146.74712971656,54498.55635043509,0.8838159100042677
LSQ12agq,0.064,7.5,24601.41590648081,54932.43667308509,0.8721719014462557
LSQ12agq,0.064,8.0,24960.3700815063,55477.00846613173,0.8671550349063105
LSQ12agq,0.064,8.5,25123.39921585345,55867.17451284529,0.8676957700151058
LSQ12agq,0.064,9.0,25576.022517250003,57000.34960368067,0.8701112843662328
LSQ12agq,0.064,9.5,25820.00887766365,57503.09711152399,0.8693371228176207
LSQ12agq,0.064,10.0,25593.413951731472,57278.08153896383,0.8746506057266361
LSQ12aor,0.093,1.0,516.5370646544777,984.169604457689,0.6999211443261146
LSQ12aor,0.093,1.5,1284.8673422184584,2312.1134760548057,0.6378771357261459
LSQ12aor,0.093,2.0,2274.638003550021,4281.117084963605,0.6866120368355528
LSQ12aor,0.093,2.5,3544.6529472000025,6799.037685155213,0.707184320035748
LSQ12aor,0.093,3.0,5052.066078205216,9784.990268656496,0.7177284395771792
LSQ12aor,0.093,3.5,6765.965008543742,13220.238606155424,0.7272738654604156
LSQ12aor,0.093,4.0,8565.032577745913,17067.46668237736,0.7486001113906249
LSQ12aor,0.093,4.5,10667.358250401998,21360.42967661788,0.7538827597987858
LSQ12aor,0.093,5.0,13065.181824958338,25928.174669473403,0.744141214137821
LSQ12aor,0.093,5.5,15877.997285053263,31496.81321809195,0.7436772291318207
LSQ12aor,0.093,6.0,18927.544755404037,37952.54399315444,0.755366526455004
LSQ12aor,0.093,6.5,22269.05114533988,45272.46874658497,0.7703311621852009
LSQ12aor,0.093,7.0,25512.94876624562,52948.34603393735,0.7927293538151702
LSQ12aor,0.093,7.5,28629.0263561103,60003.244231225486,0.8034203847890593
LSQ12aor,0.093,8.0,31691.06732269721,66782.81929458524,0.8093197079829351
LSQ12aor,0.093,8.5,34962.91199851609,73275.14960828396,0.803372791859846
LSQ12aor,0.093,9.0,38181.35342589037,79639.55989926303,0.7981938312126742
LSQ12aor,0.093,9.5,41394.473751629805,86000.7707240411,0.7938999438981789
LSQ12aor,0.093,10.0,44062.68507168911,91750.3871390383,0.7963423674159471
LSQ12bld,0.083,1.0,17.806484871541514,157.1391530267043,2.364265532308243
LSQ12bld,0.083,1.5,45.62710601039541,408.8676684452749,2.3808996151313173
LSQ12bld,0.083,2.0,150.62885757919446,740.7798480504324,1.7294524428778044
LSQ12bld,0.083,2.5,323.6192585946379,1286.48676320522,1.4984274086948912
LSQ12bld,0.083,3.0,410.9385825587059,1864.217615860645,1.6417992222875586
LSQ12bld,0.083,3.5,618.3835513897391,2613.494373529536,1.5649091008906368
LSQ12bld,0.083,4.0,753.8976225254485,3506.226485243388,1.6688189806253737
LSQ12bld,0.083,4.5,1999.3305226823643,4496.109632210802,0.8798807406561694
LSQ12bld,0.083,5.0,3945.389775932721,5499.3878552478745,0.3605610885715205
LSQ12bld,0.083,5.5,6773.073936767192,6741.516150070616,-0.005070593131424215
LSQ12bld,0.083,6.0,7468.910690248409,8363.389371461893,0.12281262544113555
LSQ12bld,0.083,6.5,7967.261619611557,10097.0681464659,0.25721552281920185
LSQ12bld,0.083,7.0,8776.51410784818,12122.05444993684,0.3506354379250317
LSQ12bld,0.083,7.5,9630.505820645732,14149.115347442472,0.4177004725590769
LSQ12bld,0.083,8.0,10365.224220700478,16616.731846753697,0.5124172756989973
LSQ12bld,0.083,8.5,11403.250962080268,19177.93120508112,0.5644326851034676
LSQ12bld,0.083,9.0,12283.664131857142,22167.767025149056,0.6409850384088521
LSQ12bld,0.083,9.5,13138.244852037016,25037.75353955129,0.7001450218547066
LSQ12bld,0.083,10.0,14356.62380993684,28384.51851663784,0.7400730278172705
LSQ12btn,0.054,1.0,389.2154108212929,1080.0961654853477,1.1081809915501655
LSQ12btn,0.054,1.5,746.7975984451209,2306.2289512928296,1.2242487677206793
LSQ12btn,0.054,2.0,1117.53640831493,3939.251907298542,1.367880182527086
LSQ12btn,0.054,2.5,1479.1475308210286,6066.956771913567,1.5323985191381906
LSQ12btn,0.054,3.0,2239.756983340928,8744.864986042845,1.4788805233576103
LSQ12btn,0.054,3.5,3032.5999700766138,11774.104393102352,1.4727818893488815
LSQ12btn,0.054,4.0,3951.236471119047,15427.643151171907,1.4789164075666406
LSQ12btn,0.054,4.5,5064.603399510926,19940.97656216612,1.4880024521922661
LSQ12btn,0.054,5.0,6669.234133217348,25159.208869774426,1.4415525409692793
LSQ12btn,0.054,5.5,8543.717523046966,31476.69682769536,1.4158556751569855
LSQ12btn,0.054,6.0,10501.013639758014,39258.31195333701,1.4317509977249296
LSQ12btn,0.054,6.5,13310.353112513738,48812.7367479613,1.4108589512840357
LSQ12btn,0.054,7.0,16703.922363625978,60137.44371127449,1.390816251486551
LSQ12btn,0.054,7.5,20600.60981387503,74132.99935849068,1.3903287380837646
LSQ12btn,0.054,8.0,25860.77592563816,90637.11842332991,1.361661346232397
LSQ12btn,0.054,8.5,32198.49932689377,111233.08737381946,1.3459959014609186
LSQ12btn,0.054,9.0,40653.82869332332,137433.50655647798,1.322477936656602
LSQ12btn,0.054,9.5,51439.222078582025,171069.46186201455,1.3046952428290326
LSQ12btn,0.054,10.0,65948.43522026064,217148.31131318532,1.2938799024866463
LSQ12ca,0.098,1.0,130.83093682898698,303.7732388654143,0.9145976512314563
LSQ12ca,0.098,1.5,315.1396108214371,792.136756228557,1.0007429281593665
LSQ12ca,0.098,2.0,567.5635816209476,1701.0790285371895,1.1917749245440152
LSQ12ca,0.098,2.5,967.4969861645998,2890.467880014349,1.1882963171564898
LSQ12ca,0.098,3.0,1484.6456144373767,4431.2074127273045,1.1872481972685287
LSQ12ca,0.098,3.5,2144.406555770369,6239.759053394235,1.159651733960436
LSQ12ca,0.098,4.0,2985.315260055476,8294.46537360382,1.10949549378518
LSQ12ca,0.098,4.5,3837.61319809811,10710.822236705517,1.1144040312379844
LSQ12ca,0.098,5.0,4722.678102484465,13215.21097258637,1.1172143891723805
LSQ12ca,0.098,5.5,5792.305355770824,15929.933925747197,1.09840631432698
LSQ12ca,0.098,6.0,6814.04326425403,18932.44657082989,1.1095046329524385
LSQ12ca,0.098,6.5,7946.282334542784,22431.356203774118,1.1267288506264892
LSQ12ca,0.098,7.0,9303.919073931604,26273.91692971952,1.1271472456303244
LSQ12ca,0.098,7.5,10581.81290783864,30132.62190938995,1.1361921089637343
LSQ12ca,0.098,8.0,11935.226671748203,34312.076824359225,1.146540835365753
LSQ12ca,0.098,8.5,13552.40232838067,38963.41910566547,1.1466019348254488
LSQ12ca,0.098,9.0,15168.207070650788,43615.59303882076,1.1467688326775263
LSQ12ca,0.098,9.5,16723.31156499293,49035.32427728224,1.1679669267414374
LSQ12ca,0.098,10.0,18554.953941829302,54427.40705996684,1.1683944105469959
LSQ12cda,0.13749,1.0,-25.226833998867523,5.686758743213808,
LSQ12cda,0.13749,1.5,-49.54824874404483,51.33191389561,
LSQ12cda,0.13749,2.0,-89.86341790263299,82.32571489402696,
LSQ12cda,0.13749,2.5,-99.25248439499308,110.38285422463156,
LSQ12cda,0.13749,3.0,-103.24767922523483,158.00669290545693,
LSQ12cda,0.13749,3.5,-133.99979069135173,178.26918390262006,
LSQ12cda,0.13749,4.0,-172.50880219341423,251.7462854172128,
LSQ12cda,0.13749,4.5,-156.4921300210242,417.1582137688946,
LSQ12cda,0.13749,5.0,-125.13968129440764,535.6719328660367,
LSQ12cda,0.13749,5.5,-183.48274368401255,699.3884401335577,
LSQ12cda,0.13749,6.0,-222.3054136654265,883.3402513308029,
LSQ12cda,0.13749,6.5,-287.85087042385874,1003.9240748631604,
LSQ12cda,0.13749,7.0,-356.62064253782887,1134.9501873649792,
LSQ12cda,0.13749,7.5,-402.47531918692994,1371.700534504947,
LSQ12cda,0.13749,8.0,-424.19757957129445,1794.4845817391938,
LSQ12cda,0.13749,8.5,-311.8865097041796,2184.1936749512606,
LSQ12cda,0.13749,9.0,-206.51320842213363,2435.136850252501,
LSQ12cda,0.13749,9.5,-66.39916214348887,2772.338753520805,
LSQ12cda,0.13749,10.0,72.1390222003597,3247.030131896632,4.133290168486476
LSQ12cdl,0.111,1.0,373.77403036090686,1013.8788734576284,1.0834423752136981
LSQ12cdl,0.111,1.5,885.1011889767321,2405.672035333501,1.0856087390869613
LSQ12cdl,0.111,2.0,1718.3502053323862,4378.199524986246,1.0154596759520802
LSQ12cdl,0.111,2.5,2872.695272175911,7011.073409471895,0.9687373869464827
LSQ12cdl,0.111,3.0,4337.59225609501,10410.589484135297,0.9505664914861125
LSQ12cdl,0.111,3.5,6151.353326900782,14417.547860978448,0.9248018216280645
LSQ12cdl,0.111,4.0,8218.720064894575,18928.17657692125,0.9057614760115605
LSQ12cdl,0.111,4.5,10392.539073712507,23597.25658886277,0.8903496222552166
LSQ12cdl,0.111,5.0,12488.9809535696,28097.800212255148,0.880363292172953
LSQ12cdl,0.111,5.5,14306.558733602753,32094.929315291472,0.8772531035274987
LSQ12cdl,0.111,6.0,15878.8403293134,35769.946432436715,0.8817487702779793
LSQ12cdl,0.111,6.5,17380.001856339593,39192.93874258835,0.8828950255526822
LSQ12cdl,0.111,7.0,18724.388523921843,42181.5284775524,0.8817866716571792
LSQ12cdl,0.111,7.5,19988.31194256,45064.204343981066,0.8826389725311343
LSQ12cdl,0.111,8.0,21117.70781658231,47887.64895147456,0.8889418478199062
LSQ12cdl,0.111,8.5,22094.27062310571,50362.40563147964,0.8945669935795812
LSQ12cdl,0.111,9.0,23075.83529167876,52176.47582335809,0.8857932789840727
LSQ12cdl,0.111,9.5,23902.98569766804,53811.65992070299,0.8810605931370621
LSQ12cdl,0.111,10.0,24699.56575591301,55450.46090638447,0.8780396059881095
LSQ12fuk,0.02,1.0,16707.275859961563,33440.08410643551,0.7534042940371838
LSQ12fuk,0.02,1.5,27271.17449912828,54097.484627902864,0.7436830747183132
LSQ12fuk,0.02,2.0,35640.41779464798,69755.03955428365,0.7290820072641534
LSQ12fuk,0.02,2.5,41812.28598561176,82362.03952990605,0.7360579507667784
LSQ12fuk,0.02,3.0,46710.04040200385,93042.56155176676,0.7481785387499746
LSQ12fuk,0.02,3.5,51443.0359331045,102160.92611198637,0.7448955762533733
LSQ12fuk,0.02,4.0,56242.2113551046,112069.42478967235,0.7485618868664662
LSQ12fuk,0.02,4.5,61926.569875257126,126771.34535390227,0.7778601856474519
LSQ12fuk,0.02,5.0,102828.78159917433,331004.9193170148,1.2692993956315044
LSQ12fuk,0.02,5.5,186974.61074903735,639098.2098757939,1.3344624082978545
LSQ12fuk,0.02,6.0,191836.0087462893,651215.5906082442,1.3269866481012547
LSQ12fuk,0.02,6.5,193355.48796736624,656400.4865562869,1.3270309780759506
LSQ12fuk,0.02,7.0,196452.11301242744,660786.0309358161,1.317010372517495
LSQ12fuk,0.02,7.5,197906.35025181164,666281.013224779,1.3179942695079474
LSQ12fuk,0.02,8.0,198200.778082195,668326.7918606056,1.3197087909502283
LSQ12fuk,0.02,8.5,198073.84074228324,669364.428110433,1.3220887654658307
LSQ12fuk,0.02,9.0,199637.8033928876,670541.0070509029,1.3154563991472232
LSQ12fuk,0.02,9.5,200627.92509146573,671806.6118184045,1.3121322302901404
LSQ12fuk,0.02,10.0,201383.27017649348,674256.52274939,1.3120044190126374
LSQ12fvl,0.056,1.0,530.7585188385559,1862.6148001490917,1.3630651900945798
LSQ12fvl,0.056,1.5,1518.791758294873,4214.30620165562,1.1080696386545836
LSQ12fvl,0.056,2.0,2528.380788112963,7649.611738728088,1.201992277789104
LSQ12fvl,0.056,2.5,3774.3547403770217,12115.17619533288,1.266217547062982
LSQ12fvl,0.056,3.0,5409.961289731769,17754.49708579891,1.2902855434953042
LSQ12fvl,0.056,3.5,7473.159167042917,24739.75125716333,1.2997277414505066
LSQ12fvl,0.056,4.0,10065.888054426425,33300.38392585177,1.2989928610352521
LSQ12fvl,0.056,4.5,13245.843619337791,43885.29897494812,1.3005985948595342
LSQ12fvl,0.056,5.0,16966.98709750664,56281.21625867898,1.3018968613773083
LSQ12fvl,0.056,5.5,21724.798477948985,71403.92933055086,1.2919158873084107
LSQ12fvl,0.056,6.0,27313.004916969287,89347.93312454404,1.2867875689444785
LSQ12fvl,0.056,6.5,34149.455052692545,111246.20072019448,1.2822535253949892
LSQ12fvl,0.056,7.0,42741.05745288461,138213.6755105802,1.2742643837429768
LSQ12fvl,0.056,7.5,53028.47700799514,171258.23178898983,1.2728557536268679
LSQ12fvl,0.056,8.0,66029.93000040812,212327.0562505291,1.2681612544240433
LSQ12fvl,0.056,8.5,82546.74512127605,263451.56025249546,1.260002053935577
LSQ12fvl,0.056,9.0,102624.67231144568,326376.24830265966,1.2561669062545089
LSQ12fvl,0.056,9.5,124060.19328189651,398304.1437199666,1.2664559278206018
LSQ12fvl,0.056,10.0,143612.66311777075,466320.88634345855,1.2787303301415016
LSQ12fxd,0.031,1.0,334.9043319436323,899.1430364024839,1.0722700500715878
LSQ12fxd,0.031,1.5,397.881963192772,1229.5531733087,1.2249826571684654
LSQ12fxd,0.031,2.0,500.857059401118,1842.10388461108,1.4140007975318338
LSQ12fxd,0.031,2.5,877.0539545378392,2434.6151068839827,1.1085100035536635
LSQ12fxd,0.031,3.0,1271.463668279851,3296.988782724082,1.0345337867736488
LSQ12fxd,0.031,3.5,1921.0692261477184,4872.802508349341,1.0105894875331582
LSQ12fxd,0.031,4.0,2741.3737162539182,6495.6633052735415,0.9366381529136831
LSQ12fxd,0.031,4.5,3338.805700748688,8510.828970406405,1.0159517921828134
LSQ12fxd,0.031,5.0,4157.402560974005,10520.37744683348,1.0080231058393276
LSQ12fxd,0.031,5.5,5009.18640349197,12837.396939739729,1.0217744423712722
LSQ12fxd,0.031,6.0,5881.992526512895,15367.45664915246,1.0426938207536076
LSQ12fxd,0.031,6.5,6744.320482758024,17707.892229118854,1.0480716771882246
LSQ12fxd,0.031,7.0,7403.294573145106,19748.19743866873,1.0652560762242562
LSQ12fxd,0.031,7.5,8477.492548265709,22116.519454428115,1.0411234125745987
LSQ12fxd,0.031,8.0,9298.847634828751,24488.215799652506,1.0513200302212913
LSQ12fxd,0.031,8.5,10173.099495651404,26930.09939015725,1.0569616605434833
LSQ12fxd,0.031,9.0,11568.94695357074,29835.187247323396,1.0285873452822971
LSQ12fxd,0.031,9.5,12740.763297181666,32898.54080901103,1.0299529706616806
LSQ12fxd,0.031,10.0,13985.560556069668,35558.54067934114,1.013160128005167
LSQ12gdj,0.03,1.0,700.2189362555423,1708.8497567764116,0.9686750739404165
LSQ12gdj,0.03,1.5,1037.371148629019,2513.6085172643307,0.9609086851570375
LSQ12gdj,0.03,2.0,1670.7940307966062,3422.0705643759043,0.7784151140229849
LSQ12gdj,0.03,2.5,1993.5259978074344,4717.0322088930025,0.9351173449737349
LSQ12gdj,0.03,3.0,2595.424279998941,6367.698041073624,0.9744352442021474
LSQ12gdj,0.03,3.5,3075.065068672551,7826.974109009242,1.0143489682248474
LSQ12gdj,0.03,4.0,3199.5765331732973,9549.484620949688,1.1872185769651207
LSQ12gdj,0.03,4.5,3281.6513569564413,10170.903845630924,1.228167772252147
LSQ12gdj,0.03,5.0,3103.199443301306,12613.876335714282,1.5225972006191266
LSQ12gdj,0.03,5.5,3858.011637334228,15443.532531206558,1.5059577848329961
LSQ12gdj,0.03,6.0,5448.100002633981,18878.041592705387,1.349279669833259
LSQ12gdj,0.03,6.5,6868.799804756774,22560.328479876483,1.2911613998076423
LSQ12gdj,0.03,7.0,7710.459834403195,25995.25508988189,1.319534510828285
LSQ12gdj,0.03,7.5,8011.6799542668305,28167.52318189631,1.365062670946515
LSQ12gdj,0.03,8.0,8295.670349184988,30585.243459223035,1.416651139947531
LSQ12gdj,0.03,8.5,7221.155832692668,31687.456162988037,1.6057016467176846
LSQ12gdj,0.03,9.0,7803.505182212568,34689.702165232535,1.619777120058232
LSQ12gdj,0.03,9.5,7804.215926610399,37124.3804197604,1.693324843467392
LSQ12gdj,0.03,10.0,9446.559315068604,40208.1340218292,1.5726006574651652
LSQ12gef,0.065,1.0,,-94.71421786190156,
LSQ12gef,0.065,1.5,,-102.1204617420194,
LSQ12gef,0.065,2.0,,-191.7475871585358,
LSQ12gef,0.065,2.5,,-498.34910192849617,
LSQ12gef,0.065,3.0,,-538.8704193104602,
LSQ12gef,0.065,3.5,,-593.3738858364031,
LSQ12gef,0.065,4.0,,-687.1695117971747,
LSQ12gef,0.065,4.5,,-798.9675333525756,
LSQ12gef,0.065,5.0,,-825.2548527110814,
LSQ12gef,0.065,5.5,,-952.4215850892896,
LSQ12gef,0.065,6.0,,-876.212709762176,
LSQ12gef,0.065,6.5,,-1052.1861200295805,
LSQ12gef,0.065,7.0,,-1060.2145313046735,
LSQ12gef,0.065,7.5,,-1373.9219609256074,
LSQ12gef,0.065,8.0,,-1519.8036083381453,
LSQ12gef,0.065,8.5,,-1512.691858880787,
LSQ12gef,0.065,9.0,,-1810.987317679888,
LSQ12gef,0.065,9.5,,-1998.2272299889864,
LSQ12gef,0.065,10.0,,-2217.0442542265982,
LSQ12gln,0.112,1.0,4.823425127513632,32.48306953551752,2.0707538007676862
LSQ12gln,0.112,1.5,-27.69062521024577,103.05372698324987,
LSQ12gln,0.112,2.0,-43.30501803464809,143.51923488179,
LSQ12gln,0.112,2.5,-22.00499882521251,273.7743657115283,
LSQ12gln,0.112,3.0,41.522962743044445,431.3963321553296,2.541470286515925
LSQ12gln,0.112,3.5,42.802407226930605,466.3178201495519,2.5930345438550573
LSQ12gln,0.112,4.0,50.13885926447707,636.4160626753122,2.758916708786991
LSQ12gln,0.112,4.5,143.8701276802625,784.5749394543693,1.8416595073627973
LSQ12gln,0.112,5.0,239.23531388137684,832.6608170109258,1.354107103486971
LSQ12gln,0.112,5.5,300.4369243854293,840.5461606278856,1.117020653414129
LSQ12gln,0.112,6.0,420.8271467518408,1110.2251618881496,1.0532682957616797
LSQ12gln,0.112,6.5,591.5453655933891,1887.681012850496,1.2598513781089349
LSQ12gln,0.112,7.0,744.2457280530563,2496.6539767384147,1.3141050126883271
LSQ12gln,0.112,7.5,1027.5508893108386,2821.5168897832264,1.0966982871899174
LSQ12gln,0.112,8.0,1386.9716038463796,3375.486138169412,0.9656718980198913
LSQ12gln,0.112,8.5,1785.4643461084247,3953.0575562743006,0.8629548887245698
LSQ12gln,0.112,9.0,2298.201448324848,4750.915067710704,0.788472931462235
LSQ12gln,0.112,9.5,2854.551063717461,5909.612952479314,0.7900530539596108
LSQ12gln,0.112,10.0,3527.699419078999,7215.17545122648,0.7768883067887845
LSQ12gpw,0.058,1.0,936.382381466991,1833.870525180248,0.7297885919077902
LSQ12gpw,0.058,1.5,1854.1046490703611,3928.708997669477,0.8152890465427133
LSQ12gpw,0.058,2.0,3307.9175870443337,6428.345452038276,0.7213613153642594
LSQ12gpw,0.058,2.5,5279.848884042612,9208.27245530968,0.6038916702688608
LSQ12gpw,0.058,3.0,6647.283827012062,12200.26623471412,0.6593127130259113
LSQ12gpw,0.058,3.5,8151.950531911062,15769.342964758196,0.7163801576871969
LSQ12gpw,0.058,4.0,9953.34718485608,19948.297841715157,0.7548417271366948
LSQ12gpw,0.058,4.5,12072.966662376755,24670.05977536414,0.7758905009651007
LSQ12gpw,0.058,5.0,14350.397040364223,30001.96796573308,0.800714564763956
LSQ12gpw,0.058,5.5,16800.169574904277,35692.34725457109,0.818153610674142
LSQ12gpw,0.058,6.0,19278.533903163963,41597.456820602034,0.834981940183479
LSQ12gpw,0.058,6.5,21976.9334791288,48163.98871379776,0.8518883807916217
LSQ12gpw,0.058,7.0,24943.949763998346,54930.7123980734,0.8571250206005872
LSQ12gpw,0.058,7.5,28070.75220288032,62148.642278787534,0.8629439872279255
LSQ12gpw,0.058,8.0,31367.73349234636,70256.5727350598,0.8755095518131815
LSQ12gpw,0.058,8.5,35045.79251780232,79216.13519379418,0.8854444117610293
LSQ12gpw,0.058,9.0,38971.82790957304,89277.89863854766,0.8999829586270969
LSQ12gpw,0.058,9.5,43283.36139499179,100525.63218035513,0.9148895803564571
LSQ12gpw,0.058,10.0,47764.29283371478,113044.9786226036,0.9353698095091821
LSQ12gxj,0.036,1.0,200.2335759277508,339.16229202289503,0.5721766452958092
LSQ12gxj,0.036,1.5,197.8066084491458,693.9508751117573,1.3627198277006014
LSQ12gxj,0.036,2.0,457.771841324532,1381.4554462467652,1.1992195206894078
LSQ12gxj,0.036,2.5,841.7464855000146,2078.784616928395,0.9815704564823818
LSQ12gxj,0.036,3.0,1235.0613171661798,3062.795399598609,0.9860736663105283
LSQ12gxj,0.036,3.5,1927.4911014948048,4478.047920615288,0.915240887499963
LSQ12gxj,0.036,4.0,2614.26961456697,6561.722986163323,0.9991687920552074
LSQ12gxj,0.036,4.5,3928.2070454710574,9501.181645433262,0.9589581271449023
LSQ12gxj,0.036,5.0,5134.634282242911,13032.54685189448,1.0112994469164356
LSQ12gxj,0.036,5.5,7286.667690610537,18068.357158917344,0.9859742569794161
LSQ12gxj,0.036,6.0,10587.778957274597,24560.76783628473,0.9135926850404426
LSQ12gxj,0.036,6.5,14937.529580467204,32484.23733008364,0.8434847411786123
LSQ12gxj,0.036,7.0,19345.65467073217,41853.03906288495,0.8378589190902386
LSQ12gxj,0.036,7.5,24661.29675354942,52869.96737455516,0.8279828331032417
LSQ12gxj,0.036,8.0,30155.887461232996,64461.18213406235,0.8248153793614821
LSQ12gxj,0.036,8.5,35393.998658989854,76359.54951990176,0.8348343188202606
LSQ12gxj,0.036,9.0,41030.89754902128,88558.58335478025,0.8352991085104011
LSQ12gxj,0.036,9.5,46691.35707985238,101383.38363631578,0.8418257117985233
LSQ12gxj,0.036,10.0,52910.4851874905,114702.36926973476,0.8400766116970092
LSQ12gyc,0.093,1.0,3.3611900818989056,38.77671266950429,2.655194788076133
LSQ12gyc,0.093,1.5,21.344933469972965,116.66742617271989,1.8441370285287393
LSQ12gyc,0.093,2.0,84.83007461707538,225.2613772587556,1.060342215181088
LSQ12gyc,0.093,2.5,165.97418722033967,364.028258770332,0.8527363694449139
LSQ12gyc,0.093,3.0,262.7928427337697,580.7471577995939,0.8609339003858808
LSQ12gyc,0.093,3.5,368.63905752433857,723.4052991209381,0.7319508466869804
LSQ12gyc,0.093,4.0,535.8663448103733,921.7747822144732,0.5889208515808285
LSQ12gyc,0.093,4.5,665.3401029309566,1224.4237294315508,0.6622200915601211
LSQ12gyc,0.093,5.0,805.6335517470234,1547.028674536353,0.7084020469849677
LSQ12gyc,0.093,5.5,996.6248385733772,1770.3972019267112,0.623847519424243
LSQ12gyc,0.093,6.0,1229.1773312603211,1999.586850163773,0.5283143243468611
LSQ12gyc,0.093,6.5,1387.1503104207368,2205.57479692699,0.503495667618412
LSQ12gyc,0.093,7.0,1487.2414420010189,2287.197937282571,0.46730568031650566
LSQ12gyc,0.093,7.5,1563.8620869702745,2500.865251979203,0.509729603117267
LSQ12gyc,0.093,8.0,1695.3157197358369,2749.85837496516,0.5251493451786544
LSQ12gyc,0.093,8.5,1686.04033635577,2627.396200076648,0.4816440177925102
LSQ12gyc,0.093,9.0,1776.3768456084558,2704.8064280453627,0.45650271548778365
LSQ12gyc,0.093,9.5,1848.8209745092688,2727.486650498892,0.42216943539008894
LSQ12gyc,0.093,10.0,2194.1153269429187,2657.433269655736,0.20800729160748987
LSQ12gzm,0.1,1.0,2.441133149703536,-37.71938906471089,
LSQ12gzm,0.1,1.5,15.03576600038107,-104.07804369027323,
LSQ12gzm,0.1,2.0,-7.22334354591613,-148.1708012928835,
LSQ12gzm,0.1,2.5,-107.67125098358828,-210.5813333169716,
LSQ12gzm,0.1,3.0,-183.1939153908696,-308.3444209493828,
LSQ12gzm,0.1,3.5,-368.9366706654424,-302.3490505029687,
LSQ12gzm,0.1,4.0,-495.3966090703413,-368.723580201544,
LSQ12gzm,0.1,4.5,-543.5200664602427,-383.4998279693076,
LSQ12gzm,0.1,5.0,-489.271088663734,-430.1006712634572,
LSQ12gzm,0.1,5.5,-500.0026963953098,-243.90476915781164,
LSQ12gzm,0.1,6.0,-459.47200924034087,55.37175273831201,
LSQ12gzm,0.1,6.5,-357.5231789500271,461.4405168205292,
LSQ12gzm,0.1,7.0,-280.67416108001106,1001.5460067391164,
LSQ12gzm,0.1,7.5,6.437601702767665,1942.1423355783688,6.198892380219304
LSQ12gzm,0.1,8.0,508.4355172628007,3300.8353963167,2.0309699669403374
LSQ12gzm,0.1,8.5,998.0608731406812,4866.085357679732,1.7200567311060695
LSQ12gzm,0.1,9.0,1604.683948709972,6708.809293670605,1.5531398454954823
LSQ12gzm,0.1,9.5,2521.884449559413,8602.47869572187,1.3322460550880655
LSQ12gzm,0.1,10.0,3480.981865166576,10649.430972957936,1.2140616053749094
LSQ12hjm,0.07,1.0,896.5330062569728,1924.681955975484,0.8294817296423065
LSQ12hjm,0.07,1.5,1890.9454904056624,3879.074665808303,0.7801228233946971
LSQ12hjm,0.07,2.0,3090.276601354806,6503.125577054895,0.8078119671816799
LSQ12hjm,0.07,2.5,4379.205124300178,9532.452403025023,0.8445233929994405
LSQ12hjm,0.07,3.0,5808.965911448142,12802.126494634897,0.8579582152710297
LSQ12hjm,0.07,3.5,7542.357987782615,16926.474093424993,0.8776483977547112
LSQ12hjm,0.07,4.0,9508.87302025823,21695.87087484844,0.8956200987478307
LSQ12hjm,0.07,4.5,11609.794849132715,27106.993412832857,0.9206420115820447
LSQ12hjm,0.07,5.0,13941.788078190524,32474.58239090099,0.9180627449339664
LSQ12hjm,0.07,5.5,16390.13179675692,38819.80127070799,0.9361771548496249
LSQ12hjm,0.07,6.0,19114.239177871637,45902.27501039089,0.9511929863146058
LSQ12hjm,0.07,6.5,22206.21159811312,53832.23549875553,0.961419853506294
LSQ12hjm,0.07,7.0,25604.105315405828,62065.35875130505,0.9613491629311113
LSQ12hjm,0.07,7.5,29188.605707817784,70436.00912660355,0.9564534777858997
LSQ12hjm,0.07,8.0,32616.224019395544,79170.3124057008,0.9628216933240605
LSQ12hjm,0.07,8.5,36306.280510723744,88333.70628755815,0.9653617351735938
LSQ12hjm,0.07,9.0,40316.11318498009,98591.76715408296,0.9709049879262515
LSQ12hjm,0.07,9.5,44576.71292364807,109200.95192304584,0.9727959591286861
LSQ12hjm,0.07,10.0,48430.95732952551,119781.48044952036,0.9831665567442334
LSQ12hno,0.048,1.0,1835.1128318450503,4879.539538725812,1.0617901735859367
LSQ12hno,0.048,1.5,3707.0826034446495,9331.935670721236,1.0023486824856784
LSQ12hno,0.048,2.0,5987.387890210919,13915.725533729536,0.9156711493536145
LSQ12hno,0.048,2.5,8317.080350533886,18426.517553132544,0.8636809200568989
LSQ12hno,0.048,3.0,10693.91969449565,22667.5230339804,0.8156678681396888
LSQ12hno,0.048,3.5,12618.62109906014,26853.9405325125,0.819990307282708
LSQ12hno,0.048,4.0,14726.27025812878,30959.704354943253,0.8067600959168802
LSQ12hno,0.048,4.5,16927.609648453374,35394.185957230904,0.8008407316938976
LSQ12hno,0.048,5.0,18773.300609524,39186.91539887012,0.799001112261052
LSQ12hno,0.048,5.5,20753.150248986414,42984.45742163999,0.7905685471473209
LSQ12hno,0.048,6.0,22423.817616829263,46137.56871488211,0.7833628814221578
LSQ12hno,0.048,6.5,23708.93656714297,48793.46470434796,0.7836239567026728
LSQ12hno,0.048,7.0,25009.849203459635,50699.82727545086,0.767238516530912
LSQ12hno,0.048,7.5,25929.956980571267,52117.309109482696,0.7579504703295505
LSQ12hno,0.048,8.0,26779.717367028443,52891.394363069165,0.7389475680291333
LSQ12hno,0.048,8.5,27387.792613557205,53045.21637340456,0.7177229865493083
LSQ12hno,0.048,9.0,27457.2535321574,53263.99129164275,0.7194415323173253
LSQ12hno,0.048,9.5,27664.648115378408,53438.9151889101,0.7148312071453722
LSQ12hno,0.048,10.0,27880.68777447684,53750.02726348585,0.7126880148160244
LSQ12hnr,0.1243,1.0,3.1247299279817007,46.9472111675305,2.9419932792866006
LSQ12hnr,0.1243,1.5,8.162049817184347,80.24927377798048,2.4816046743634916
LSQ12hnr,0.1243,2.0,-3.0067271320168887,65.95318503720365,
LSQ12hnr,0.1243,2.5,-3.70233316790445,65.0610922298718,
LSQ12hnr,0.1243,3.0,-15.519268522027724,110.87083819483848,
LSQ12hnr,0.1243,3.5,10.585342336988743,178.26812502081276,3.0659219718853956
LSQ12hnr,0.1243,4.0,16.65800947388303,261.5888593635413,2.9899903485465016
LSQ12hnr,0.1243,4.5,55.188846986769335,330.081695359511,1.9419253010801742
LSQ12hnr,0.1243,5.0,125.20414014443018,495.5000265976549,1.493562480349245
LSQ12hnr,0.1243,5.5,194.9928495076552,679.7857464209322,1.3558834208010957
LSQ12hnr,0.1243,6.0,271.00062164447,890.3183750433784,1.2914376241477181
LSQ12hnr,0.1243,6.5,341.5131063636701,1040.194656839408,1.2092681080098375
LSQ12hnr,0.1243,7.0,412.7362745924552,1090.8546727714809,1.0552356411345871
LSQ12hnr,0.1243,7.5,443.6442509344281,1079.701847931765,0.965672466725277
LSQ12hnr,0.1243,8.0,442.11010359645786,1134.46331828172,1.0231500449323927
LSQ12hnr,0.1243,8.5,464.1534076409344,1207.1984214259369,1.0377927891016319
LSQ12hnr,0.1243,9.0,457.7299268586488,1173.6469616969248,1.0223204270878954
LSQ12hnr,0.1243,9.5,543.1510068700833,1144.2061368345874,0.8089592094518322
LSQ12hnr,0.1243,10.0,602.0327019404044,1060.3252683124292,0.6145475716210366
LSQ12hvj,0.071,1.0,555.5163643271251,1355.5559876144878,0.9685515070114505
LSQ12hvj,0.071,1.5,1220.3728706645188,2844.3695253599867,0.918733680999344
LSQ12hvj,0.071,2.0,2195.1711508411654,5061.572345781396,0.9070426553493465
LSQ12hvj,0.071,2.5,3530.78921330873,8055.981287377347,0.8956166440640925
LSQ12hvj,0.071,3.0,5126.979624480347,12002.443407142431,0.9235201885451898
LSQ12hvj,0.071,3.5,7222.771622341561,16921.228627345547,0.9243200257717803
LSQ12hvj,0.071,4.0,9823.77325045559,22948.1352387675,0.9211726774169171
LSQ12hvj,0.071,4.5,12544.595065846765,29398.944380789788,0.9246877239283855
LSQ12hvj,0.071,5.0,15016.23859919838,35121.368819250594,0.9225256834824823
LSQ12hvj,0.071,5.5,17123.73055556568,40187.87106146082,0.9262415366841563
LSQ12hvj,0.071,6.0,19087.924825596485,44581.42055368708,0.9209879672406608
LSQ12hvj,0.071,6.5,21059.30927574132,48838.603374724175,0.9132977834532277
LSQ12hvj,0.071,7.0,22875.56034184681,52870.83825497561,0.9096111377295351
LSQ12hvj,0.071,7.5,24752.892052610136,56795.64948237238,0.9017228059255251
LSQ12hvj,0.071,8.0,26481.12113074617,60632.001003040605,0.8994138334196304
LSQ12hvj,0.071,8.5,28108.866596396063,64277.12020365374,0.8980326913448486
LSQ12hvj,0.071,9.0,29542.577431591064,67286.40661144926,0.8936973830017612
LSQ12hvj,0.071,9.5,30704.028562163432,70049.60913128559,0.8955258873130783
LSQ12hvj,0.071,10.0,31826.782889750088,72648.08338608881,0.8960785490190198
LSQ12hxx,0.069,1.0,606.4424626167263,1527.4905622056192,1.0029723323449509
LSQ12hxx,0.069,1.5,1399.6441589800154,3546.699346176365,1.0095168469805933
LSQ12hxx,0.069,2.0,2502.72717421403,6603.048969578092,1.0533275224062157
LSQ12hxx,0.069,2.5,4079.753895419969,10887.341323904187,1.065719681824958
LSQ12hxx,0.069,3.0,6161.539881177344,16417.643647660654,1.0640539025872449
LSQ12hxx,0.069,3.5,8984.99175174065,23352.93945879818,1.0370596767006044
LSQ12hxx,0.069,4.0,12367.07606971551,32083.67761905668,1.0350427792671344
LSQ12hxx,0.069,4.5,16420.589631690214,42685.53142703295,1.037229862344148
LSQ12hxx,0.069,5.0,21106.873939978217,55048.50277761071,1.0408039877026656
LSQ12hxx,0.069,5.5,26359.83030687149,69489.61322250827,1.0524432107044928
LSQ12hxx,0.069,6.0,32332.975162173025,86428.99267806165,1.0675344568165819
LSQ12hxx,0.069,6.5,39131.5025223349,106441.45548279908,1.0864607018920083
LSQ12hxx,0.069,7.0,46537.43308880787,127940.1961060882,1.0980114681627131
LSQ12hxx,0.069,7.5,54080.91364092915,148876.5178387701,1.099455455799653
LSQ12hxx,0.069,8.0,61275.69053900013,168181.44205468104,1.0962246444820984
LSQ12hxx,0.069,8.5,68144.18396880798,186155.6288510626,1.0911184436678232
LSQ12hxx,0.069,9.0,74907.65358306096,203107.4595847855,1.082999201913046
LSQ12hxx,0.069,9.5,81335.3350530776,218844.6781433831,1.074641824694492
LSQ12hxx,0.069,10.0,87239.1740485949,233394.21867202103,1.0684463722810509
LSQ12hzj,0.029,1.0,13260.83868890648,34351.55992672692,1.0334386782809293
LSQ12hzj,0.029,1.5,27565.355924584423,71224.76447738656,1.030668543342126
LSQ12hzj,0.029,2.0,38851.53074211163,99694.79900927668,1.0231609188832094
LSQ12hzj,0.029,2.5,47328.984050885454,122164.52964574516,1.0295448627072246
LSQ12hzj,0.029,3.0,54512.43095539534,141180.28455898396,1.0331962582526795
LSQ12hzj,0.029,3.5,60929.49152052612,158196.08710937935,1.0359204586932709
LSQ12hzj,0.029,4.0,66486.64010284864,173382.68321923394,1.0406783330309604
LSQ12hzj,0.029,4.5,71204.50101494165,185998.73140096135,1.0425063369695469
LSQ12hzj,0.029,5.0,75572.39616318578,196486.08730829624,1.0374215298437581
LSQ12hzj,0.029,5.5,79161.64882261743,206129.74894127727,1.0390646073782843
LSQ12hzj,0.029,6.0,82233.60366707698,214329.5935871567,1.0400820449591421
LSQ12hzj,0.029,6.5,84775.49020935946,220946.75028926955,1.040043271377563
LSQ12hzj,0.029,7.0,86716.9420822401,225803.4859066498,1.0390667183518068
LSQ12hzj,0.029,7.5,87797.45959518486,229922.8408240993,1.045250417306488
LSQ12hzj,0.029,8.0,88899.90387223237,233279.27627156756,1.0474371697829385
LSQ12hzj,0.029,8.5,89935.84551319707,235818.52557881185,1.0466127443337063
LSQ12hzj,0.029,9.0,91063.272511369,237491.98106601657,1.0407642421770031
LSQ12hzj,0.029,9.5,91578.07326841349,239586.50947549703,1.0441771457182853
LSQ12hzj,0.029,10.0,92012.7597077649,242035.60374899028,1.0500779985284445
LSQ12hzs,0.072,1.0,590.089114978772,1087.0975078205086,0.6633772414458423
LSQ12hzs,0.072,1.5,1270.2998878517787,2287.638279986506,0.6387027385385959
LSQ12hzs,0.072,2.0,2107.874255130757,3930.561353506841,0.6765247004176498
LSQ12hzs,0.072,2.5,3137.7716469879697,5753.347977854706,0.6582482693071574
LSQ12hzs,0.072,3.0,4305.197501445792,7993.981877877998,0.6719251995871202
LSQ12hzs,0.072,3.5,5680.789102898339,10752.24913867924,0.6927266305852241
LSQ12hzs,0.072,4.0,7206.716874304257,13823.03581912479,0.7071649321231019
LSQ12hzs,0.072,4.5,8908.837568458379,17496.03449834961,0.7327964642182144
LSQ12hzs,0.072,5.0,10903.230690030015,21535.85106845522,0.7390170955465183
LSQ12hzs,0.072,5.5,13226.613710291012,26399.27629828296,0.750358378668811
LSQ12hzs,0.072,6.0,16007.200180380834,32468.607328431124,0.7678707119590222
LSQ12hzs,0.072,6.5,19183.26687770682,39656.64347533031,0.7884834603623713
LSQ12hzs,0.072,7.0,22828.12843978334,48154.01796549029,0.8104055576532981
LSQ12hzs,0.072,7.5,26418.531974762904,56222.83769998537,0.8200102015705908
LSQ12hzs,0.072,8.0,29717.455683483546,63135.96405485422,0.8181629814598251
LSQ12hzs,0.072,8.5,32774.1975509892,69665.4241459038,0.8187130460735463
LSQ12hzs,0.072,9.0,35865.374221827,76036.85421439822,0.815871935857993
LSQ12hzs,0.072,9.5,38841.87569335225,82328.88096210157,0.8156300458961774
LSQ12hzs,0.072,10.0,41858.44434418141,88524.97398920255,0.8132068098451278
LSQ13cwp,0.0665,1.0,-66.08836835625458,174.43152784480145,
LSQ13cwp,0.0665,1.5,-104.31237515970176,316.5587344437156,
LSQ13cwp,0.0665,2.0,-57.83826086657567,605.597214746407,
LSQ13cwp,0.0665,2.5,-185.53569386686215,969.459242547761,
LSQ13cwp,0.0665,3.0,-252.4989939136816,1297.1965856171632,
LSQ13cwp,0.0665,3.5,-173.87789384151438,1945.9139453156083,
LSQ13cwp,0.0665,4.0,-338.63492555802577,2732.4253190249483,
LSQ13cwp,0.0665,4.5,-423.7597340028194,3645.9603242315393,
LSQ13cwp,0.0665,5.0,-254.24520578811712,4636.387529602446,
LSQ13cwp,0.0665,5.5,-112.80362661651316,6003.511431514554,
LSQ13cwp,0.0665,6.0,-63.08365222489692,7389.301480628312,
LSQ13cwp,0.0665,6.5,338.421198418152,8986.015562331635,3.560274018317575
LSQ13cwp,0.0665,7.0,527.9604097637107,11111.473273236576,3.3079257218086044
LSQ13cwp,0.0665,7.5,799.7226929803246,13480.496542944726,3.0669161740326354
LSQ13cwp,0.0665,8.0,1504.7968363506443,15660.816908649864,2.5433413568540058
LSQ13cwp,0.0665,8.5,1926.4106838693208,18308.232387905497,2.4447438453633468
LSQ13cwp,0.0665,9.0,2405.5688484009743,21293.899553190957,2.3675935249728717
LSQ13cwp,0.0665,9.5,3212.450907296191,24995.12319175278,2.2275469551837643
LSQ13cwp,0.0665,10.0,4037.07025558051,28798.42279031684,2.1332559899283026
LSQ13dby,0.09993,1.0,-117.74920110146051,39.014718820110645,
LSQ13dby,0.09993,1.5,-233.7257649175732,125.409985453918,
LSQ13dby,0.09993,2.0,-367.1591811539849,186.73745065458144,
LSQ13dby,0.09993,2.5,-523.2914238900981,139.64489836082686,
LSQ13dby,0.09993,3.0,-401.3201506462507,2.6449707434588845,
LSQ13dby,0.09993,3.5,-246.01981275108704,-105.66888364240177,
LSQ13dby,0.09993,4.0,-262.94386203640954,7.17885778009429,
LSQ13dby,0.09993,4.5,-326.56155910371194,3.3025334682915286,
LSQ13dby,0.09993,5.0,-383.8696551587978,232.63587135909228,
LSQ13dby,0.09993,5.5,-630.3818451975735,486.6001283603176,
LSQ13dby,0.09993,6.0,-589.6412908997509,587.3584866139955,
LSQ13dby,0.09993,6.5,-363.37710540750527,562.3395343557215,
LSQ13dby,0.09993,7.0,-435.4723538433175,456.8293883058036,
LSQ13dby,0.09993,7.5,-534.205529227059,299.3421609821721,
LSQ13dby,0.09993,8.0,-728.3681793191305,326.6954806087067,
LSQ13dby,0.09993,8.5,-846.9472024161547,609.2927392647251,
LSQ13dby,0.09993,9.0,-1004.4052715379904,765.8478319998028,
LSQ13dby,0.09993,9.5,-1135.468975659052,606.911481388219,
LSQ13dby,0.09993,10.0,-1095.8548893313716,407.1092117409314,
LSQ13dhj,0.0935,1.0,286.0387438180393,838.6996548473919,1.16795400546795
LSQ13dhj,0.0935,1.5,649.7595271235385,1658.0759305553167,1.0171293970905775
LSQ13dhj,0.0935,2.0,1090.3102850199057,2504.9412274823667,0.90311857944153
LSQ13dhj,0.0935,2.5,1374.7096458524477,3372.517676711145,0.9743581367266185
LSQ13dhj,0.0935,3.0,1748.117661050948,4067.025502830517,0.916765588127826
LSQ13dhj,0.0935,3.5,1976.8861616813128,4604.422511349317,0.9179837680360027
LSQ13dhj,0.0935,4.0,2152.299933824762,4847.883169039518,0.8816233818134368
LSQ13dhj,0.0935,4.5,2174.302899833988,5137.883707854993,0.9336605626063031
LSQ13dhj,0.0935,5.0,2446.2637223842253,5497.901396311672,0.8792341793465036
LSQ13dhj,0.0935,5.5,2497.2909395935485,5707.045008880844,0.8973553903407936
LSQ13dhj,0.0935,6.0,2327.136603915449,5739.39791470857,0.9801111457260914
LSQ13dhj,0.0935,6.5,2169.110185915658,5753.524360982224,1.0591308563051391
LSQ13dhj,0.0935,7.0,2326.888081519706,5843.189197482056,0.9996861337391111
LSQ13dhj,0.0935,7.5,2365.0333809004537,6144.951074586459,1.0367028863306538
LSQ13dhj,0.0935,8.0,2253.1427928849307,6523.650223468178,1.1542548788966691
LSQ13dhj,0.0935,8.5,2188.580565286272,6802.843990660607,1.2313199326817097
LSQ13dhj,0.0935,9.0,2293.3022105180044,6759.970132988934,1.1737087186781818
LSQ13dhj,0.0935,9.5,2409.5612303395674,6489.777322840007,1.0757295718451563
LSQ13dhj,0.0935,10.0,2416.305859267671,6344.98388897916,1.0481965416759118
LSQ13dkp,0.06894,1.0,-8.290495642431857,-25.669484078443475,
LSQ13dkp,0.06894,1.5,-23.4321414312372,-29.56544922882153,
LSQ13dkp,0.06894,2.0,-71.76249191900482,-106.85906415744648,
LSQ13dkp,0.06894,2.5,-70.82350941217126,-358.6601087302112,
LSQ13dkp,0.06894,3.0,-126.64279546355624,-404.7380411121224,
LSQ13dkp,0.06894,3.5,-160.11384034924083,-488.24892140463726,
LSQ13dkp,0.06894,4.0,-11.954791254242878,-580.2639101694317,
LSQ13dkp,0.06894,4.5,95.44749140966076,-645.1679661908761,
LSQ13dkp,0.06894,5.0,174.2304230647635,-908.7581630850708,
LSQ13dkp,0.06894,5.5,104.3923914184079,-990.8915931189294,
LSQ13dkp,0.06894,6.0,205.92820233750265,-1149.1336146711838,
LSQ13dkp,0.06894,6.5,138.9637635845486,-1237.616357817651,
LSQ13dkp,0.06894,7.0,-1.086849693278964,-1364.7137843451055,
LSQ13dkp,0.06894,7.5,-61.73577027038755,-1406.8177285010945,
LSQ13dkp,0.06894,8.0,-149.44362041583645,-1441.4606223865212,
LSQ13dkp,0.06894,8.5,-161.51727152853255,-1627.494597142586,
LSQ13dkp,0.06894,9.0,-232.0461904973704,-1869.3268464992416,
LSQ13dkp,0.06894,9.5,-288.38558308380016,-2095.02472985434,
LSQ13dkp,0.06894,10.0,-121.03742176642572,-2070.187969495375,
LSQ13dpm,0.05086,1.0,584.356907468027,1000.3045285808846,0.5836351322672376
LSQ13dpm,0.05086,1.5,1196.3384037048145,2332.662710620776,0.7249947565745609
LSQ13dpm,0.05086,2.0,2408.793759567689,4498.199662936634,0.6780977782549837
LSQ13dpm,0.05086,2.5,3886.095201416583,7732.569587735657,0.7470260032903232
LSQ13dpm,0.05086,3.0,5692.112514159214,11515.19837051099,0.7649948695770972
LSQ13dpm,0.05086,3.5,7898.427301752752,15914.110067482705,0.7606043306813486
LSQ13dpm,0.05086,4.0,10678.475655895996,21151.35220000557,0.7420721875143289
LSQ13dpm,0.05086,4.5,14027.71388687183,27657.037610137864,0.737046902432834
LSQ13dpm,0.05086,5.0,17463.463162432072,35107.27230223862,0.7581667884144023
LSQ13dpm,0.05086,5.5,21339.136986539976,43803.96854289122,0.7808415175735189
LSQ13dpm,0.05086,6.0,25284.14210998223,52579.68385079945,0.7949243696139143
LSQ13dpm,0.05086,6.5,28664.37370338168,60595.44905885554,0.8127438777390656
LSQ13dpm,0.05086,7.0,31619.331870701724,67170.96067453694,0.8180721767967625
LSQ13dpm,0.05086,7.5,34447.6511581034,73092.26716650286,0.8167795461555837
LSQ13dpm,0.05086,8.0,37086.80600310191,78590.64442707779,0.8153785434132319
LSQ13dpm,0.05086,8.5,39488.16967400539,83198.8051333011,0.8091252126679476
LSQ13dpm,0.05086,9.0,41965.654902858514,87957.47494617963,0.8034468708028795
LSQ13dpm,0.05086,9.5,43797.00198164719,91576.999782123,0.8008550706564826
LSQ13dpm,0.05086,10.0,44999.14271733583,94310.80663729367,0.8033930482619472
LSQ13dqh,0.1038,1.0,30.40166628508829,308.3398997159523,2.515330848274613
LSQ13dqh,0.1038,1.5,153.45640652265567,456.31461748033087,1.1831983923644265
LSQ13dqh,0.1038,2.0,282.2389697149604,781.7668144163698,1.1061506320314334
LSQ13dqh,0.1038,2.5,302.90439949096327,1096.0285358935423,1.3962907005996472
LSQ13dqh,0.1038,3.0,474.0868611550459,1449.2076924654627,1.2131817779452274
LSQ13dqh,0.1038,3.5,691.1844418504689,1707.263589193214,0.9817665608954893
LSQ13dqh,0.1038,4.0,636.860621167691,1755.5122152860265,1.1008986490959252
LSQ13dqh,0.1038,4.5,562.9160129521088,2004.0718674502928,1.378674221551912
LSQ13dqh,0.1038,5.0,647.0454218409022,2169.317061079824,1.3134706579089648
LSQ13dqh,0.1038,5.5,616.739064828819,2535.1585812373905,1.5347591823344215
LSQ13dqh,0.1038,6.0,547.6249210095086,2615.1337212559897,1.6975267431941763
LSQ13dqh,0.1038,6.5,437.7727941229451,2680.3858410042576,1.9673713669384052
LSQ13dqh,0.1038,7.0,485.00556656373567,2846.5680983315647,1.9214371367839522
LSQ13dqh,0.1038,7.5,546.4853891421153,2979.8338449707053,1.8415337336015307
LSQ13dqh,0.1038,8.0,511.440834081557,3208.738880205331,1.993847442381691
LSQ13dqh,0.1038,8.5,721.5157989915377,2984.472165771478,1.541554219022164
LSQ13dqh,0.1038,9.0,490.9119724778602,3064.403327187893,1.9883557532468845
LSQ13dqh,0.1038,9.5,131.6816764456878,3060.4752972613683,3.415658828746024
LSQ13dqh,0.1038,10.0,3.41663655444313,2931.2836004943656,7.3336476380308815
LSQ14act,0.0591,1.0,165.14902359636744,715.66169137152,1.5920794003217287
LSQ14act,0.0591,1.5,381.4639777330245,1754.915717872633,1.657006826629222
LSQ14act,0.0591,2.0,614.3015233628626,3306.6869640332443,1.8275287274156984
LSQ14act,0.0591,2.5,1152.0084486513597,5426.27851978316,1.682616043245787
LSQ14act,0.0591,3.0,1992.964819832602,8156.5005649241875,1.5300105951924101
LSQ14act,0.0591,3.5,3635.435986409853,11643.794223999545,1.2638450495897064
LSQ14act,0.0591,4.0,5107.202605322483,16237.34031099332,1.2558295151895584
LSQ14act,0.0591,4.5,6719.891983080956,22573.488510692383,1.3155909700868076
LSQ14act,0.0591,5.0,8731.976029297895,30719.069856529983,1.3657388167897835
LSQ14act,0.0591,5.5,11204.196647458151,40920.842316790186,1.406409605127582
LSQ14act,0.0591,6.0,14107.530529398044,52824.95491566895,1.433470340726848
LSQ14act,0.0591,6.5,17367.367587143235,65881.18026575304,1.4475684364635333
LSQ14act,0.0591,7.0,20530.680228747296,78902.82486548036,1.4617230330969675
LSQ14act,0.0591,7.5,24187.056241155205,91506.8225721997,1.444676152445012
LSQ14act,0.0591,8.0,27495.028765319254,103181.2510848435,1.4358665276592695
LSQ14act,0.0591,8.5,30697.130752493733,114637.98494596114,1.4305768989237881
LSQ14act,0.0591,9.0,32990.65200227074,123597.71395014324,1.4340488486653058
LSQ14act,0.0591,9.5,34357.63920160798,129986.17580634374,1.444684630652571
LSQ14act,0.0591,10.0,35675.60434234676,134348.21760138834,1.4396514256287116
LSQ14age,0.08054,1.0,246.26578834172184,568.2386835153981,0.9078167809791897
LSQ14age,0.08054,1.5,575.3826145103402,1209.3983226580349,0.8065315665552958
LSQ14age,0.08054,2.0,1052.295543620539,2096.7817402990813,0.7485387368094281
LSQ14age,0.08054,2.5,1687.4928930824117,3337.91772306682,0.7405841875185724
LSQ14age,0.08054,3.0,2620.162246037151,5144.590956825903,0.7325566634951515
LSQ14age,0.08054,3.5,3738.526600676874,7484.620297660425,0.7536732447964135
LSQ14age,0.08054,4.0,5064.96322015889,10079.92199326105,0.7472021879202184
LSQ14age,0.08054,4.5,6615.955101656843,13092.00027475484,0.7410336412009932
LSQ14age,0.08054,5.0,8280.012288025022,16784.87986668554,0.7672181398599494
LSQ14age,0.08054,5.5,10088.140968802794,20726.336583598284,0.7817785106245314
LSQ14age,0.08054,6.0,12132.098547571764,25094.54498655424,0.7891084902548222
LSQ14age,0.08054,6.5,14191.916494395844,29847.38410327904,0.8071630685558409
LSQ14age,0.08054,7.0,16221.983121358868,34387.74642235606,0.8157494259239352
LSQ14age,0.08054,7.5,18155.786936948123,38614.45018703945,0.8193369449149579
LSQ14age,0.08054,8.0,19970.872586985788,42337.41421747818,0.8158182219887951
LSQ14age,0.08054,8.5,21611.805500821392,45505.48937732957,0.8084318471567442
LSQ14age,0.08054,9.0,23102.565895758267,48586.15284377917,0.8071307359750168
LSQ14age,0.08054,9.5,24421.149551549664,51004.68158828017,0.7996098437829187
LSQ14age,0.08054,10.0,25448.028861360937,53187.0277985001,0.8003789326897025
LSQ14ahc,0.05086,1.0,1462.615739281431,3435.536841754541,0.9271609189466647
LSQ14ahc,0.05086,1.5,3314.686908939113,7541.354004909688,0.8925170368786872
LSQ14ahc,0.05086,2.0,5625.822734675464,12886.222362381835,0.899848943556461
LSQ14ahc,0.05086,2.5,8316.334320563641,18700.20091170936,0.8797858317314023
LSQ14ahc,0.05086,3.0,10969.203519108723,24626.053742672924,0.8780493215006763
LSQ14ahc,0.05086,3.5,13644.52714131481,30841.15372074393,0.8854303160762189
LSQ14ahc,0.05086,4.0,16410.918018724547,37090.54981659339,0.8853259881091534
LSQ14ahc,0.05086,4.5,19163.60410765221,43646.70641502591,0.8936857174718047
LSQ14ahc,0.05086,5.0,22248.43592703061,50941.17336995328,0.899423647178905
LSQ14ahc,0.05086,5.5,25493.29251532576,59047.13014542293,0.9119321633896688
LSQ14ahc,0.05086,6.0,28616.555707276235,67145.63555084208,0.9260010701706891
LSQ14ahc,0.05086,6.5,31596.91359500081,74642.87359266712,0.9333592198188739
LSQ14ahc,0.05086,7.0,34244.4920239376,80756.92961037341,0.9314726757363013
LSQ14ahc,0.05086,7.5,36554.52195198178,86490.63731740252,0.935069971393454
LSQ14ahc,0.05086,8.0,38846.26423425147,91884.81816393916,0.9347362507130775
LSQ14ahc,0.05086,8.5,41002.3747818545,96590.6628380434,0.9303153384288043
LSQ14ahc,0.05086,9.0,42734.12206000424,100554.17409056087,0.929063292770918
LSQ14ahc,0.05086,9.5,44087.51023278814,104145.8649152914,0.9333161439990256
LSQ14ahc,0.05086,10.0,45297.807526272736,107263.12530248729,0.9359331616523876
LSQ14ahm,0.04977,1.0,837.4188085565995,1799.0226699648842,0.8302348126360164
LSQ14ahm,0.04977,1.5,1331.7863564691722,2792.2756758598666,0.8038093291730197
LSQ14ahm,0.04977,2.0,1700.6506590167917,3474.8324363705315,0.775796887859816
LSQ14ahm,0.04977,2.5,1948.910636498115,4058.47769097059,0.7964280929791958
LSQ14ahm,0.04977,3.0,2312.2113155357565,4859.690954142816,0.806452823808006
LSQ14ahm,0.04977,3.5,2938.0732486347697,6983.100807899089,0.939964231592231
LSQ14ahm,0.04977,4.0,3756.7589368151394,10768.467315925349,1.1433514150645898
LSQ14ahm,0.04977,4.5,4356.007436142676,13316.859833830762,1.2132830403702841
LSQ14ahm,0.04977,5.0,4684.723362001488,14339.144984174412,1.2145982638323156
LSQ14ahm,0.04977,5.5,4818.322722572211,14709.94763839022,1.2117881047876793
LSQ14ahm,0.04977,6.0,4896.269470416686,14996.43526509974,1.2153068139412944
LSQ14ahm,0.04977,6.5,4879.788900333391,15191.376509524684,1.2329902319479054
LSQ14ahm,0.04977,7.0,4944.71765943836,15446.259304240784,1.236704556532796
LSQ14ahm,0.04977,7.5,5120.8254234109445,15781.554009832922,1.2220244890585523
LSQ14ahm,0.04977,8.0,5000.547150204488,15714.924852447031,1.2432369549930058
LSQ14ahm,0.04977,8.5,5093.749261892593,15528.985631167743,1.210263812383627
LSQ14ahm,0.04977,9.0,5119.148240005854,15641.293403712898,1.212687391776597
LSQ14ahm,0.04977,9.5,5198.79337078677,15594.021577233549,1.1926389358370983
LSQ14ahm,0.04977,10.0,5213.689658801725,15736.743799575095,1.1994242446542445
LSQ14ajn,0.02101,1.0,97992.97674402814,271201.2175325171,1.1052417111043704
LSQ14ajn,0.02101,1.5,130190.13615223422,364539.4716361025,1.117916196478946
LSQ14ajn,0.02101,2.0,155280.9132437007,434749.7323761433,1.117803116887626
LSQ14ajn,0.02101,2.5,176576.9501706931,493981.62039081583,1.116941947414483
LSQ14ajn,0.02101,3.0,195412.76338056757,545260.0617303841,1.1141269053839384
LSQ14ajn,0.02101,3.5,211944.8287974886,589522.4855632555,1.1106938746038728
LSQ14ajn,0.02101,4.0,226053.42445191185,627956.7436576933,1.1092965955549423
LSQ14ajn,0.02101,4.5,238535.5620434973,661808.9015935808,1.1079486733931097
LSQ14ajn,0.02101,5.0,248739.3895302392,690648.0189071399,1.108780515677836
LSQ14ajn,0.02101,5.5,258072.08102983655,715892.4181886648,1.1077668476960272
LSQ14ajn,0.02101,6.0,265853.2920967992,736968.5971868042,1.1070173500321627
LSQ14ajn,0.02101,6.5,272130.8841857702,754414.0204297196,1.1070797955570324
LSQ14ajn,0.02101,7.0,276701.2996608368,768087.6457810337,1.108498951969422
LSQ14ajn,0.02101,7.5,280459.3556864985,779154.4418464138,1.1093840472185568
LSQ14ajn,0.02101,8.0,283190.555108424,786410.2915932812,1.1089260589841792
LSQ14ajn,0.02101,8.5,285216.2022700877,791749.2230820418,1.1085336326199897
LSQ14ajn,0.02101,9.0,287331.45479383704,795233.4166917874,1.1052786240407018
LSQ14ajn,0.02101,9.5,289010.5281899682,800192.7342795443,1.1057023499673841
LSQ14ajn,0.02101,10.0,290648.2256555207,803118.1722864485,1.1035294421085715
LSQ14asu,0.0684,1.0,1024.6559559040031,3569.055159577243,1.3549379780871256
LSQ14asu,0.0684,1.5,2337.631454216068,7802.030297771347,1.3085789754098056
LSQ14asu,0.0684,2.0,3928.641884479343,13255.26049822905,1.32036456154007
LSQ14asu,0.0684,2.5,5931.802395490586,19832.49998724208,1.31047696903679
LSQ14asu,0.0684,3.0,8207.057286726627,27201.4853836322,1.3010128879694127
LSQ14asu,0.0684,3.5,10597.626011581098,35119.685566857894,1.3008550741525897
LSQ14asu,0.0684,4.0,12997.79933241136,43961.23138168036,1.3230000524772814
LSQ14asu,0.0684,4.5,15690.484822038745,53777.5621326331,1.3374118690077805
LSQ14asu,0.0684,5.0,18645.74514145677,64829.93482940186,1.3529896030901976
LSQ14asu,0.0684,5.5,22038.250002499783,77093.74731063872,1.359605126536566
LSQ14asu,0.0684,6.0,25952.389023566757,90573.90374145932,1.3570643591496931
LSQ14asu,0.0684,6.5,30327.916400922164,105812.90020909088,1.356740109436175
LSQ14asu,0.0684,7.0,35254.71539635809,123154.5367431276,1.3580830046598737
LSQ14asu,0.0684,7.5,41144.36870485032,143854.52822563288,1.3590328348262095
LSQ14asu,0.0684,8.0,47862.12807119296,167413.79524408077,1.3594980934025966
LSQ14asu,0.0684,8.5,54378.54369501148,189793.67929293163,1.3571354309583914
LSQ14asu,0.0684,9.0,59976.44703852973,209002.77215464597,1.3554282790422238
LSQ14asu,0.0684,9.5,64343.08477065183,225061.86016137997,1.359500064494175
LSQ14asu,0.0684,10.0,68061.67609094486,242466.39735569875,1.3793722994211568
LSQ14auy,0.0825,1.0,114.5932447109555,576.6568733836469,1.7543961406213084
LSQ14auy,0.0825,1.5,240.13208070316244,1272.1591223244673,1.810228131297378
LSQ14auy,0.0825,2.0,458.8707523788735,2256.112076416726,1.7291757320019918
LSQ14auy,0.0825,2.5,817.9617657527771,3519.8785604667223,1.5844866908427346
LSQ14auy,0.0825,3.0,1315.881754861756,5155.771177482504,1.4826919225022774
LSQ14auy,0.0825,3.5,1902.6766715165452,7152.807395296437,1.4377788437731858
LSQ14auy,0.0825,4.0,2552.342701025798,9298.466219891478,1.4036808283401616
LSQ14auy,0.0825,4.5,3251.492386963807,12017.912023117517,1.4193656973894428
LSQ14auy,0.0825,5.0,4154.155611855051,15250.467500608827,1.4120009905823157
LSQ14auy,0.0825,5.5,5092.830512425242,18860.034761997445,1.4214581640571757
LSQ14auy,0.0825,6.0,6133.179067230912,22974.219568242806,1.4338878065749174
LSQ14auy,0.0825,6.5,7235.231550135461,27511.13835425717,1.4501403162697135
LSQ14auy,0.0825,7.0,8590.05399022498,32432.76969152021,1.442470361599291
LSQ14auy,0.0825,7.5,9968.336186935989,38340.74599356705,1.4625947057827275
LSQ14auy,0.0825,8.0,11721.299107501063,45438.167728828485,1.4711126545307058
LSQ14auy,0.0825,8.5,13882.719172153966,53821.79902296451,1.4712091790427995
LSQ14auy,0.0825,9.0,16384.974217182917,64341.24088051335,1.4851091752254741
LSQ14auy,0.0825,9.5,19582.99337592669,77423.96810818101,1.4924908721547294
LSQ14auy,0.0825,10.0,24097.912352036685,94674.95302879708,1.4856391946951026
LSQ14azy,0.0458,1.0,2432.55448018774,4646.356354760538,0.7026248488843254
LSQ14azy,0.0458,1.5,5574.795610146711,10551.35084768553,0.6926977870265965
LSQ14azy,0.0458,2.0,10120.420496199313,19327.872646178803,0.7024637445658776
LSQ14azy,0.0458,2.5,16461.57414913397,31550.845393551288,0.7063490948389763
LSQ14azy,0.0458,3.0,24224.61725681328,46654.09229727003,0.7115820504467865
LSQ14azy,0.0458,3.5,33915.97372801325,65317.01276469166,0.7115550603382907
LSQ14azy,0.0458,4.0,46386.197790558406,89426.73872631237,0.71269654353371
LSQ14azy,0.0458,4.5,61967.01475921006,119565.59297298452,0.71361411842657
LSQ14azy,0.0458,5.0,78584.07934549295,149191.98609511438,0.6960273148168948
LSQ14azy,0.0458,5.5,91997.35474090844,173966.48276466294,0.6917256076541338
LSQ14azy,0.0458,6.0,103498.67992601168,195229.9240520246,0.6890289367823659
LSQ14azy,0.0458,6.5,114398.82650787916,215082.77523886776,0.6854601551652302
LSQ14azy,0.0458,7.0,124681.41072038907,233639.7808676432,0.6818627068469362
LSQ14azy,0.0458,7.5,133649.55877321644,250524.6960789471,0.682207536541761
LSQ14azy,0.0458,8.0,141536.2577486103,264687.1549062566,0.6796628930308481
LSQ14azy,0.0458,8.5,148458.5297127231,278197.6248391229,0.6818706567169374
LSQ14azy,0.0458,9.0,154108.53071134174,288632.2405329275,0.6812954019499874
LSQ14azy,0.0458,9.5,158257.47781858922,296441.5266747346,0.6814370030266025
LSQ14azy,0.0458,10.0,161111.4282060314,302102.10567287094,0.6825685119608174
LSQ14ba,0.07755,1.0,192.6715329118524,427.59340771568014,0.8655336207796711
LSQ14ba,0.07755,1.5,511.956615916601,977.5472153749338,0.7022614581361325
LSQ14ba,0.07755,2.0,932.835198063386,1827.938712768651,0.7303917647927842
LSQ14ba,0.07755,2.5,1524.875843426935,3060.7349368068567,0.7564780907283463
LSQ14ba,0.07755,3.0,2329.55568955458,4661.239588900969,0.7530708233770069
LSQ14ba,0.07755,3.5,3402.9481431568674,6819.659774995165,0.7547684443085729
LSQ14ba,0.07755,4.0,4547.255390858112,9431.690757228014,0.7921005158574805
LSQ14ba,0.07755,4.5,5815.267145636878,12315.176384770784,0.8146774149800935
LSQ14ba,0.07755,5.0,7155.731093815783,15304.173015166729,0.8253896374934095
LSQ14ba,0.07755,5.5,8577.663253615003,18486.740272350155,0.8337283680202763
LSQ14ba,0.07755,6.0,10112.183152407784,22014.20657613341,0.8446452762531125
LSQ14ba,0.07755,6.5,11686.832098974246,25621.104608298723,0.8522526123306635
LSQ14ba,0.07755,7.0,13340.932935387284,29979.3791023401,0.8790910825612525
LSQ14ba,0.07755,7.5,15132.712789372144,34520.269135765186,0.8953934588347334
LSQ14ba,0.07755,8.0,16834.260711259172,39205.279158874015,0.9178762544625558
LSQ14ba,0.07755,8.5,18685.037897463528,43343.9042931016,0.9135851142468853
LSQ14ba,0.07755,9.0,20327.065234015285,47024.44378540211,0.9106224660338263
LSQ14ba,0.07755,9.5,21512.755455073617,50312.00905012711,0.9224390485195633
LSQ14ba,0.07755,10.0,22602.583895898588,53252.71449909871,0.9304591510937785
LSQ14bjj,0.08114,1.0,623.7482541867291,1328.8204599667542,0.8211424082055598
LSQ14bjj,0.08114,1.5,1309.5198046731027,2882.030824371974,0.8564663763187336
LSQ14bjj,0.08114,2.0,2161.4444894552976,4763.929077976448,0.8580530024800239
LSQ14bjj,0.08114,2.5,3141.69113749368,6659.201409432388,0.8156466588319916
LSQ14bjj,0.08114,3.0,4193.035361624171,8704.048856336156,0.7929819876873996
LSQ14bjj,0.08114,3.5,5247.817452911593,10718.0807704256,0.7753457649251911
LSQ14bjj,0.08114,4.0,6335.648088818804,12699.02673341443,0.7549484773083488
LSQ14bjj,0.08114,4.5,7215.112623670734,14318.794762726351,0.7441583741046267
LSQ14bjj,0.08114,5.0,7897.169901738516,15560.635119711924,0.7363895936351655
LSQ14bjj,0.08114,5.5,8315.53026254114,16269.008071205426,0.7286778154952693
LSQ14bjj,0.08114,6.0,8604.830008759021,16856.495484258234,0.7300624835887669
LSQ14bjj,0.08114,6.5,8880.390809239212,17295.376213641106,0.7237448366574927
LSQ14bjj,0.08114,7.0,9048.818828320207,17814.360632091273,0.7354458671114708
LSQ14bjj,0.08114,7.5,9219.313771305162,18379.07434450699,0.7490625961334338
LSQ14bjj,0.08114,8.0,9345.492701729425,18600.121873298256,0.7472839679578922
LSQ14bjj,0.08114,8.5,9550.040154371116,18713.237295237584,0.730359317774397
LSQ14bjj,0.08114,9.0,9754.748990942162,18847.386441429506,0.7150875917053678
LSQ14bjj,0.08114,9.5,9725.793537636751,18921.1375510361,0.7225554923324353
LSQ14bjj,0.08114,10.0,9766.04956844456,19077.842289111708,0.7270258250710193
LSQ14fms,0.078,1.0,55.359145262677096,374.3901856589232,2.075337698688055
LSQ14fms,0.078,1.5,196.6757711908611,838.8553665516332,1.5748405637306946
LSQ14fms,0.078,2.0,355.78616598769065,1424.729476934106,1.5063583807466183
LSQ14fms,0.078,2.5,529.5350436695228,2197.830723978909,1.5452488349408036
LSQ14fms,0.078,3.0,871.764382947463,3226.2339632476105,1.4207418435224197
LSQ14fms,0.078,3.5,1292.4114222450362,4459.3526468539085,1.344677575521898
LSQ14fms,0.078,4.0,1720.0470967669276,5856.711167562505,1.3302836703732936
LSQ14fms,0.078,4.5,2285.0105571913687,7566.586474276245,1.300029472029566
LSQ14fms,0.078,5.0,2953.4111169161906,9619.234118109514,1.2820414742115367
LSQ14fms,0.078,5.5,3738.363792085373,12139.921753258515,1.2788358146626368
LSQ14fms,0.078,6.0,4847.10611269943,15444.92826412991,1.258258420298952
LSQ14fms,0.078,6.5,6061.001511436946,19532.862025522667,1.2705537250915548
LSQ14fms,0.078,7.0,7613.195695702696,24646.594247201843,1.2754748050847056
LSQ14fms,0.078,7.5,9634.020053011423,31487.272533589505,1.2858187429686387
LSQ14fms,0.078,8.0,12285.199822426515,40443.160071149,1.2936571438080309
LSQ14fms,0.078,8.5,15479.397772752636,51200.19765940722,1.2987939429221937
LSQ14fms,0.078,9.0,18685.72239377482,61664.353098053965,1.296310718467063
LSQ14fms,0.078,9.5,21080.8126611682,70168.18965164697,1.3056323074746323
LSQ14fms,0.078,10.0,23136.915519673046,77312.12315836828,1.3098553481649964
LSQ14foj,0.04607,1.0,262.5882235008727,127.07487276269453,-0.7880389038026664
LSQ14foj,0.04607,1.5,388.07542433166793,432.7054630146025,0.11819059320845557
LSQ14foj,0.04607,2.0,718.3922707852553,687.1674877455197,-0.048247619362832415
LSQ14foj,0.04607,2.5,844.486812312073,842.8546245910386,-0.0021004946783791407
LSQ14foj,0.04607,3.0,1307.2705642634528,1204.9102060836904,-0.08852699814578523
LSQ14foj,0.04607,3.5,1660.9631208970966,1942.5915782654429,0.17005377969554325
LSQ14foj,0.04607,4.0,2062.8993618955988,2588.504385575978,0.24642715898964798
LSQ14foj,0.04607,4.5,2720.908976977304,4084.849830179117,0.4411552046446975
LSQ14foj,0.04607,5.0,3451.945290335608,5729.745587988234,0.5501785871792522
LSQ14foj,0.04607,5.5,4749.012118780285,7768.479994675335,0.5343319346111012
LSQ14foj,0.04607,6.0,6095.14431395071,10867.97983875993,0.6279120781849084
LSQ14foj,0.04607,6.5,7902.328099859145,14466.664785870296,0.6565334024200086
LSQ14foj,0.04607,7.0,9325.2920169057,17846.826755889037,0.7047464185931845
LSQ14foj,0.04607,7.5,10618.436682849702,20529.59835413431,0.7157996777413872
LSQ14foj,0.04607,8.0,11996.569137971868,22710.642293662917,0.6929308892154231
LSQ14foj,0.04607,8.5,12908.56761016673,24599.314572319865,0.7001123811424665
LSQ14foj,0.04607,9.0,13870.457727309851,26192.264063538478,0.6902056185908118
LSQ14foj,0.04607,9.5,14802.530022016475,28200.18721644313,0.6997901024052315
LSQ14foj,0.04607,10.0,15549.2445008524,29487.16387358973,0.6948092769508518
LSQ14gfb,0.0527,1.0,1657.104413908269,5643.863646660305,1.3305665968145766
LSQ14gfb,0.0527,1.5,3869.997724686063,12533.975837606466,1.275945358678821
LSQ14gfb,0.0527,2.0,7016.829475751571,22285.02399341528,1.2546804591392313
LSQ14gfb,0.0527,2.5,11106.707687319831,34659.40177162913,1.2355893010582255
LSQ14gfb,0.0527,3.0,16199.903160748185,50240.52847748606,1.2288544515875885
LSQ14gfb,0.0527,3.5,22895.28138115592,69998.80446161162,1.2133615931071322
LSQ14gfb,0.0527,4.0,31779.31899766802,96807.25605153965,1.2094083100754975
LSQ14gfb,0.0527,4.5,43895.13589810999,135804.4947070825,1.226244365136218
LSQ14gfb,0.0527,5.0,58841.30084093556,186578.4273553446,1.252947906918389
LSQ14gfb,0.0527,5.5,72471.22899513139,231504.29361146755,1.260983559472004
LSQ14gfb,0.0527,6.0,82976.17648155584,264196.8282875812,1.257435451918427
LSQ14gfb,0.0527,6.5,90881.48086307672,288393.8242267121,1.2537764024781737
LSQ14gfb,0.0527,7.0,97235.315438747,307904.4931991774,1.251479997786051
LSQ14gfb,0.0527,7.5,102567.56257343304,324301.6463678861,1.249847796060102
LSQ14gfb,0.0527,8.0,107076.12643434395,338734.1131873079,1.2504157096758692
LSQ14gfb,0.0527,8.5,110977.8829876136,351386.7755926701,1.2513724421841832
LSQ14gfb,0.0527,9.0,114264.5518337404,362173.0150313569,1.2525114199057512
LSQ14gfb,0.0527,9.5,116943.861225368,371201.7183107375,1.2540813718722454
LSQ14gfb,0.0527,10.0,120148.77265984796,378912.848404681,1.2470499826812897
LSQ14gfn,0.1217,1.0,233.97089211987085,744.4126723477541,1.2566298165783323
LSQ14gfn,0.1217,1.5,547.5031409808673,1655.950367997892,1.201651752439281
LSQ14gfn,0.1217,2.0,1009.1012914855698,3010.151393596712,1.186633941749604
LSQ14gfn,0.1217,2.5,1547.222815900118,4773.289310309814,1.223162242045336
LSQ14gfn,0.1217,3.0,2194.738867653004,6674.277976654372,1.2075535894188207
LSQ14gfn,0.1217,3.5,2898.85240791789,8722.854572775133,1.1960813193171336
LSQ14gfn,0.1217,4.0,3611.718572362173,10896.345420318472,1.1989173993447098
LSQ14gfn,0.1217,4.5,4389.449196226748,13327.767714999396,1.2058684703120157
LSQ14gfn,0.1217,5.0,5129.005423180178,15901.505717767415,1.2285127286425772
LSQ14gfn,0.1217,5.5,5886.906460075133,18574.504885590926,1.2475752776508633
LSQ14gfn,0.1217,6.0,6709.995642110477,21468.50310336937,1.2626988152293115
LSQ14gfn,0.1217,6.5,7626.648558161554,24833.69509780804,1.2817690260682775
LSQ14gfn,0.1217,7.0,8655.023635097916,28920.233263717226,1.3098338334254138
LSQ14gfn,0.1217,7.5,9765.651771049186,33668.24148236115,1.3437979988452722
LSQ14gfn,0.1217,8.0,10977.727426785115,38638.586854518864,1.36627197800218
LSQ14gfn,0.1217,8.5,12173.22622779783,43312.80347516242,1.378026504625832
LSQ14gfn,0.1217,9.0,13276.584937244272,47354.59403389402,1.3806893489502587
LSQ14gfn,0.1217,9.5,14274.612695497855,50722.81622258717,1.3765975618321848
LSQ14gfn,0.1217,10.0,15121.445959645744,53654.84474543546,1.3750390520055458
LSQ14gov,0.0896,1.0,180.7744837790397,272.48610797883845,0.44551808932106884
LSQ14gov,0.0896,1.5,358.2052649609647,644.5357515494311,0.6377876180191564
LSQ14gov,0.0896,2.0,607.2917371356284,1074.8946418143796,0.6199213147134099
LSQ14gov,0.0896,2.5,825.6078155906883,1753.260578558773,0.8176816810534014
LSQ14gov,0.0896,3.0,1123.6373949752617,2518.471417125307,0.8762771051760311
LSQ14gov,0.0896,3.5,1491.4195598098202,3495.570393953314,0.9247955446916212
LSQ14gov,0.0896,4.0,1940.506227661978,4647.5051347116005,0.9482620935201493
LSQ14gov,0.0896,4.5,2422.120484213953,5943.103709776882,0.97454391594636
LSQ14gov,0.0896,5.0,3060.618032665909,7607.118041823553,0.9885275566592333
LSQ14gov,0.0896,5.5,3742.833893572997,9485.196983873544,1.0096145022881786
LSQ14gov,0.0896,6.0,4519.376027628715,11598.345287517175,1.0232938902529907
LSQ14gov,0.0896,6.5,5412.628550815742,13762.579070114783,1.0132290077225345
LSQ14gov,0.0896,7.0,6167.324416617456,15716.100729404974,1.0156200241994549
LSQ14gov,0.0896,7.5,6877.234781504617,17249.08281109862,0.998380390620759
LSQ14gov,0.0896,8.0,7476.250638926586,18899.428901522508,1.0069120710703439
LSQ14gov,0.0896,8.5,8196.563254700892,20477.888947712698,0.9941334717475093
LSQ14gov,0.0896,9.0,8849.117481456378,21992.155683933423,0.9884196009589512
LSQ14gov,0.0896,9.5,9429.880788949353,23140.803534621584,0.9746805817603664
LSQ14gov,0.0896,10.0,9809.870324480691,24053.710989028383,0.9737970549631326
LSQ14ie,0.08954,1.0,199.8505470124313,418.27475665294816,0.8018907847694281
LSQ14ie,0.08954,1.5,433.94721104996165,826.3192465205148,0.6992774171854528
LSQ14ie,0.08954,2.0,749.1990297030428,1497.3425244110408,0.7518098811174703
LSQ14ie,0.08954,2.5,1174.8253834185828,2331.770259296726,0.7442810934851742
LSQ14ie,0.08954,3.0,1679.3226145799858,3493.058634429214,0.7951793482899059
LSQ14ie,0.08954,3.5,2299.27041108286,4716.412414925585,0.7800543084722087
LSQ14ie,0.08954,4.0,2898.416379095292,5897.380536097337,0.771245942103193
LSQ14ie,0.08954,4.5,3345.460282918802,6911.634912299512,0.7878122783990181
LSQ14ie,0.08954,5.0,3685.321396557832,7727.882373254704,0.8039628359860569
LSQ14ie,0.08954,5.5,4028.024553594726,8352.123877566597,0.7917620447197727
LSQ14ie,0.08954,6.0,4260.068002789805,8824.420110977851,0.7906741099621784
LSQ14ie,0.08954,6.5,4351.41831064,9101.159199040434,0.8011646907033411
LSQ14ie,0.08954,7.0,4376.849895650209,9296.445644925445,0.8178882041629865
LSQ14ie,0.08954,7.5,4502.8853992735885,9522.942887414974,0.8132007140665056
LSQ14ie,0.08954,8.0,4530.657253134106,9754.504706417089,0.8326100345351877
LSQ14ie,0.08954,8.5,4572.604734348249,9786.039435976894,0.8261082497225052
LSQ14ie,0.08954,9.0,4528.544224928612,9901.08537008362,0.8493104795093105
LSQ14ie,0.08954,9.5,4534.677376103158,10035.57345298998,0.8624894994846689
LSQ14ie,0.08954,10.0,4604.246331800664,10017.748368205484,0.8440289196297688
LSQ14ip,0.0613,1.0,-15.000051210742988,-147.38677411507845,
LSQ14ip,0.0613,1.5,-31.225270435634343,-168.06442488947232,
LSQ14ip,0.0613,2.0,-68.86311286401462,-191.4445901935537,
LSQ14ip,0.0613,2.5,-55.280136897194325,-232.31833939604053,
LSQ14ip,0.0613,3.0,-119.63909771167408,-326.54506007531427,
LSQ14ip,0.0613,3.5,-183.45870825372265,-456.24280468911456,
LSQ14ip,0.0613,4.0,-295.5394530716827,-675.7468068407127,
LSQ14ip,0.0613,4.5,-40.43314714990504,-675.0329501044835,
LSQ14ip,0.0613,5.0,158.02673566550448,-896.0231131540659,
LSQ14ip,0.0613,5.5,498.2041964778159,-942.560540380632,
LSQ14ip,0.0613,6.0,664.0252497737536,-698.269099551535,
LSQ14ip,0.0613,6.5,761.1814115276316,-163.40483930315168,
LSQ14ip,0.0613,7.0,884.8435858299349,1097.53033407382,0.23387506313826023
LSQ14ip,0.0613,7.5,1051.821522766082,1857.467900804546,0.6174481603033154
LSQ14ip,0.0613,8.0,1270.922909387359,1992.3589998625848,0.4881209691775841
LSQ14ip,0.0613,8.5,1286.13464922885,2250.9781458267357,0.607712100070431
LSQ14ip,0.0613,9.0,1120.5468906340238,2179.302461119798,0.722218686207235
LSQ14ip,0.0613,9.5,1047.022979981862,2337.9375896885904,0.872191750041051
LSQ14ip,0.0613,10.0,923.5403855614386,2189.6707986279253,0.9373073379699917
LSQ14jp,0.0454,1.0,550.5830043092344,1469.8603869276078,1.066133211234011
LSQ14jp,0.0454,1.5,1111.29665516592,3505.906862038122,1.2474259181238088
LSQ14jp,0.0454,2.0,1992.039280183244,6542.485820436385,1.29111223055557
LSQ14jp,0.0454,2.5,3262.1352424426864,10726.477307816913,1.2923878904116082
LSQ14jp,0.0454,3.0,5010.310116281835,16298.602327348592,1.2807143895553939
LSQ14jp,0.0454,3.5,7422.0560654159235,23442.06666723851,1.248679165168843
LSQ14jp,0.0454,4.0,10580.6044176842,33207.051852233955,1.2417996070063704
LSQ14jp,0.0454,4.5,14937.104542419274,46236.70186940073,1.2268010677551415
LSQ14jp,0.0454,5.0,20740.819987078365,63639.09630592886,1.2172452042721686
LSQ14jp,0.0454,5.5,29013.369594442684,87060.58112490602,1.1930584782634726
LSQ14jp,0.0454,6.0,40687.68685602456,120783.05302093062,1.1813575065935409
LSQ14jp,0.0454,6.5,57363.3786729476,170988.79234306648,1.1858323046587897
LSQ14jp,0.0454,7.0,78733.55069372225,245223.87207015447,1.2335072702826757
LSQ14jp,0.0454,7.5,98735.5679498968,325242.8351879136,1.2943352738502498
LSQ14jp,0.0454,8.0,114991.44783923922,385396.11266076914,1.313104469104185
LSQ14jp,0.0454,8.5,127361.65508252372,429182.1149261419,1.3190073035110825
LSQ14jp,0.0454,9.0,136722.35105452142,462652.55316423456,1.3235386133691733
LSQ14jp,0.0454,9.5,144228.42262630534,489308.6256578168,1.3263300446570638
LSQ14jp,0.0454,10.0,150087.03469386042,511041.4876001922,1.3302824535756732
LSQ14mc,0.05662,1.0,882.4172573057405,2062.728310676576,0.9219200907784276
LSQ14mc,0.05662,1.5,2211.139628964718,4957.108510320123,0.8765306434746073
LSQ14mc,0.05662,2.0,3965.133284504731,8759.768822962053,0.8605871365594786
LSQ14mc,0.05662,2.5,6087.0472700634255,13282.748070722617,0.847203153130833
LSQ14mc,0.05662,3.0,8623.579926063232,18404.22802779672,0.8230750315551499
LSQ14mc,0.05662,3.5,11094.230861731809,23187.750548737888,0.8004035517183934
LSQ14mc,0.05662,4.0,13109.054553808102,27861.50757413415,0.8185831035264375
LSQ14mc,0.05662,4.5,15133.676962247077,32547.82820328401,0.8314438888876152
LSQ14mc,0.05662,5.0,17187.51369676045,37329.50424233599,0.8420979125379496
LSQ14mc,0.05662,5.5,19261.126682746555,42192.98418415058,0.8513963879143843
LSQ14mc,0.05662,6.0,21577.596443665323,46868.44267827861,0.8421936420429649
LSQ14mc,0.05662,6.5,23568.61575444936,51562.85751666124,0.8500072527331416
LSQ14mc,0.05662,7.0,25175.457793035566,55650.47052018861,0.8612286601475806
LSQ14mc,0.05662,7.5,27166.54271035672,58771.01318312228,0.8378220134684793
LSQ14mc,0.05662,8.0,28671.17899323476,60962.249062929695,0.8190385722671077
LSQ14mc,0.05662,8.5,29863.70210516821,62344.09857483913,0.7991292628107954
LSQ14mc,0.05662,9.0,30535.18983338265,63483.78489093648,0.7946554677843143
LSQ14mc,0.05662,9.5,31020.44333549392,63918.54981227034,0.7849472819560911
LSQ14mc,0.05662,10.0,31694.77652743004,65054.58380745971,0.7807255219174427
LSQ14q,0.06695,1.0,173.03762087788974,278.18649696860484,0.5154887761163387
LSQ14q,0.06695,1.5,311.52445155044444,806.5747098679205,1.0328811512239646
LSQ14q,0.06695,2.0,633.5409803183519,1471.7303937344284,0.915133866535856
LSQ14q,0.06695,2.5,958.5944115982008,2419.4519228108684,1.0052052594987466
LSQ14q,0.06695,3.0,1331.299652429657,3514.864619407931,1.0540819587847274
LSQ14q,0.06695,3.5,1644.28907557706,4529.569876452134,1.1001969809468517
LSQ14q,0.06695,4.0,2060.0859772669405,5525.910269359482,1.0712962063842386
LSQ14q,0.06695,4.5,3039.0892926103834,7102.608599389772,0.921686056011129
LSQ14q,0.06695,5.0,4014.667684985369,9111.085222309395,0.8898012665880843
LSQ14q,0.06695,5.5,5291.268448129936,11866.189390470916,0.8768786998925919
LSQ14q,0.06695,6.0,6736.576445398335,15019.640153028202,0.8705507133534827
LSQ14q,0.06695,6.5,7788.782493051647,18421.9858849735,0.9346671729089401
LSQ14q,0.06695,7.0,9098.925978208468,22420.7439780976,0.979149718866371
LSQ14q,0.06695,7.5,10520.097786435805,26526.81871444928,1.0041634817944383
LSQ14q,0.06695,8.0,12334.016141437422,30544.45835066598,0.9845697892006
LSQ14q,0.06695,8.5,14438.80590813334,35832.49915407981,0.9868645520097713
LSQ14q,0.06695,9.0,16805.62881547475,42374.27336950458,1.0041187423562072
LSQ14q,0.06695,9.5,19663.89959851457,50087.38187613278,1.0151467078198653
LSQ14q,0.06695,10.0,23469.2428275265,59438.991344055576,1.0089308813468276
LSQ14wp,0.06945,1.0,410.6983959965327,797.1068193439565,0.7199837947229125
LSQ14wp,0.06945,1.5,837.4847948383571,1644.1382128219752,0.7324034810666702
LSQ14wp,0.06945,2.0,1275.6641447462102,2608.8523162095616,0.7767828650320253
LSQ14wp,0.06945,2.5,1757.124570844897,3694.915376547515,0.8070048614213479
LSQ14wp,0.06945,3.0,2234.389500296282,4698.919819254721,0.8070978813672123
LSQ14wp,0.06945,3.5,2683.564328996302,5707.826461691286,0.8193968752819142
LSQ14wp,0.06945,4.0,3029.8493102071243,6658.2886089569965,0.8548539667707272
LSQ14wp,0.06945,4.5,3378.994683822012,7441.603552240933,0.8571975524456631
LSQ14wp,0.06945,5.0,3702.790790055809,8357.414123347484,0.88385686963382
LSQ14wp,0.06945,5.5,3960.9229843591393,9091.914426366877,0.9021473533566592
LSQ14wp,0.06945,6.0,4202.287737591192,9705.240751221563,0.9088013178814435
LSQ14wp,0.06945,6.5,4395.745403219332,10182.584710711328,0.912063752820349
LSQ14wp,0.06945,7.0,4508.460413387703,10617.628380827236,0.9299981504433004
LSQ14wp,0.06945,7.5,4625.641210669585,11090.366022928123,0.9494348403794077
LSQ14wp,0.06945,8.0,4666.805083484994,11405.538522353176,0.9702403335491858
LSQ14wp,0.06945,8.5,4720.00610135991,11581.359900725362,0.9745424946716174
LSQ14wp,0.06945,9.0,4843.913720420721,11745.71384658987,0.961707543219943
LSQ14wp,0.06945,9.5,4811.267063832851,11876.863101453831,0.9811057155450238
LSQ14wp,0.06945,10.0,4912.438774883492,12047.140460338816,0.9739670580675824
LSQ14xi,0.0508,1.0,5352.481735632042,12719.917073178456,0.9398227148590466
LSQ14xi,0.0508,1.5,11448.422752756038,26802.005355037287,0.9235540787671146
LSQ14xi,0.0508,2.0,19321.708978792318,45082.8812614666,0.919915319071714
LSQ14xi,0.0508,2.5,28808.51182918557,67447.7935685464,0.9236173068068722
LSQ14xi,0.0508,3.0,39243.66236620076,92807.02619259084,0.9345283156019271
LSQ14xi,0.0508,3.5,50180.68478802189,119982.2348401798,0.9464509085882343
LSQ14xi,0.0508,4.0,60841.92333195506,148008.14466753378,0.9652067003403302
LSQ14xi,0.0508,4.5,71063.8565647658,175344.79146248283,0.980610243415841
LSQ14xi,0.0508,5.0,80370.6314382083,200533.3677163474,0.9927231672924268
LSQ14xi,0.0508,5.5,89017.53425017888,223544.7968489325,0.9997225137578345
LSQ14xi,0.0508,6.0,97183.92487134198,244811.68734337715,1.0030942818553596
LSQ14xi,0.0508,6.5,104446.67735402276,265355.2798743269,1.0123327614102893
LSQ14xi,0.0508,7.0,111199.92610600108,283321.8431518064,1.0154388994741594
LSQ14xi,0.0508,7.5,117065.15225150555,299252.68970288907,1.019026070674938
LSQ14xi,0.0508,8.0,122368.54507210568,313164.7251299837,1.0202576019741754
LSQ14xi,0.0508,8.5,126946.03477124436,325640.4748716569,1.0227980984836713
LSQ14xi,0.0508,9.0,131096.37429931288,336918.69841264334,1.024836083933877
LSQ14xi,0.0508,9.5,134766.00970696218,347420.84236471483,1.028188748603192
LSQ14xi,0.0508,10.0,138070.2027914244,357081.96701035474,1.0316698893133123
LSQ15aae,0.0516,1.0,154.98579031657826,383.9525650233204,0.9849642275900005
LSQ15aae,0.0516,1.5,419.56368454777487,1040.6968180686808,0.9863158401007577
LSQ15aae,0.0516,2.0,765.3674003316881,1924.5775027023076,1.0011636116224052
LSQ15aae,0.0516,2.5,1322.4382757566673,3048.4924956227505,0.9067742990000762
LSQ15aae,0.0516,3.0,1912.1932506663825,4507.087033656064,0.9309104089771969
LSQ15aae,0.0516,3.5,2711.1502402068045,6573.947264957747,0.961681577397636
LSQ15aae,0.0516,4.0,3663.8408453084426,8971.04437990143,0.9722660129668603
LSQ15aae,0.0516,4.5,4683.184770813885,11862.128163944357,1.0090532980661562
LSQ15aae,0.0516,5.0,5614.9539338462055,15340.950919809402,1.0912652073099431
LSQ15aae,0.0516,5.5,7070.546420966391,19056.824803226114,1.0764939085535028
LSQ15aae,0.0516,6.0,9087.42458222477,23722.69427341273,1.041807980744839
LSQ15aae,0.0516,6.5,10845.384235667814,29211.536654042036,1.075773650829519
LSQ15aae,0.0516,7.0,13246.515992974915,35833.053889955685,1.0804553863690127
LSQ15aae,0.0516,7.5,16012.164385187516,43633.70190586326,1.088430050696724
LSQ15aae,0.0516,8.0,19704.425942823134,52802.50413954229,1.070226830936249
LSQ15aae,0.0516,8.5,23986.63943277493,64120.43365744326,1.0675676100846494
LSQ15aae,0.0516,9.0,28179.82249193356,77027.12139414174,1.091763537233879
LSQ15aae,0.0516,9.5,32985.51921998354,91403.25080447148,1.1065957932156025
LSQ15aae,0.0516,10.0,38286.53901203643,107611.31421277775,1.1220295652023624
LSQ15agh,0.0603,1.0,3473.725242582947,9339.553947081413,1.073826676144199
LSQ15agh,0.0603,1.5,8059.695196936958,21908.58406704703,1.0857392312577951
LSQ15agh,0.0603,2.0,14803.247118621704,40798.80270262091,1.1007260729775887
LSQ15agh,0.0603,2.5,22935.54710886504,64117.952456536565,1.1161763520108194
LSQ15agh,0.0603,3.0,31077.181463193072,87294.63552301346,1.12136483084006
LSQ15agh,0.0603,3.5,39030.042515918925,108581.71900919608,1.1108942213351143
LSQ15agh,0.0603,4.0,46909.82852136982,128763.50288283185,1.0963223433354332
LSQ15agh,0.0603,4.5,55046.02468087498,148688.53261924192,1.0788787874537946
LSQ15agh,0.0603,5.0,63311.411323280576,168367.92598988785,1.0619434183219976
LSQ15agh,0.0603,5.5,71755.92003341709,187902.15598428523,1.0451850650110437
LSQ15agh,0.0603,6.0,80068.53741426971,206762.15579311244,1.03002289049936
LSQ15agh,0.0603,6.5,87718.52081065039,224129.13148120933,1.0185175215148967
LSQ15agh,0.0603,7.0,94337.88500835706,239458.8756302414,1.011362008824446
LSQ15agh,0.0603,7.5,99958.53957361508,252739.78471604647,1.0071342722580925
LSQ15agh,0.0603,8.0,104802.13794839488,264376.8518273258,1.0046332111562113
LSQ15agh,0.0603,8.5,108961.52396586988,274248.3709043412,1.0021772191906873
LSQ15agh,0.0603,9.0,112502.17392367127,282299.69114716304,0.998873721079187
LSQ15agh,0.0603,9.5,115220.84381569542,288685.04284967046,0.9972330791383056
LSQ15agh,0.0603,10.0,117247.58848609774,293928.8213854848,0.9978456353903651
LSQ15aja,0.07,1.0,332.0191037930884,809.2395846510713,0.9672851138653555
LSQ15aja,0.07,1.5,623.2924590951149,1346.1837805025325,0.836031202608073
LSQ15aja,0.07,2.0,788.1176592204591,1727.5165087613004,0.8520778688996695
LSQ15aja,0.07,2.5,912.4229741438736,1892.1748986372108,0.7919126623183048
LSQ15aja,0.07,3.0,891.7022103692437,1859.8537392956628,0.7981473725997492
LSQ15aja,0.07,3.5,847.6601155615288,1742.3484789672125,0.7822831788098019
LSQ15aja,0.07,4.0,822.9153128791725,1668.1725216402738,0.7672145484319326
LSQ15aja,0.07,4.5,741.7158412748843,1641.1569508581565,0.8622814046913775
LSQ15aja,0.07,5.0,702.1080748661428,1398.15924424613,0.7478816766013681
LSQ15aja,0.07,5.5,650.0468630323951,1340.5348196483624,0.785833580479976
LSQ15aja,0.07,6.0,576.0449663330714,1291.4685550247095,0.8765686259087762
LSQ15aja,0.07,6.5,490.68781596972457,1224.5275298664797,0.9929081975819009
LSQ15aja,0.07,7.0,425.9767794493517,1111.64624100663,1.0414516949616712
LSQ15aja,0.07,7.5,435.3284061578464,1126.527762908369,1.0323122311581443
LSQ15aja,0.07,8.0,564.8637760347282,1128.3392871395154,0.7512399625256923
LSQ15aja,0.07,8.5,777.1636490156159,1249.2296999038526,0.5153245552409604
LSQ15aja,0.07,9.0,1101.3078033455004,1662.4440332793097,0.44709579279068423
LSQ15aja,0.07,9.5,1782.4203062082058,2623.9890472555726,0.4198797417719484
LSQ15aja,0.07,10.0,2885.5491883329387,4290.397058647453,0.43067251083995145
LSQ15alq,0.0471,1.0,1005.9755902062192,2336.004794460318,0.9147157175381935
LSQ15alq,0.0471,1.5,2112.95949563799,5084.495277627467,0.9533916909492992
LSQ15alq,0.0471,2.0,3821.0404589675554,8948.534148887675,0.9239256588447097
LSQ15alq,0.0471,2.5,6846.756681270016,13836.73236549906,0.7638716162257319
LSQ15alq,0.0471,3.0,10749.959251567465,19562.420831742616,0.6500394482266294
LSQ15alq,0.0471,3.5,13288.04579401916,25885.834137419224,0.7240026199582418
LSQ15alq,0.0471,4.0,15826.458937468542,32565.61582529829,0.7834388498198276
LSQ15alq,0.0471,4.5,18485.721619237305,39716.02574258445,0.8303234372751466
LSQ15alq,0.0471,5.0,21416.55311694609,47312.06215002099,0.8605557575058196
LSQ15alq,0.0471,5.5,24330.83550195501,55008.30906381567,0.8856781814326509
LSQ15alq,0.0471,6.0,27237.240499877556,63991.42482501645,0.9273966866171903
LSQ15alq,0.0471,6.5,30543.58189199568,72477.35097934368,0.9382058639435296
LSQ15alq,0.0471,7.0,33993.97826617747,81830.5828854436,0.9537841307160135
LSQ15alq,0.0471,7.5,37968.81669071954,91533.051989728,0.9553772021583788
LSQ15alq,0.0471,8.0,42045.55200755424,102486.9494981268,0.9673712700616939
LSQ15alq,0.0471,8.5,46268.57655108266,114682.04435079946,0.9855232187843876
LSQ15alq,0.0471,9.0,51186.87149568545,127763.51082996356,0.9931206268237686
LSQ15alq,0.0471,9.5,56352.15877261597,141276.64778901776,0.9978995587589273
LSQ15alq,0.0471,10.0,61444.02378689883,155677.88075059323,1.0093681557085508
LSQ15bv,0.0689,1.0,808.0807440266595,2338.646368613039,1.1537744956720228
LSQ15bv,0.0689,1.5,1785.4017911932683,5435.812746215252,1.2088213038200766
LSQ15bv,0.0689,2.0,3245.5855110987904,10403.793141372196,1.26474663150847
LSQ15bv,0.0689,2.5,5450.7957109418585,17527.99155249045,1.2681806243314055
LSQ15bv,0.0689,3.0,8666.072863672158,27759.77925483941,1.26398418017017
LSQ15bv,0.0689,3.5,13096.09504119106,42308.422737188914,1.273212542253003
LSQ15bv,0.0689,4.0,18987.786764607263,62310.98214681236,1.2902256269441774
LSQ15bv,0.0689,4.5,26669.694456576024,89006.23992906098,1.3085060361307619
LSQ15bv,0.0689,5.0,36052.24755593733,120699.92531104268,1.3119366420763248
LSQ15bv,0.0689,5.5,45696.03450856016,151772.9550501384,1.3032896907072593
LSQ15bv,0.0689,6.0,53889.750974234215,177518.14148004615,1.2943414142523388
LSQ15bv,0.0689,6.5,60902.1336936365,198731.2038352817,1.2840838875405394
LSQ15bv,0.0689,7.0,66702.13792619178,216896.74202526783,1.2802831862795516
LSQ15bv,0.0689,7.5,71690.30138358533,232429.81199206944,1.2770785619232026
LSQ15bv,0.0689,8.0,75949.89926078865,246021.16704585945,1.2761131804166514
LSQ15bv,0.0689,8.5,79821.67234152951,257780.62771995872,1.2728236361701057
LSQ15bv,0.0689,9.0,83300.17747852356,268279.49752490607,1.2698538938616175
LSQ15bv,0.0689,9.5,86294.9116850067,277415.15358589723,1.2678624794031892
LSQ15bv,0.0689,10.0,88927.3723476814,285030.0323918145,1.2646379058065786
PS15sv,0.0333,1.0,8047.688076791657,16268.9512839911,0.7642210590878304
PS15sv,0.0333,1.5,16577.53883232466,33786.348648828214,0.7730530135587652
PS15sv,0.0333,2.0,24140.57022179794,49466.00767677241,0.77889834063123
PS15sv,0.0333,2.5,29011.554031952823,59700.08562322205,0.7835099029377758
PS15sv,0.0333,3.0,32494.19238875772,67565.91077730856,0.7948047197102209
PS15sv,0.0333,3.5,35147.89081061332,73929.51507708308,0.807296472478338
PS15sv,0.0333,4.0,37348.26252248778,79033.96351162653,0.8138583982632686
PS15sv,0.0333,4.5,39299.30261583744,83364.42661024952,0.8164898092581457
PS15sv,0.0333,5.0,40891.677807814056,87523.35039493396,0.8262225096165665
PS15sv,0.0333,5.5,43024.0927170805,92715.05770951422,0.8335963804579145
PS15sv,0.0333,6.0,51087.45450752395,111231.78811459006,0.8447866370539987
PS15sv,0.0333,6.5,68731.55988595425,161281.79141672177,0.9260728454536165
PS15sv,0.0333,7.0,76270.96157022836,178169.25524197353,0.9211838573089806
PS15sv,0.0333,7.5,77951.76506598105,181344.9644848211,0.9166988684432308
PS15sv,0.0333,8.0,78600.1058052114,182776.89298396208,0.9162453996221893
PS15sv,0.0333,8.5,78779.86329363594,183513.1449615518,0.9181298879260786
PS15sv,0.0333,9.0,79047.73964367213,185391.24859364517,0.9254994338032541
PS15sv,0.0333,9.5,78864.28843013874,186198.0326342674,0.9327367469069734
PS15sv,0.0333,10.0,79009.65940584446,188101.3636912838,0.9417793861213758
SN04dt,0.02,1.0,,101796.29693325986,
SN04dt,0.02,1.5,,223199.10965537085,
SN04dt,0.02,2.0,,395067.21115328505,
SN04dt,0.02,2.5,,620725.5198000188,
SN04dt,0.02,3.0,,898956.2256376748,
SN04dt,0.02,3.5,,1239873.5028429315,
SN04dt,0.02,4.0,,1675704.6648020467,
SN04dt,0.02,4.5,,2254251.979176835,
SN04dt,0.02,5.0,,3055932.157428158,
SN04dt,0.02,5.5,,3973142.851869393,
SN04dt,0.02,6.0,,4644435.863463389,
SN04dt,0.02,6.5,,5170299.724328954,
SN04dt,0.02,7.0,,5608671.202621793,
SN04dt,0.02,7.5,,5984743.96930615,
SN04dt,0.02,8.0,,6315088.242716913,
SN04dt,0.02,8.5,,6599675.762524978,
SN04dt,0.02,9.0,,6839540.901408771,
SN04dt,0.02,9.5,,7034686.948018767,
SN04dt,0.02,10.0,,7188247.47192738,
SN04ef,0.031,1.0,4948.7363321973935,14625.530126805425,1.176543253689183
SN04ef,0.031,1.5,11533.148140877942,33271.17375345102,1.1503006296587603
SN04ef,0.031,2.0,20269.63309407435,59142.74639083729,1.1626390008791705
SN04ef,0.031,2.5,30076.70447550828,90416.88646604677,1.195048248242579
SN04ef,0.031,3.0,40548.720457809504,125864.94011824513,1.229819048044155
SN04ef,0.031,3.5,52037.24595323459,165611.06702750092,1.2569376291473968
SN04ef,0.031,4.0,64004.3754372972,210491.433376686,1.2925619037252665
SN04ef,0.031,4.5,77481.25049058674,261258.7040348261,1.3196853672921816
SN04ef,0.031,5.0,93662.68505473908,321264.2944326183,1.338239641835958
SN04ef,0.031,5.5,114766.527500061,396500.78263711534,1.3460720188348119
SN04ef,0.031,6.0,144846.72334005384,498820.8641628337,1.3425898379440033
SN04ef,0.031,6.5,190549.81587768477,645552.3400933287,1.3248073157379914
SN04ef,0.031,7.0,259562.481026325,863027.6742873504,1.3044570138503793
SN04ef,0.031,7.5,344132.64814713784,1114558.3730957604,1.275942355988855
SN04ef,0.031,8.0,415984.2103380731,1328041.7172977915,1.2603371782870878
SN04ef,0.031,8.5,468323.7626403723,1486728.3598718783,1.2542135787118736
SN04ef,0.031,9.0,507968.0402276297,1607395.6993997968,1.2507160333807468
SN04ef,0.031,9.5,539431.5162028987,1708315.70164479,1.2515795404765615
SN04ef,0.031,10.0,565508.7995828404,1796077.973410796,1.2547145492341163
SN04eo,0.016,1.0,-477.2482336051069,-618.1664072397894,
SN04eo,0.016,1.5,-1134.6438806453775,-1574.116328772894,
SN04eo,0.016,2.0,-1802.117439046318,-2897.431282904163,
SN04eo,0.016,2.5,-2384.318590355085,-3557.077346897591,
SN04eo,0.016,3.0,-809.2661566749393,-3803.968978303476,
SN04eo,0.016,3.5,-622.2470885826078,-3252.5231469701,
SN04eo,0.016,4.0,6803.893655784266,7546.783274406021,0.11251090314558909
SN04eo,0.016,4.5,22643.724826202542,40829.71875493542,0.6400712996199597
SN04eo,0.016,5.0,30275.86214477284,57445.81984245709,0.6954047819782045
SN04eo,0.016,5.5,60142.72283461955,118659.78395081028,0.737801168221678
SN04eo,0.016,6.0,87517.72044139651,198921.81709592423,0.8914660514839199
SN04eo,0.016,6.5,108172.38578019071,236213.40967609696,0.8479703506272458
SN04eo,0.016,7.0,134156.2401948918,285609.0327221247,0.8204026499444956
SN04eo,0.016,7.5,184653.7971604177,372905.7338483748,0.7631020460345196
SN04eo,0.016,8.0,230773.63650144052,486205.49793092685,0.8090841794884509
SN04eo,0.016,8.5,282428.01519466215,1099403.385298419,1.4756232398694706
SN04eo,0.016,9.0,799209.1174168165,2265924.725880712,1.1314626219655888
SN04eo,0.016,9.5,2350036.276259062,4231072.890946799,0.6384398523048314
SN04eo,0.016,10.0,4028111.190875358,6263072.735311509,0.4792150128890036
SN04ey,0.016,1.0,39169.215914928005,85055.42248122998,0.8418928203502773
SN04ey,0.016,1.5,85858.6756384693,188824.12796149985,0.8556832561101442
SN04ey,0.016,2.0,142413.89156722734,319760.44459656364,0.878180962681518
SN04ey,0.016,2.5,207740.70493845327,478025.2606430507,0.9048231148998223
SN04ey,0.016,3.0,281328.3354747526,664340.917326467,0.9329438129882984
SN04ey,0.016,3.5,365662.9995835186,885849.843229909,0.9606977378346838
SN04ey,0.016,4.0,464237.9907450505,1141953.017520362,0.9772688963401064
SN04ey,0.016,4.5,586041.0948857894,1451814.2500984692,0.984957459468673
SN04ey,0.016,5.0,706663.1467705178,1761827.738635024,0.9918775008757673
SN04ey,0.016,5.5,811056.5031843812,2032715.957529948,0.9975639641372481
SN04ey,0.016,6.0,912487.471838976,2290136.816366253,0.9990862952586155
SN04ey,0.016,6.5,1016267.2405020216,2544752.6611293056,0.9965941273094342
SN04ey,0.016,7.0,1120413.0883986785,2799370.0162399607,0.9942053327568318
SN04ey,0.016,7.5,1213786.645206022,3029277.600943466,0.9929917969761849
SN04ey,0.016,8.0,1299723.5769422282,3235759.3101577857,0.9903130308351081
SN04ey,0.016,8.5,1381851.909256921,3427269.0598651576,0.9862167435006444
SN04ey,0.016,9.0,1461093.4839771793,3608959.049292038,0.9817598755647584
SN04ey,0.016,9.5,1537804.4687322024,3775639.768627857,0.9752235831269116
SN04ey,0.016,10.0,1600706.904708482,3912329.3130751327,0.9703089632451449
SN04gs,0.027,1.0,4298.430708887467,13035.49308042423,1.2045438329281999
SN04gs,0.027,1.5,9357.900944545898,28740.51640912032,1.2182903087178014
SN04gs,0.027,2.0,16689.8084415676,50846.23294031643,1.2095185767146495
SN04gs,0.027,2.5,26497.71050913815,80669.06954597568,1.20874674166665
SN04gs,0.027,3.0,39077.7889378701,118631.69110642326,1.2056768461254506
SN04gs,0.027,3.5,54418.42051619438,164562.37506192294,1.2014615360296244
SN04gs,0.027,4.0,72528.66411094437,221606.9593095112,1.2126842910535043
SN04gs,0.027,4.5,96182.97072541864,299404.44661732786,1.2329001483767215
SN04gs,0.027,5.0,156588.86319888226,451863.9225003937,1.1506169918693152
SN04gs,0.027,5.5,220552.9867157382,662493.5014507495,1.1941716979790218
SN04gs,0.027,6.0,258694.31699208237,811092.6696309026,1.2407089704926808
SN04gs,0.027,6.5,303705.1669428593,957663.3780291216,1.2469017481372573
SN04gs,0.027,7.0,361254.6543287177,1139512.2476278597,1.2472638655918384
SN04gs,0.027,7.5,432866.1903736429,1369176.7305134027,1.2502646090926235
SN04gs,0.027,8.0,526540.0722760687,1675669.778410827,1.2568925207151738
SN04gs,0.027,8.5,657450.2903276182,2096186.6891914045,1.258917593473361
SN04gs,0.027,9.0,820192.3543820037,2579916.611928897,1.2442248808291942
SN04gs,0.027,9.5,951365.5023949232,2981893.8531608884,1.2403619510137238
SN04gs,0.027,10.0,1051246.3439519464,3289188.9981475994,1.2384608263224803
SN04gu,0.046,1.0,3965.332942017073,6914.38614637198,0.6036849297663957
SN04gu,0.046,1.5,9258.326049668523,16976.256301664143,0.6582736305193708
SN04gu,0.046,2.0,16175.04255745913,30128.70904925196,0.6753377287162146
SN04gu,0.046,2.5,23930.07794450933,44731.22554472386,0.6791667098310711
SN04gu,0.046,3.0,31689.3068940506,59179.85263836687,0.6781528474107729
SN04gu,0.046,3.5,39047.874537184885,72840.67597719604,0.6769414206194098
SN04gu,0.046,4.0,45815.810086383535,85348.42522395989,0.6754503560091198
SN04gu,0.046,4.5,52194.90282933502,96809.78673807856,0.6707279250444677
SN04gu,0.046,5.0,57904.24175142942,107135.06065411688,0.6680531021634162
SN04gu,0.046,5.5,63274.301929958594,116673.00110093452,0.6643575163667528
SN04gu,0.046,6.0,68319.20749408798,125447.29545640244,0.6597962070865137
SN04gu,0.046,6.5,72867.37563206442,133660.0697607911,0.6586713876536882
SN04gu,0.046,7.0,77508.46890194662,141704.43742843755,0.655085730767061
SN04gu,0.046,7.5,82210.05692881187,149313.76365987645,0.6479372341228502
SN04gu,0.046,8.0,86228.06833858321,156294.34834980962,0.6457365421027341
SN04gu,0.046,8.5,89875.6986768493,162404.8399994453,0.6423917211049126
SN04gu,0.046,9.0,93072.8377820582,168183.7377127257,0.6424026107307377
SN04gu,0.046,9.5,96081.16464321496,173480.78405827607,0.6415327939959201
SN04gu,0.046,10.0,98814.0267381506,178107.22464855504,0.639657347168701
SN05A,0.019,1.0,69488.77102368012,180494.82464249543,1.036375307488985
SN05A,0.019,1.5,164132.3462296598,435757.2009939599,1.0601259874852949
SN05A,0.019,2.0,321605.2425648631,849076.1774722983,1.054058840948218
SN05A,0.019,2.5,618357.9922072412,1605944.5366661383,1.036226409806129
SN05A,0.019,3.0,1135374.084399667,3121998.0529885176,1.098234127284066
SN05A,0.019,3.5,1587335.1860559385,4458650.471056197,1.121336961480342
SN05A,0.019,4.0,2068200.0535670824,5745911.824368029,1.1094160301736398
SN05A,0.019,4.5,2601771.5347871524,7099974.115835168,1.0899690188401492
SN05A,0.019,5.0,3141275.319522547,8507442.813904576,1.081732590882532
SN05A,0.019,5.5,3639935.443843182,9816161.84385779,1.0771200723138332
SN05A,0.019,6.0,4142765.34471094,11083555.987852557,1.0684719620605407
SN05A,0.019,6.5,4637481.2054316085,12328398.192382587,1.0615612264658745
SN05A,0.019,7.0,5104503.534850893,13483469.428404016,1.0546203647313286
SN05A,0.019,7.5,5583773.497428999,14625120.895498725,1.0454291792693058
SN05A,0.019,8.0,6083614.107311524,15811969.124037456,1.0370607482923588
SN05A,0.019,8.5,6535451.124107068,16898312.162145566,1.0314193936609681
SN05A,0.019,9.0,6949838.912126642,17913252.46043529,1.027999270816279
SN05A,0.019,9.5,7338404.413952973,18863498.88761776,1.0250515226699488
SN05A,0.019,10.0,7700302.500534737,19755805.97340241,1.0229674144044754
SN05M,0.025,1.0,4891.971364221226,7615.045905056102,0.48047154880629006
SN05M,0.025,1.5,9697.097690689774,16852.135499692242,0.6000329290150814
SN05M,0.025,2.0,20115.639956315,35718.99767546117,0.6234135244212967
SN05M,0.025,2.5,41649.65789325292,74530.25053425909,0.631802856547174
SN05M,0.025,3.0,86222.34270034434,154346.82891906422,0.6321947315029635
SN05M,0.025,3.5,163166.51371277586,295169.9312602586,0.6436026996075239
SN05M,0.025,4.0,268463.3855589317,489007.9189030357,0.6510770733591025
SN05M,0.025,4.5,395408.8442359943,728620.6017819948,0.6636376692168973
SN05M,0.025,5.0,538329.8494565911,997504.9778520432,0.6696665256650538
SN05M,0.025,5.5,707786.977819701,1329315.6709308955,0.6843138913154201
SN05M,0.025,6.0,866160.4510295261,1640166.8127518797,0.693224175466185
SN05M,0.025,6.5,1007939.5187752245,1913044.459347283,0.6957264751532087
SN05M,0.025,7.0,1136639.0384158385,2161042.1078439187,0.697601652907599
SN05M,0.025,7.5,1238263.5928609087,2359067.583790055,0.6998181971776727
SN05M,0.025,8.0,1316702.3550433656,2510779.696352353,0.7008024892254563
SN05M,0.025,8.5,1383754.5854082366,2639175.8044076003,0.7010231199375299
SN05M,0.025,9.0,1451678.2388884604,2764479.31043958,0.6993574433231788
SN05M,0.025,9.5,1528801.8139223405,2905260.664244518,0.6970847866862085
SN05M,0.025,10.0,1609999.007188489,3051629.6976035475,0.6942655611328907
SN05W,0.009,1.0,,157874.79321927857,
SN05W,0.009,1.5,,679835.7342563993,
SN05W,0.009,2.0,,867081.7012340245,
SN05W,0.009,2.5,,1029037.668836529,
SN05W,0.009,3.0,,1201243.2892342526,
SN05W,0.009,3.5,,1379102.272112246,
SN05W,0.009,4.0,,1584528.751487058,
SN05W,0.009,4.5,,1813480.9968041435,
SN05W,0.009,5.0,,2053878.0644066583,
SN05W,0.009,5.5,,2430204.493208196,
SN05W,0.009,6.0,,3320614.13532799,
SN05W,0.009,6.5,,5172168.884406046,
SN05W,0.009,7.0,,7806301.6582405055,
SN05W,0.009,7.5,,10773641.096996034,
SN05W,0.009,8.0,,14355232.023788668,
SN05W,0.009,8.5,,18437153.342502102,
SN05W,0.009,9.0,,23673893.921059724,
SN05W,0.009,9.5,,28933448.39348268,
SN05W,0.009,10.0,,34720154.749163136,
SN05ag,0.08,1.0,469.353485058131,1313.4736515359953,1.1173032956275688
SN05ag,0.08,1.5,1000.662366941777,2962.1440455156494,1.1782965170953235
SN05ag,0.08,2.0,1786.9147819201953,5285.464999717441,1.1774483995293696
SN05ag,0.08,2.5,2825.387854185437,8203.779785596877,1.1573398004708926
SN05ag,0.08,3.0,4121.248223670104,11783.904242513092,1.1406510793865503
SN05ag,0.08,3.5,5508.940386337607,15917.225268537344,1.1519982247181475
SN05ag,0.08,4.0,7151.408363898605,20764.078893078156,1.157302730562026
SN05ag,0.08,4.5,9086.641589007271,26145.98960231145,1.1475042148402426
SN05ag,0.08,5.0,11256.46786038585,32222.657382337708,1.141898044671993
SN05ag,0.08,5.5,13697.10346829952,39150.54839150593,1.1402727831547987
SN05ag,0.08,6.0,16454.659633883166,46934.05126542267,1.137997850174227
SN05ag,0.08,6.5,19463.48354655645,55405.039950080274,1.135821750165453
SN05ag,0.08,7.0,22616.482540261142,64696.33327726302,1.1411365143639665
SN05ag,0.08,7.5,26061.22510414752,75002.0268896277,1.1476954316337138
SN05ag,0.08,8.0,29981.07171192421,86460.11266595569,1.149921609805328
SN05ag,0.08,8.5,34503.85688489777,99501.37306475552,1.1499035750986752
SN05ag,0.08,9.0,39660.46396293224,114701.2905123863,1.1530262844217671
SN05ag,0.08,9.5,45600.219440532106,132311.42602047452,1.1565760439321158
SN05ag,0.08,10.0,52639.76052152146,152985.12546705923,1.1583382554453525
SN05al,0.012,1.0,81298.34564083957,230330.2352364897,1.130673107542591
SN05al,0.012,1.5,182128.5650621341,519065.617930925,1.1371104923481732
SN05al,0.012,2.0,328892.9677776107,938445.2138000984,1.13838583993721
SN05al,0.012,2.5,530239.554791451,1513739.2585180649,1.1389473808048831
SN05al,0.012,3.0,804131.6659852439,2293604.200860064,1.1379782769804438
SN05al,0.012,3.5,1184553.3785624064,3382285.1870798087,1.139138969583213
SN05al,0.012,4.0,1743219.863904572,5002644.063870826,1.1446185951821413
SN05al,0.012,4.5,2524839.0594204217,7371721.671679601,1.1633380734888898
SN05al,0.012,5.0,3099033.5926386486,9039479.223256191,1.1622928175123213
SN05al,0.012,5.5,3516420.6340182936,10239622.119239584,1.1604577750986285
SN05al,0.012,6.0,3838983.66934658,11163856.558141408,1.158994957563214
SN05al,0.012,6.5,4103565.008662813,11922735.957094757,1.1580365204932954
SN05al,0.012,7.0,4505385.18592121,13156275.663312154,1.1635025948903677
SN05al,0.012,7.5,4924368.390082532,14391322.673426552,1.164375439759933
SN05al,0.012,8.0,5083383.3548838105,14858354.454420744,1.164544629859094
SN05al,0.012,8.5,5209624.390087877,15234767.692948252,1.1650735603707842
SN05al,0.012,9.0,5316623.423617112,15551314.340889828,1.1653279989610317
SN05al,0.012,9.5,5439112.074131417,15907702.601727111,1.1651986387708733
SN05al,0.012,10.0,5520613.674646333,16149729.485433584,1.1654447381917867
SN05am,0.008,1.0,339558.700905618,906691.840519216,1.066362110197169
SN05am,0.008,1.5,1908316.764591604,3832827.987775112,0.757172158840355
SN05am,0.008,2.0,2853458.60301531,6388550.801536526,0.8750769407513375
SN05am,0.008,2.5,3479611.958404006,8083892.352598549,0.9152242674419462
SN05am,0.008,3.0,4161265.6386111546,9959806.459674137,0.9475636473231839
SN05am,0.008,3.5,4916128.65620536,12060615.810792264,0.9743656083622741
SN05am,0.008,4.0,5749792.107178331,14403708.775222933,0.9970554738317903
SN05am,0.008,4.5,6746575.155676322,17205033.019352186,1.0164303693821246
SN05am,0.008,5.0,7960919.952957035,20709901.728999868,1.0380369525195032
SN05am,0.008,5.5,9677600.064534295,25721482.27507986,1.0613208047935487
SN05am,0.008,6.0,12693962.202857304,34062441.86299309,1.071696443847654
SN05am,0.008,6.5,15280345.434288688,41453450.76309561,1.0835687918053731
SN05am,0.008,7.0,16811243.667592812,45828463.59538931,1.088838636776542
SN05am,0.008,7.5,17906995.619862303,48916520.37102927,1.0910820724193184
SN05am,0.008,8.0,18751137.257540844,51270101.598599136,1.092091413016508
SN05am,0.008,8.5,19479640.095517203,53312135.94020119,1.0931128854357333
SN05am,0.008,9.0,20080386.204715047,54965930.48508152,1.0933038074180752
SN05am,0.008,9.5,20586085.59806856,56349784.83868746,1.093296219619393
SN05am,0.008,10.0,21046694.039924294,57594464.31637921,1.092992138997207
SN05be,0.034,1.0,3231.7590578400027,9255.614475679213,1.1424157048454222
SN05be,0.034,1.5,8255.063925114531,24056.40499884859,1.1612757149779405
SN05be,0.034,2.0,17404.1231468666,50900.92605489997,1.1651838401719878
SN05be,0.034,2.5,32406.29658766223,95740.82939133904,1.1761694574675454
SN05be,0.034,3.0,56091.50683690856,164985.65081730412,1.1713726681284293
SN05be,0.034,3.5,134759.42571893177,267263.51960486977,0.7434513294937227
SN05be,0.034,4.0,239777.95776538565,415776.8614961,0.5976276493187639
SN05be,0.034,4.5,357058.4857391092,647010.6650206072,0.6454302014890261
SN05be,0.034,5.0,452221.71831685305,969212.7448643062,0.8276692512290242
SN05be,0.034,5.5,529328.0016598034,1219943.247356891,0.906536896257032
SN05be,0.034,6.0,581229.0521595149,1380830.1168063108,0.939482341929482
SN05be,0.034,6.5,618458.1552927884,1495623.9530939865,0.9587802281135347
SN05be,0.034,7.0,648105.0673757019,1584540.3929051044,0.9706447438467726
SN05be,0.034,7.5,671244.7992724515,1656493.4729401548,0.9807719877987215
SN05be,0.034,8.0,690467.4565617412,1715187.2710594228,0.9879208274130453
SN05be,0.034,8.5,705420.9723465333,1763017.0185790632,0.9945203434942187
SN05be,0.034,9.0,717928.0230217922,1802379.65519458,0.9994134274343367
SN05be,0.034,9.5,728086.9423031552,1835151.991027414,1.003721992145474
SN05be,0.034,10.0,736552.4243062293,1862981.6884077096,1.0075123071431344
SN05bg,0.023,1.0,224515.58490271337,328401.00385624304,0.41289495691746514
SN05bg,0.023,1.5,397576.09179370303,571939.1839330739,0.3948239778059251
SN05bg,0.023,2.0,547905.3613954061,793022.0480153617,0.4014492795738755
SN05bg,0.023,2.5,668676.209084409,976528.5583114212,0.4111726924423447
SN05bg,0.023,3.0,775043.953251347,1131251.3902226186,0.41058198399722345
SN05bg,0.023,3.5,874329.6888472773,1270643.802616009,0.40587149249145626
SN05bg,0.023,4.0,961868.3218734168,1394549.599906491,0.40329585870117335
SN05bg,0.023,4.5,1038778.5566491748,1503311.9790872247,0.4013153554056243
SN05bg,0.023,5.0,1106192.7886720167,1597447.300645447,0.39898929213756545
SN05bg,0.023,5.5,1166145.8503396786,1673692.6863347406,0.3923071178870038
SN05bg,0.023,6.0,1207058.3880716364,1730141.7297248214,0.39088350682343315
SN05bg,0.023,6.5,1239263.5803371356,1776828.5338434768,0.3912045827464624
SN05bg,0.023,7.0,1267631.4455389222,1816990.2864237805,0.3908990039933362
SN05bg,0.023,7.5,1294753.3184430357,1853462.5255532272,0.3894919420905115
SN05bg,0.023,8.0,1318745.8614725666,1886039.4099815115,0.388474134062067
SN05bg,0.023,8.5,1338992.535159478,1915603.0793613663,0.388818426663142
SN05bg,0.023,9.0,1356243.851167859,1937369.473070749,0.38718667523745276
SN05bg,0.023,9.5,1367941.9832926707,1953416.778330012,0.38681808757763314
SN05bg,0.023,10.0,1375993.6743997529,1965864.24183427,0.38734271432054956
SN05bl,0.024,1.0,8120.618374204256,25490.924628356395,1.2419912185208017
SN05bl,0.024,1.5,18710.95996549094,57750.91903460194,1.2236570758426477
SN05bl,0.024,2.0,33606.15581712753,103995.79396731964,1.2264923456109957
SN05bl,0.024,2.5,53533.45652337563,166001.17018502884,1.2287146597281786
SN05bl,0.024,3.0,78918.2980399587,245534.8777451112,1.232338702183316
SN05bl,0.024,3.5,110852.19677517096,345365.9771730812,1.2338381198388875
SN05bl,0.024,4.0,150217.5853637285,467002.72169866,1.2314965872736108
SN05bl,0.024,4.5,197509.65847988587,614446.5348175375,1.2322394032693769
SN05bl,0.024,5.0,254773.83513091665,791389.381156457,1.230588485044642
SN05bl,0.024,5.5,323350.98374325363,1004728.7354932778,1.2309365920297768
SN05bl,0.024,6.0,406295.3451661818,1262501.773256125,1.2309753751032613
SN05bl,0.024,6.5,508413.64870529226,1575132.231388442,1.2277495436185668
SN05bl,0.024,7.0,631097.8786584408,1962035.7517162447,1.2315254908964746
SN05bl,0.024,7.5,790115.7472003418,2462402.467708672,1.2341708005997534
SN05bl,0.024,8.0,1015165.6646382014,3166840.49106927,1.2352231718192919
SN05bl,0.024,8.5,1344587.806524546,4190817.921515678,1.2342740598464648
SN05bl,0.024,9.0,1680631.613365185,5261038.106009297,1.238997297222387
SN05bl,0.024,9.5,1926356.502889365,6053055.532270474,1.2430949873386437
SN05bl,0.024,10.0,2113373.685354478,6652875.821249781,1.2450828043052171
SN05bo,0.014,1.0,134651.69759326702,172333.15788424545,0.2678925329205697
SN05bo,0.014,1.5,268299.83222598623,356894.2905326163,0.3097979980636748
SN05bo,0.014,2.0,428656.9895711557,594835.8769507708,0.3557181126912202
SN05bo,0.014,2.5,659617.8787578311,937042.1106655608,0.3811667248871826
SN05bo,0.014,3.0,1131585.532917149,1513373.1577886124,0.3156466007546415
SN05bo,0.014,3.5,1602122.6499889337,2143768.18534464,0.3162051529429847
SN05bo,0.014,4.0,2054387.6326710724,2809936.3071060604,0.3400352097285781
SN05bo,0.014,4.5,2547450.5953098843,3532379.517387864,0.35490396920360157
SN05bo,0.014,5.0,2903761.399174106,4076511.948509696,0.3683194797569428
SN05bo,0.014,5.5,3207299.2172091478,4529968.638959728,0.37488929281547984
SN05bo,0.014,6.0,3477328.0838267305,4932960.146281631,0.3796548468515548
SN05bo,0.014,6.5,3709647.8545906455,5287201.582742197,0.3847329588291232
SN05bo,0.014,7.0,3922117.275534766,5611860.470129215,0.3889657226468256
SN05bo,0.014,7.5,4124227.857172692,5921351.854765456,0.3926955421191204
SN05bo,0.014,8.0,4317778.872983409,6216576.481105788,0.3957272101489222
SN05bo,0.014,8.5,4518096.154779353,6517577.51160004,0.3978268385111203
SN05bo,0.014,9.0,4727108.759637266,6838014.957141954,0.4008361297635603
SN05bo,0.014,9.5,4976519.234969563,7219589.993653568,0.4039671182891829
SN05bo,0.014,10.0,5171643.540745569,7513902.923120255,0.4055924916438495
SN05el,0.015,1.0,2271.377479578103,6040.542592250921,1.0619665885440412
SN05el,0.015,1.5,3836.0615168550135,11486.672846976444,1.190771722398813
SN05el,0.015,2.0,6139.804239649124,19191.56308673661,1.2373895589176078
SN05el,0.015,2.5,9769.803649481535,30926.2689910106,1.2511042337266223
SN05el,0.015,3.0,15023.334126583984,46265.87193728849,1.2212360627798344
SN05el,0.015,3.5,22719.71975707929,67262.43125850405,1.1784239776715615
SN05el,0.015,4.0,32622.6790920324,95427.50006621078,1.1653848066921089
SN05el,0.015,4.5,46081.67303572107,128929.50535436862,1.1170601958146498
SN05el,0.015,5.0,60926.130765937865,170867.378320372,1.119638894183287
SN05el,0.015,5.5,78772.02777612062,223734.61398547844,1.133402884080251
SN05el,0.015,6.0,100368.09537953344,289362.41913968435,1.1496161091827926
SN05el,0.015,6.5,124838.51739029642,364293.5231596759,1.162757119158647
SN05el,0.015,7.0,154572.8381893158,450785.9296670906,1.1620929267530458
SN05el,0.015,7.5,188260.7658664084,550048.6732068725,1.164103250810132
SN05el,0.015,8.0,225083.51077124552,657005.9735061867,1.1630640942130683
SN05el,0.015,8.5,262745.7847242441,769574.2338607287,1.1667869033767055
SN05el,0.015,9.0,301788.17308778653,888873.5212510593,1.172844382839372
SN05el,0.015,9.5,343418.8911645358,1011236.4808809035,1.172571367471632
SN05el,0.015,10.0,384986.73611850914,1138820.0080127493,1.1775233040005764
SN05eq,0.029,1.0,2859.8694132433507,6384.8288631195,0.8720076453719166
SN05eq,0.029,1.5,5811.923758372775,13203.33045823746,0.8909089614674597
SN05eq,0.029,2.0,10234.627316938722,22609.86193507021,0.860564693653024
SN05eq,0.029,2.5,15662.099568946289,34870.818957846786,0.8690304163021949
SN05eq,0.029,3.0,21811.561127909164,49438.97698581287,0.8884568123029561
SN05eq,0.029,3.5,29485.53249060773,66559.17126900722,0.8839973265538108
SN05eq,0.029,4.0,39911.28449020986,89397.29728330635,0.8755717098494318
SN05eq,0.029,4.5,52592.96987078004,116775.05719659904,0.8660559825261533
SN05eq,0.029,5.0,64582.04981270505,144121.53937437024,0.8715426673741316
SN05eq,0.029,5.5,77660.11587756859,172920.59024532215,0.8691216876349008
SN05eq,0.029,6.0,90320.83621458463,202179.4388087852,0.8748725924611165
SN05eq,0.029,6.5,103726.92840601306,235983.33719159695,0.8924745521259426
SN05eq,0.029,7.0,118135.49826494048,270408.1037084188,0.8990982130365548
SN05eq,0.029,7.5,132783.2066402599,303935.92720676126,0.8990972178622408
SN05eq,0.029,8.0,147535.69520585315,337540.9430145337,0.8985733797751145
SN05eq,0.029,8.5,162358.5344488711,371655.2268696833,0.8991628063739308
SN05eq,0.029,9.0,177250.99732822267,405970.0871912235,0.8997633686461569
SN05eq,0.029,9.5,193320.37880850464,441513.5310187424,0.896665951083432
SN05eq,0.029,10.0,208319.3125759939,477966.36496477714,0.901669505278705
SN05gj,0.062,1.0,,14388.40434656808,
SN05gj,0.062,1.5,,20182.89180150033,
SN05gj,0.062,2.0,,23097.28196417522,
SN05gj,0.062,2.5,,24936.117173614195,
SN05gj,0.062,3.0,,26452.302175604666,
SN05gj,0.062,3.5,,27733.951063038112,
SN05gj,0.062,4.0,,28732.084103077283,
SN05gj,0.062,4.5,,30025.332946520848,
SN05gj,0.062,5.0,,31124.20920678346,
SN05gj,0.062,5.5,,32102.149202202203,
SN05gj,0.062,6.0,,32685.285820248988,
SN05gj,0.062,6.5,,33154.10180366747,
SN05gj,0.062,7.0,,33632.29198252108,
SN05gj,0.062,7.5,,33772.02166801293,
SN05gj,0.062,8.0,,33961.75648922287,
SN05gj,0.062,8.5,,34366.76376448528,
SN05gj,0.062,9.0,,34641.363763295354,
SN05gj,0.062,9.5,,34526.318428249055,
SN05gj,0.062,10.0,,34986.70061367453,
SN05hc,0.046,1.0,15109.704388951664,53311.09623302417,1.36890411310554
SN05hc,0.046,1.5,26343.355944770617,89820.53250765915,1.3317613137278583
SN05hc,0.046,2.0,38245.173250631175,128056.49620902754,1.3120624554414262
SN05hc,0.046,2.5,50308.132042728415,167093.29949758202,1.3033021068624342
SN05hc,0.046,3.0,62431.27972021669,206143.84302419564,1.2969203271916143
SN05hc,0.046,3.5,75166.85459465063,246049.20026487063,1.287488951219977
SN05hc,0.046,4.0,88105.91166288048,285850.9529391337,1.2778364875229242
SN05hc,0.046,4.5,101170.2282835641,325117.48682986933,1.2674689980453833
SN05hc,0.046,5.0,114254.7568904796,364044.8725237344,1.2582015698556293
SN05hc,0.046,5.5,127372.56939825696,402222.3037316901,1.2484755987091225
SN05hc,0.046,6.0,140494.10449757875,439901.5271629529,1.2392434229828078
SN05hc,0.046,6.5,154757.49543956533,476263.05624169833,1.2204880049574949
SN05hc,0.046,7.0,167502.40981282273,510775.7138115243,1.2105229497491414
SN05hc,0.046,7.5,179355.42647443325,542449.8494647118,1.2016126800981801
SN05hc,0.046,8.0,189746.39847794396,571205.0555106845,1.1965462528194286
SN05hc,0.046,8.5,199330.41971062747,596995.9481992811,1.1909945059489186
SN05hc,0.046,9.0,207790.50991365916,620118.2808865304,1.1871220639137847
SN05hc,0.046,9.5,215310.36807798248,640570.5538417179,1.1837550686756977
SN05hc,0.046,10.0,222112.41685907124,659860.7726232857,1.1821986835115659
SN05hj,0.0574,1.0,3911.2351092991016,10469.18891580201,1.0689977849030832
SN05hj,0.0574,1.5,7153.56372564951,19148.02792611572,1.069004004735772
SN05hj,0.0574,2.0,10148.74833266568,27088.017891010342,1.0659118613576075
SN05hj,0.0574,2.5,12632.890150327568,33878.79594110414,1.0710631182203394
SN05hj,0.0574,3.0,14659.835601329329,39121.49842381421,1.0657159515937171
SN05hj,0.0574,3.5,16268.688907448,42917.22117161972,1.0531975991924574
SN05hj,0.0574,4.0,17343.452720922374,45771.35925017232,1.0536456222579944
SN05hj,0.0574,4.5,18237.85907436988,47745.90712454384,1.044905733411891
SN05hj,0.0574,5.0,18749.116420797505,49323.68582032654,1.0501867923764694
SN05hj,0.0574,5.5,19009.753490223677,50286.216064285385,1.0561811797547793
SN05hj,0.0574,6.0,19236.096234081186,50979.77022585767,1.0582023315295632
SN05hj,0.0574,6.5,19443.546374549005,51525.24696869256,1.0581115045901797
SN05hj,0.0574,7.0,19639.54239089462,52093.25598041444,1.0591253465425985
SN05hj,0.0574,7.5,19784.64575278682,52077.60554293144,1.0508068229817862
SN05hj,0.0574,8.0,19746.70713111724,52194.84566736893,1.055332331754118
SN05hj,0.0574,8.5,19714.14314492129,52341.99993830613,1.0601810173711994
SN05hj,0.0574,9.0,19722.93471046029,52750.61719928941,1.0681400208081606
SN05hj,0.0574,9.5,19923.918718426023,52979.10990204458,1.0618247403927776
SN05hj,0.0574,10.0,19979.283279335035,53026.540459339776,1.0597834732512448
SN05hk,0.013,1.0,2731.087525273349,20548.75827542694,2.191124912088292
SN05hk,0.013,1.5,6996.215758454093,38301.79466601154,1.845889823401074
SN05hk,0.013,2.0,15142.82328899727,67256.85565013815,1.6188242631658731
SN05hk,0.013,2.5,26920.566881899475,112470.65456536176,1.5523875546285724
SN05hk,0.013,3.0,44135.2857708817,174734.62602407736,1.4939825797104138
SN05hk,0.013,3.5,68136.9469992625,265919.1335500441,1.4784172918187133
SN05hk,0.013,4.0,95409.81473270452,367379.47271356144,1.4638045848958217
SN05hk,0.013,4.5,124089.3711199161,486081.2211645863,1.4824356491655268
SN05hk,0.013,5.0,160025.63505707518,640316.4360833002,1.505512725952169
SN05hk,0.013,5.5,201542.8035736276,808319.7622784269,1.5080397531712417
SN05hk,0.013,6.0,237799.5744012113,951667.4251994076,1.50568532752325
SN05hk,0.013,6.5,268888.39874747343,1077218.8668447123,1.506829715808401
SN05hk,0.013,7.0,299939.9379142844,1198604.7446883123,1.5041042382068768
SN05hk,0.013,7.5,325881.2764893292,1295794.016915887,1.4986914038782337
SN05hk,0.013,8.0,345714.35684445244,1367615.730417563,1.4931166802976485
SN05hk,0.013,8.5,365428.1619691391,1435268.3130077026,1.4853277084003456
SN05hk,0.013,9.0,384031.6426375015,1491017.3095739142,1.4727891884454192
SN05hk,0.013,9.5,398557.7693025131,1534093.7206271586,1.4634015319793436
SN05hk,0.013,10.0,410485.206631886,1574105.7670965637,1.4593409993623083
SN05iq,0.034,1.0,1836.3606511273008,3819.004826654948,0.7949805724224794
SN05iq,0.034,1.5,3381.2566730085564,7372.010534934208,0.8462695190737486
SN05iq,0.034,2.0,4891.415389731652,11198.851689261215,0.8993473688140413
SN05iq,0.034,2.5,6644.64191853086,15802.136405443744,0.9406105616938198
SN05iq,0.034,3.0,8885.762914426326,21631.59402502101,0.9659845055211689
SN05iq,0.034,3.5,12161.43064858724,28799.55511485965,0.9360027785784951
SN05iq,0.034,4.0,15455.686520418336,37309.219202179,0.9568196493455323
SN05iq,0.034,4.5,19386.728820136566,47117.86319645152,0.9642026285496887
SN05iq,0.034,5.0,23952.186423979754,58280.71453602638,0.9654492612202077
SN05iq,0.034,5.5,29280.56274369187,71376.77937438404,0.967443822183382
SN05iq,0.034,6.0,35385.1074113575,86298.17856814076,0.9679527780921403
SN05iq,0.034,6.5,42817.95164369024,103288.6327813916,0.9560666035024863
SN05iq,0.034,7.0,50717.3361278503,122289.16494178574,0.9555788619245924
SN05iq,0.034,7.5,59322.70301501121,142773.8758466095,0.9535695452548796
SN05iq,0.034,8.0,67861.8209488384,163056.8599876199,0.9517839145485253
SN05iq,0.034,8.5,76716.12236288664,185175.24064008088,0.9567406862888118
SN05iq,0.034,9.0,86227.35298393967,209477.80212261312,0.9637323856784326
SN05iq,0.034,9.5,96482.70950130912,236456.2660754301,0.9732533403039484
SN05iq,0.034,10.0,106879.81087337856,265370.3427059482,0.987391771657973
SN05ir,0.0764,1.0,2047.038624643488,4342.14229428402,0.8164450354111884
SN05ir,0.0764,1.5,4317.108786766019,8839.076680048629,0.778034772242727
SN05ir,0.0764,2.0,6989.896890685175,14503.45969287547,0.7925021072334704
SN05ir,0.0764,2.5,9860.029887177056,20730.27918680248,0.8068172991964995
SN05ir,0.0764,3.0,13096.395230802042,27784.211294524863,0.8166157501431027
SN05ir,0.0764,3.5,16871.95860449548,35835.98216978158,0.8178845266201217
SN05ir,0.0764,4.0,20928.686799271483,44233.19133845802,0.812515738103732
SN05ir,0.0764,4.5,24913.88145020234,53077.374298914,0.8211700922441898
SN05ir,0.0764,5.0,29055.780372246987,62468.641674148064,0.8310737965034483
SN05ir,0.0764,5.5,32939.82011547411,72570.62169800756,0.8575990511391303
SN05ir,0.0764,6.0,36679.15263799247,82148.5144829812,0.8754510508010367
SN05ir,0.0764,6.5,40419.598406648336,91166.24712948332,0.8831052078949881
SN05ir,0.0764,7.0,44479.085903296094,99796.93449035936,0.8774033691296599
SN05ir,0.0764,7.5,48194.74820007142,108152.96297657072,0.8775967658966337
SN05ir,0.0764,8.0,51866.96090965598,116263.23946560296,0.8763790447847081
SN05ir,0.0764,8.5,55628.8896498968,123999.30789950356,0.8702971740770777
SN05ir,0.0764,9.0,58720.15312369879,130711.68811412656,0.8688181102527848
SN05ir,0.0764,9.5,61706.77871089264,136983.41792703152,0.8658378070030709
SN05ir,0.0764,10.0,63833.95895350792,141888.97199685615,0.8672421554684061
SN05kc,0.015,1.0,45167.22538429604,115448.17222342564,1.0189091220389856
SN05kc,0.015,1.5,102093.77050115564,269832.5104897542,1.0552375766073099
SN05kc,0.015,2.0,184478.4100219398,512573.3782640567,1.109526248553797
SN05kc,0.015,2.5,342845.7879601186,991650.0282594952,1.153149025734236
SN05kc,0.015,3.0,665770.7876494098,1964306.9918100731,1.1747115675037376
SN05kc,0.015,3.5,1310235.8874816552,3961042.962975743,1.201150155819919
SN05kc,0.015,4.0,1826206.8412275333,5531272.128072169,1.2031876502041385
SN05kc,0.015,4.5,2174307.6054415028,6567187.8687008135,1.2001461385990873
SN05kc,0.015,5.0,2447252.9090869376,7348202.780628403,1.1937556978377422
SN05kc,0.015,5.5,2681917.8150723297,8000409.148194712,1.1866668315339055
SN05kc,0.015,6.0,2876946.8900262625,8544810.22305133,1.1819264424846339
SN05kc,0.015,6.5,3059250.855817364,9036565.48181513,1.1759707744362633
SN05kc,0.015,7.0,3232687.4506601184,9485999.822017692,1.1687984871970016
SN05kc,0.015,7.5,3385630.0059660226,9884376.71084281,1.1632744842243756
SN05kc,0.015,8.0,3529591.466898355,10254485.698167298,1.1579736072473323
SN05kc,0.015,8.5,3662746.276068927,10589547.27175548,1.1526763947748309
SN05kc,0.015,9.0,3779389.071237377,10885352.78130548,1.1485522641861614
SN05kc,0.015,9.5,3877616.4659771193,11133112.688841036,1.145129385211937
SN05kc,0.015,10.0,3953304.786143186,11333292.96234484,1.1434895426533844
SN05lu,0.032,1.0,31085.075099449583,67332.93916726396,0.8391891286224762
SN05lu,0.032,1.5,62014.754770588384,135371.46947652748,0.8475802814745036
SN05lu,0.032,2.0,96366.12956751972,214521.3285362,0.8688651537259389
SN05lu,0.032,2.5,132165.31493862663,298678.4793226709,0.885216090824382
SN05lu,0.032,3.0,170026.51381481066,385117.3535559835,0.887691095819156
SN05lu,0.032,3.5,209777.2901418067,474126.6308977028,0.8853396965207632
SN05lu,0.032,4.0,251715.71556906105,567287.7258182894,0.8822326398921237
SN05lu,0.032,4.5,298192.8445547981,668748.7684446292,0.8769144433596063
SN05lu,0.032,5.0,342582.7400668821,764237.1907630138,0.8711567242122363
SN05lu,0.032,5.5,382825.9042333504,849253.9021706657,0.8650905851399711
SN05lu,0.032,6.0,422498.4902537173,932316.7637860652,0.8593458296387756
SN05lu,0.032,6.5,459118.8267435343,1010095.7531569852,0.8560936081102756
SN05lu,0.032,7.0,492142.0378213803,1079117.662122769,0.8524458439067567
SN05lu,0.032,7.5,525946.633548539,1147668.1412235454,0.8471866158339512
SN05lu,0.032,8.0,558426.0046937956,1213845.069009076,0.8429940604663965
SN05lu,0.032,8.5,587862.8872238577,1273587.496637287,0.839381858614089
SN05lu,0.032,9.0,613644.3910259567,1325985.785301433,0.8365552487010025
SN05lu,0.032,9.5,633953.4766238515,1367384.5632278628,0.8345832121340518
SN05lu,0.032,10.0,650502.9599610984,1401541.9557449075,0.8333920650517406
SN06D,0.009,1.0,36568.2066688172,93802.53648769535,1.0227772985628634
SN06D,0.009,1.5,119610.26310613354,286093.6586466974,0.946849464858761
SN06D,0.009,2.0,314987.69662482786,726549.9944352937,0.90742978285757
SN06D,0.009,2.5,767612.4080972065,1761614.0521439344,0.9019219491458121
SN06D,0.009,3.0,1052529.7178150832,2394650.616954925,0.8925194783323397
SN06D,0.009,3.5,1201769.883322203,2728875.106839182,0.8904058584394847
SN06D,0.009,4.0,1298727.0980284396,2944165.386727878,0.8886107509305414
SN06D,0.009,4.5,1368190.370371641,3100491.648217305,0.8882100909726843
SN06D,0.009,5.0,1418192.8571832457,3214868.5215810323,0.8885698064929322
SN06D,0.009,5.5,1494470.5196297425,3399873.695011476,0.8924385772628065
SN06D,0.009,6.0,1531022.854716677,3487448.0638598846,0.8938151872515122
SN06D,0.009,6.5,1592853.3705669255,3627166.7908292185,0.8934793192279418
SN06D,0.009,7.0,1846736.3733647636,4196279.227288688,0.8911486900030059
SN06D,0.009,7.5,1871365.616730592,4252366.864267037,0.8911801989269025
SN06D,0.009,8.0,1888917.2836930184,4294996.853824902,0.8918747739926712
SN06D,0.009,8.5,1918029.486336812,4355138.685076812,0.890366774600146
SN06D,0.009,9.0,2104546.498687497,4842592.158466135,0.9047984219545286
SN06D,0.009,9.5,2195378.0932476427,5088598.136379414,0.9127220707221249
SN06D,0.009,10.0,2205348.2183520794,5111884.955577662,0.9127597455756244
SN06ax,0.017,1.0,307.65795531465704,976.8660412868236,1.2544171577861227
SN06ax,0.017,1.5,740.8968338454995,2351.809244112645,1.254110885550599
SN06ax,0.017,2.0,1464.2346856715233,4450.714949214775,1.2070477246298035
SN06ax,0.017,2.5,2155.3671150654595,6472.991875763056,1.1939595237399865
SN06ax,0.017,3.0,3728.401506595185,10370.851154945984,1.1107293160214884
SN06ax,0.017,3.5,5880.132559177779,15589.229135611402,1.0585938094094836
SN06ax,0.017,4.0,8912.273268965982,24059.77339977184,1.0782575958250311
SN06ax,0.017,4.5,14110.014466752416,36733.83353112766,1.0388469862864462
SN06ax,0.017,5.0,65109.26081444858,133884.401338916,0.7827180404082337
SN06ax,0.017,5.5,865128.0222238073,1678275.0254476997,0.7194568810998491
SN06ax,0.017,6.0,921475.1338541684,1809650.291023248,0.732777591959451
SN06ax,0.017,6.5,928487.947185938,1831334.712869019,0.7374786425840927
SN06ax,0.017,7.0,932594.7112160932,1843319.266116803,0.7397690351843383
SN06ax,0.017,7.5,936072.5335425388,1854579.0098901556,0.7423395946827664
SN06ax,0.017,8.0,940361.9592155544,1866524.2594624956,0.7443464668424439
SN06ax,0.017,8.5,945800.8577552098,1881087.3239141155,0.7465231332744099
SN06ax,0.017,9.0,953121.756503872,1898806.6788111168,0.7483309187743842
SN06ax,0.017,9.5,961851.4827376896,1922533.7969532823,0.7519149109009114
SN06ax,0.017,10.0,1145264.6576956408,2221155.8935366725,0.7191829552484309
SN06bd,0.026,1.0,1121.0208706295844,3602.601974657532,1.2675064614278617
SN06bd,0.026,1.5,2495.028287801417,8233.64537006677,1.2962917094175952
SN06bd,0.026,2.0,4526.769369194859,14625.706580933933,1.2733212197083852
SN06bd,0.026,2.5,7343.686951678382,23415.331783110367,1.258965401258437
SN06bd,0.026,3.0,10752.904010568996,34292.06965285461,1.2591698205877329
SN06bd,0.026,3.5,15200.634556078012,47640.38427841599,1.2402838445977966
SN06bd,0.026,4.0,20352.35451220283,63911.1825223553,1.2424054857550448
SN06bd,0.026,4.5,26544.37210392869,83022.5095202899,1.238058499777295
SN06bd,0.026,5.0,33876.8159710928,105700.61166552846,1.2354372889010037
SN06bd,0.026,5.5,42300.51533982378,132434.31188350412,1.239137152463059
SN06bd,0.026,6.0,52299.81144674243,164326.80238966842,1.2430207033151512
SN06bd,0.026,6.5,64836.11001993097,203062.84537557763,1.2395337920313767
SN06bd,0.026,7.0,80633.15264720115,253758.3472501881,1.244766741478783
SN06bd,0.026,7.5,103490.71942959192,326841.3213733932,1.2485888790219093
SN06bd,0.026,8.0,137239.95336349888,433358.6471531864,1.2484172625239358
SN06bd,0.026,8.5,166973.92969746402,526232.0686083937,1.246321605411111
SN06bd,0.026,9.0,187115.2853644794,589133.9954183671,1.2452620443446802
SN06bd,0.026,9.5,202585.68719989815,637254.5689660152,1.2442604974981897
SN06bd,0.026,10.0,215511.135538243,676925.8393909028,1.2426784423268278
SN06br,0.025,1.0,8813.532321382052,,
SN06br,0.025,1.5,18948.80584094778,,
SN06br,0.025,2.0,32752.49182028141,,
SN06br,0.025,2.5,52062.292833844775,,
SN06br,0.025,3.0,79937.42869347478,,
SN06br,0.025,3.5,112711.00371133682,,
SN06br,0.025,4.0,142585.5858327962,,
SN06br,0.025,4.5,167378.39278723908,,
SN06br,0.025,5.0,187917.6654676857,,
SN06br,0.025,5.5,206457.51008396005,,
SN06br,0.025,6.0,222746.6414841769,,
SN06br,0.025,6.5,237533.1259581888,,
SN06br,0.025,7.0,251937.0741933421,,
SN06br,0.025,7.5,266404.03361410805,,
SN06br,0.025,8.0,281151.9469744285,,
SN06br,0.025,8.5,294778.2723682703,,
SN06br,0.025,9.0,307150.92815640126,,
SN06br,0.025,9.5,318753.5267433314,,
SN06br,0.025,10.0,329390.67351945123,,
SN06ef,0.018,1.0,972.1205506362696,2716.755756577509,1.1158261793774154
SN06ef,0.018,1.5,2169.0209361844736,6221.367262844495,1.1440552389582848
SN06ef,0.018,2.0,3585.98266910487,11105.251739294405,1.2273005537279345
SN06ef,0.018,2.5,5859.140506794918,17508.59980199636,1.1885437580298293
SN06ef,0.018,3.0,8551.292589378701,25327.401008244546,1.178897150431157
SN06ef,0.018,3.5,11630.761034611354,33949.54381917899,1.1630645255448024
SN06ef,0.018,4.0,14880.934562622724,43586.26912086629,1.1667987228174257
SN06ef,0.018,4.5,18252.716648842863,54329.46302395058,1.1842697516489897
SN06ef,0.018,5.0,22115.976106778537,66326.15454573013,1.192446766133462
SN06ef,0.018,5.5,26691.656526406103,80641.4120088254,1.2004564897954753
SN06ef,0.018,6.0,32293.69247295535,98107.63272720098,1.2064627283694707
SN06ef,0.018,6.5,39382.526559490114,120844.35159415398,1.2173069530541776
SN06ef,0.018,7.0,48360.813324995135,148954.6637437944,1.2214012732395463
SN06ef,0.018,7.5,59778.59774101981,183001.1078339206,1.2147699887139014
SN06ef,0.018,8.0,73807.02714621893,225019.5194068981,1.2103061998620919
SN06ef,0.018,8.5,93350.88579055211,282199.6691071249,1.2010951423415759
SN06ef,0.018,9.0,122500.76235517045,366362.064793945,1.1894292664244448
SN06ef,0.018,9.5,181398.876997101,541832.8437646488,1.1880768315105883
SN06ef,0.018,10.0,256291.15463201705,760818.2274111836,1.1813682276847672
SN06ej,0.02,1.0,2355.309601273644,6823.344384924844,1.1548732222535212
SN06ej,0.02,1.5,6079.444988223207,17281.078220515225,1.1342672575368125
SN06ej,0.02,2.0,13116.73557545119,37062.73489851046,1.1277792491693566
SN06ej,0.02,2.5,26767.8989710571,75791.78411438334,1.1300196146432824
SN06ej,0.02,3.0,63389.90199795246,179892.419319556,1.1324819554588448
SN06ej,0.02,3.5,140210.96714047767,417986.37878997176,1.185950360946056
SN06ej,0.02,4.0,188339.96917711623,561778.6298213858,1.1865567987907275
SN06ej,0.02,4.5,220263.73080552192,657733.7576504382,1.1877678531378784
SN06ej,0.02,5.0,242497.2082753057,726346.8291258739,1.191093254394953
SN06ej,0.02,5.5,257376.13357177557,773984.0752587374,1.1954093818618974
SN06ej,0.02,6.0,268565.28211538994,808664.4220592387,1.1967961658945483
SN06ej,0.02,6.5,276156.7215199618,835063.5146932829,1.2014097271257318
SN06ej,0.02,7.0,282654.1761541142,857385.5431365108,1.2048018747518243
SN06ej,0.02,7.5,288646.6757547141,878428.9708761445,1.208350225687199
SN06ej,0.02,8.0,294454.27128033905,897804.9570199109,1.210410351146456
SN06ej,0.02,8.5,299154.42261239985,915755.9749766376,1.2147108331271261
SN06ej,0.02,9.0,303167.5512918063,932658.539246794,1.2200998874358289
SN06ej,0.02,9.5,306732.9566609666,948485.5783491302,1.2256757274266923
SN06ej,0.02,10.0,310060.57706408855,963577.7949396468,1.231100581032981
SN06et,0.023,1.0,,12374.071629680488,
SN06et,0.023,1.5,,28078.39405935889,
SN06et,0.023,2.0,,49941.94602570134,
SN06et,0.023,2.5,,77818.80211560229,
SN06et,0.023,3.0,,114750.1613066624,
SN06et,0.023,3.5,,161766.04937245956,
SN06et,0.023,4.0,,230086.5274157312,
SN06et,0.023,4.5,,334725.70809635933,
SN06et,0.023,5.0,,463581.1669541645,
SN06et,0.023,5.5,,583141.1078018243,
SN06et,0.023,6.0,,677806.7287360947,
SN06et,0.023,6.5,,758136.854107241,
SN06et,0.023,7.0,,823022.4965080379,
SN06et,0.023,7.5,,875631.796667096,
SN06et,0.023,8.0,,917923.1457447388,
SN06et,0.023,8.5,,954732.8888613256,
SN06et,0.023,9.0,,986230.6208695214,
SN06et,0.023,9.5,,1014315.4886033272,
SN06et,0.023,10.0,,1040618.5931557902,
SN06fw,0.0835,1.0,1458.9809628254247,3878.613579217025,1.0615672211772573
SN06fw,0.0835,1.5,2853.907304402776,7383.826734317545,1.0321040853820753
SN06fw,0.0835,2.0,4310.881480831845,10894.168467711095,1.0065700099526895
SN06fw,0.0835,2.5,5680.850825007173,13976.881284896495,0.9774922281392796
SN06fw,0.0835,3.0,6806.173442419226,16562.15990923928,0.9655349035234047
SN06fw,0.0835,3.5,7748.827416331068,18573.79826139901,0.9491618396768088
SN06fw,0.0835,4.0,8425.153001609022,20129.74338864789,0.9456511053718695
SN06fw,0.0835,4.5,8973.674051769949,21292.89466750387,0.9381610374705835
SN06fw,0.0835,5.0,9310.167541252364,22185.449911071333,0.9427768600922692
SN06fw,0.0835,5.5,9559.719919554936,22896.748122747435,0.9483215954150712
SN06fw,0.0835,6.0,9759.157387046494,23516.965529518056,0.9549224015405021
SN06fw,0.0835,6.5,9933.965825839306,23950.67084765084,0.9554875517133283
SN06fw,0.0835,7.0,10017.11245966463,24334.55319027,0.9637020674979992
SN06fw,0.0835,7.5,10083.302601450308,24772.314536622885,0.9759094625644827
SN06fw,0.0835,8.0,10180.586975244178,25009.889201981303,0.9758473729753735
SN06fw,0.0835,8.5,10256.546080995482,25194.888608473146,0.9757782675368658
SN06fw,0.0835,9.0,10517.514598754002,25397.300036505843,0.9571860653009411
SN06fw,0.0835,9.5,10851.38400107194,25495.746442740357,0.9274564978386328
SN06fw,0.0835,10.0,10921.023616532417,25638.107622384872,0.9265565500105754
SN06hx,0.045,1.0,2643.362388282014,7458.364770862013,1.1262172840273734
SN06hx,0.045,1.5,6074.934113125422,17208.933065711895,1.1305309333175944
SN06hx,0.045,2.0,11359.46368351085,32279.05617141181,1.1339075004525339
SN06hx,0.045,2.5,17911.956752600745,50581.33360790005,1.1271181090172697
SN06hx,0.045,3.0,23917.528637928528,67228.44591635982,1.1220919234438245
SN06hx,0.045,3.5,28843.39084084899,80803.84372535374,1.1184642628962118
SN06hx,0.045,4.0,32845.52373469378,91388.909150032,1.1110432555321377
SN06hx,0.045,4.5,36018.62641401558,99709.67075354794,1.1055253385129107
SN06hx,0.045,5.0,38352.34235222199,106179.9861880148,1.1056269276868314
SN06hx,0.045,5.5,40259.96014805825,111405.81261068868,1.1050862753302158
SN06hx,0.045,6.0,41815.20497812226,115616.23238096456,1.1042114568862103
SN06hx,0.045,6.5,43179.71860721463,119290.1362737132,1.1033118172612673
SN06hx,0.045,7.0,44365.40900090075,122457.498793399,1.1023522377132182
SN06hx,0.045,7.5,45205.797742201226,124974.10209649047,1.1040647188865977
SN06hx,0.045,8.0,45965.19774148034,127228.44449940344,1.1053877118105448
SN06hx,0.045,8.5,46668.148421859565,128887.4796670008,1.1029754023457972
SN06hx,0.045,9.0,47104.67348921423,130074.35915158932,1.1028192427827728
SN06hx,0.045,9.5,47461.073065429126,130971.27596167648,1.1020962636037166
SN06hx,0.045,10.0,47749.46862328614,131600.582288986,1.1007231699034081
SN06kf,0.021,1.0,444.6570376462822,1128.2526040170137,1.0109529355151188
SN06kf,0.021,1.5,1229.3269506326258,2811.629804287425,0.8982268388708288
SN06kf,0.021,2.0,2129.999438877798,5558.20535774036,1.0413877487183338
SN06kf,0.021,2.5,4044.568961765208,10348.451658697337,1.0200078263157486
SN06kf,0.021,3.0,7204.76160752136,18379.06682055368,1.0167596033829382
SN06kf,0.021,3.5,12397.438807332985,31204.727446282865,1.0022210507863558
SN06kf,0.021,4.0,19878.986905364345,50809.205009384845,1.0188703802541137
SN06kf,0.021,4.5,31586.944805100124,81792.9384821867,1.0330204733859052
SN06kf,0.021,5.0,51591.59783679793,135021.74026157398,1.0445618066041047
SN06kf,0.021,5.5,76803.9834924572,205080.34115149657,1.0663507140377022
SN06kf,0.021,6.0,92868.295172364,246921.3818124876,1.0617280640371674
SN06kf,0.021,6.5,103146.4012515094,274651.3874656016,1.0633192928496622
SN06kf,0.021,7.0,110999.75838009,294975.3939871149,1.0611593910987038
SN06kf,0.021,7.5,116758.20493948704,310664.7124437641,1.062511290705692
SN06kf,0.021,8.0,121709.54998909398,322894.7215515902,1.0593407222126352
SN06kf,0.021,8.5,125509.47291790546,333076.15093163133,1.0596675787812913
SN06kf,0.021,9.0,128500.99670260576,340786.11516212346,1.058938488800972
SN06kf,0.021,9.5,131362.60875622157,347035.6228393352,1.0547557308656572
SN06kf,0.021,10.0,133150.86628175664,352122.65494129295,1.0558749284683386
SN06lu,0.068,1.0,478.7499903376875,1157.4585621974666,0.9584916842983549
SN06lu,0.068,1.5,1324.3577382685185,3056.378414348088,0.9080045258500781
SN06lu,0.068,2.0,2615.4601121741653,5979.944747974522,0.8978726755955333
SN06lu,0.068,2.5,4433.241443229419,9955.457394311508,0.878349583971356
SN06lu,0.068,3.0,6545.7128169594425,14895.768159837617,0.8927648921737686
SN06lu,0.068,3.5,9169.358846062596,20933.03247612465,0.8962329447364248
SN06lu,0.068,4.0,12271.68160296406,28288.23305956468,0.9067543567526657
SN06lu,0.068,4.5,16087.949328216942,37594.46062342019,0.9215579214399904
SN06lu,0.068,5.0,21156.303660034784,49936.46911612383,0.9324450983020205
SN06lu,0.068,5.5,28371.393718725903,67520.02848690626,0.9413798655233696
SN06lu,0.068,6.0,37686.58264343372,90083.92432628994,0.9461513473920629
SN06lu,0.068,6.5,46619.37419235531,112032.822251322,0.951947092982154
SN06lu,0.068,7.0,53494.84502987906,129026.15474970032,0.9559145520933443
SN06lu,0.068,7.5,59291.38231526173,142896.13455946333,0.9550722635121283
SN06lu,0.068,8.0,64568.15904832739,155082.2843843675,0.9513594637974079
SN06lu,0.068,8.5,69786.65111756373,166552.06065587918,0.9444441304919167
SN06lu,0.068,9.0,73875.34024433036,175955.434686816,0.9422579780184316
SN06lu,0.068,9.5,77048.19542886515,184188.48250707408,0.9462499960377867
SN06lu,0.068,10.0,79952.57285538389,191325.3527780634,0.9473501974473639
SN06os,0.033,1.0,1366.3266006358183,4115.292463563802,1.1971154532325408
SN06os,0.033,1.5,3191.06551612543,9174.107378322084,1.1465702454767033
SN06os,0.033,2.0,5638.267036802843,16385.510515126596,1.1582858404053822
SN06os,0.033,2.5,8869.367435231023,25891.7097622895,1.163170207727692
SN06os,0.033,3.0,12820.651279336354,37164.03102064341,1.155531815838782
SN06os,0.033,3.5,17458.05309648956,50556.76902473353,1.1544587532899095
SN06os,0.033,4.0,22637.28921714796,66067.85794612765,1.1629145170986086
SN06os,0.033,4.5,28673.032265497277,83841.04222594363,1.1649576124052377
SN06os,0.033,5.0,35361.369959835574,103626.057049159,1.1673497291842503
SN06os,0.033,5.5,42702.81140085903,125487.90801296526,1.1703635273660824
SN06os,0.033,6.0,50577.98427154502,149391.04654416404,1.175907631611399
SN06os,0.033,6.5,59102.328858092274,175132.84448493578,1.1794075185037851
SN06os,0.033,7.0,68317.38224626878,204036.44895984355,1.1879413489500283
SN06os,0.033,7.5,78717.00522911233,236889.4005728292,1.196192664741293
SN06os,0.033,8.0,91433.12585824404,278354.1558232681,1.208735355731987
SN06os,0.033,8.5,104984.51998744872,322555.0048701219,1.218696295140941
SN06os,0.033,9.0,115564.84919327176,357208.47768433864,1.2252400015495808
SN06os,0.033,9.5,124269.00523533217,385776.21418185165,1.2299315624234701
SN06os,0.033,10.0,131758.6984609472,410308.6738718144,1.2333285046460027
SN06ot,0.053,1.0,,5579.911709709101,
SN06ot,0.053,1.5,,12850.928381299214,
SN06ot,0.053,2.0,,23326.27804673867,
SN06ot,0.053,2.5,,36905.70758452172,
SN06ot,0.053,3.0,,54645.31351699503,
SN06ot,0.053,3.5,,75958.86311787963,
SN06ot,0.053,4.0,,101495.45441448028,
SN06ot,0.053,4.5,,132089.36598900362,
SN06ot,0.053,5.0,,168129.96454015133,
SN06ot,0.053,5.5,,212025.3544067216,
SN06ot,0.053,6.0,,265547.72822600463,
SN06ot,0.053,6.5,,331600.86429631175,
SN06ot,0.053,7.0,,408861.8577869944,
SN06ot,0.053,7.5,,486233.7602064056,
SN06ot,0.053,8.0,,553533.0409740118,
SN06ot,0.053,8.5,,608404.5980956886,
SN06ot,0.053,9.0,,653563.5860541326,
SN06ot,0.053,9.5,,691805.5325030455,
SN06ot,0.053,10.0,,724933.9678677095,
SN07N,0.013,1.0,10400.60641565903,25688.367392016826,0.9816946047703721
SN07N,0.013,1.5,22607.12698222212,56162.687914896,0.9880062775018906
SN07N,0.013,2.0,40554.45552555828,100526.76609804334,0.9856078416868329
SN07N,0.013,2.5,63761.88155196749,157329.3033757791,0.9806212387571087
SN07N,0.013,3.0,90978.28378422788,226207.89158961855,0.9889250295296392
SN07N,0.013,3.5,124173.21508963038,310110.982951194,0.9937230539015741
SN07N,0.013,4.0,168986.42364021082,429059.6204394204,1.0116645735307226
SN07N,0.013,4.5,224016.4932905112,571095.0186635162,1.0160709437192534
SN07N,0.013,5.0,264240.2850864277,673134.4922506729,1.015257039194282
SN07N,0.013,5.5,299189.7246844106,759315.308858723,1.0111887045745247
SN07N,0.013,6.0,329867.0290872705,835572.2606778028,1.0091127619674891
SN07N,0.013,6.5,357810.2160781104,903481.900702706,1.005666801494439
SN07N,0.013,7.0,382918.197969724,963899.7379336423,1.0023146393951623
SN07N,0.013,7.5,403611.91563453735,1015858.3882452786,1.0021729795832721
SN07N,0.013,8.0,420470.5996142515,1058970.231760888,1.0028702945312633
SN07N,0.013,8.5,433750.1680245851,1094820.5332587603,1.005258194833176
SN07N,0.013,9.0,444962.9055213884,1124622.9517599307,1.0067078378330527
SN07N,0.013,9.5,453765.14339532855,1148249.2249047607,1.0080125725985918
SN07N,0.013,10.0,462835.95839949,1168593.8533720004,1.0055912627386736
SN07S,0.014,1.0,57065.211844229365,120929.28863946578,0.8154001608002199
SN07S,0.014,1.5,115144.22235403104,247594.52561883756,0.8312472175981828
SN07S,0.014,2.0,188152.3044854511,408155.702001152,0.8407908153096332
SN07S,0.014,2.5,280062.76047487545,612287.4139045425,0.8492499176334118
SN07S,0.014,3.0,385207.36516939226,852933.1517580736,0.8630510315607093
SN07S,0.014,3.5,481497.2005229394,1072455.582120485,0.8694638690687744
SN07S,0.014,4.0,571303.4171870605,1272466.8508596749,0.8694491389061078
SN07S,0.014,4.5,660350.4952151136,1464542.733519553,0.8648188512605666
SN07S,0.014,5.0,735080.6555401139,1624772.0431465174,0.8611436093883083
SN07S,0.014,5.5,790300.291915369,1741847.5833770558,0.8580450199367704
SN07S,0.014,6.0,833069.5841856056,1833548.8921546252,0.8565280415319104
SN07S,0.014,6.5,867222.0036180763,1907492.329529598,0.8558312793663047
SN07S,0.014,7.0,894278.8848910591,1964765.3928613192,0.8545943082821128
SN07S,0.014,7.5,917523.0295584492,2014707.9135347304,0.8539877964279884
SN07S,0.014,8.0,939259.205296361,2059365.6902594292,0.8523700321781824
SN07S,0.014,8.5,961408.1059378828,2111605.4817788447,0.8542625032155432
SN07S,0.014,9.0,973926.3919406048,2138146.8468926265,0.8537784857795362
SN07S,0.014,9.5,982592.9975602548,2157638.677140836,0.8540126343107403
SN07S,0.014,10.0,988285.4665394787,2171991.8622311004,0.8549394624035245
SN07af,0.005,1.0,60405.51491919183,112369.91811503764,0.6739336840558672
SN07af,0.005,1.5,151359.5655729119,281368.1074813879,0.673162492263478
SN07af,0.005,2.0,269325.2961857284,501101.1956716331,0.6741207322073255
SN07af,0.005,2.5,410959.0215460964,764912.1923674016,0.6745326618458687
SN07af,0.005,3.0,549383.036353334,1042716.3595053032,0.6957273551760533
SN07af,0.005,3.5,739207.5136060364,1428920.0934472978,0.7156039268365246
SN07af,0.005,4.0,979371.3776777692,1947740.6051727652,0.7464592767582411
SN07af,0.005,4.5,1436484.3971790168,2899652.1043393854,0.7626124548300914
SN07af,0.005,5.0,1937944.7153748395,3963292.6085934746,0.7767868844016004
SN07af,0.005,5.5,2360955.389408422,4892488.725505127,0.7911051310544333
SN07af,0.005,6.0,2782191.167876855,5797397.511005834,0.7971152803008303
SN07af,0.005,6.5,3125394.964219239,6473067.877730557,0.7905131326717828
SN07af,0.005,7.0,3451637.1724457936,7100361.945104355,0.783138375542459
SN07af,0.005,7.5,3861232.107747393,7910183.093222817,0.7786515678715857
SN07af,0.005,8.0,4321869.480472521,8690565.24745481,0.7584409434729646
SN07af,0.005,8.5,5015963.542486454,9919271.3469421,0.740313498819785
SN07af,0.005,9.0,5568159.49048025,10774774.186194284,0.7167412768322343
SN07af,0.005,9.5,6113789.052994095,11638144.24083943,0.6989332136822625
SN07af,0.005,10.0,6391541.431338147,12212707.400384428,0.7030158591807627
SN07al,0.012,1.0,29312.59981769339,77488.77104324856,1.0554610854120998
SN07al,0.012,1.5,63408.707809347,168699.79087321085,1.0624141033145476
SN07al,0.012,2.0,84518.19326658157,224750.96010722485,1.0618783775785876
SN07al,0.012,2.5,97418.80380283826,259907.944418534,1.0654419046654144
SN07al,0.012,3.0,140668.95888107386,333559.25326078443,0.9374367993497635
SN07al,0.012,3.5,310203.2491448421,697311.1444700503,0.87945065943389
SN07al,0.012,4.0,315895.3035538049,711422.1870263243,0.8814605902216259
SN07al,0.012,4.5,319389.24668180395,719837.9708290695,0.8822861538030626
SN07al,0.012,5.0,313404.9679774343,726902.9389293405,0.9134263707250662
SN07al,0.012,5.5,316482.321078906,735276.3670245087,0.9152528805639579
SN07al,0.012,6.0,320974.1041637962,747139.8074154371,0.9173297017599836
SN07al,0.012,6.5,552933.0437867397,1508491.262638852,1.0896756362033682
SN07al,0.012,7.0,1222498.252859959,2951872.5783781973,0.9571233987946258
SN07al,0.012,7.5,1231370.5790057625,3082397.52701235,0.9962496868540458
SN07al,0.012,8.0,1233517.7173795088,3092596.723671747,0.9979447492085192
SN07al,0.012,8.5,1234791.5303031069,3097928.629427298,0.9986944157267773
SN07al,0.012,9.0,1247574.8984834296,3141272.932218127,1.0025976100741303
SN07al,0.012,9.5,1250819.4011575663,3152219.385492554,1.0035545666715742
SN07al,0.012,10.0,1251457.485409739,3154686.4333478496,1.0038502445035653
SN07as,0.018,1.0,3544.996059278573,8219.589315595467,0.9130859055078622
SN07as,0.018,1.5,8688.288953161613,19834.94470408337,0.8962418448279734
SN07as,0.018,2.0,16413.17072029333,37631.206587978246,0.9008891418538256
SN07as,0.018,2.5,28753.59695650627,65085.22246728401,0.8869755319290704
SN07as,0.018,3.0,44654.18997585833,99867.696446785,0.8739070420852245
SN07as,0.018,3.5,65061.89832444879,144224.11921730536,0.8642779118832389
SN07as,0.018,4.0,89114.12538949311,197596.4016835164,0.8645812064039984
SN07as,0.018,4.5,118642.7525453192,265303.4069653738,0.8737540330909664
SN07as,0.018,5.0,157769.28923005052,362555.30604593846,0.9033794912014186
SN07as,0.018,5.5,210912.8649958618,508806.3887540377,0.9561237118457955
SN07as,0.018,6.0,256182.80211404432,622903.7964076856,0.9646775153556609
SN07as,0.018,6.5,290347.05962512555,702271.7437245093,0.9589694061328508
SN07as,0.018,7.0,325677.1245136195,786264.8662948349,0.9569540376445989
SN07as,0.018,7.5,365984.45932109474,880555.4794400075,0.953235198572753
SN07as,0.018,8.0,398240.78467457247,953542.3289102584,0.9479856042369216
SN07as,0.018,8.5,429885.2203390682,1020606.6427872748,0.938764691406827
SN07as,0.018,9.0,496412.56969663023,1196155.2931141425,0.9548619916143221
SN07as,0.018,9.5,524349.8014347038,1252645.2678332508,0.9455174855355097
SN07as,0.018,10.0,537191.4492160357,1280309.1251171837,0.9429643742522043
SN07ba,0.039,1.0,763.1608005117923,2562.4070236757134,1.3150801529854244
SN07ba,0.039,1.5,1736.2126700832894,6114.335576824014,1.3668658737894466
SN07ba,0.039,2.0,3207.9865263553565,11208.710426397223,1.3583077846978844
SN07ba,0.039,2.5,5178.264629448975,18013.93636453292,1.353560958583485
SN07ba,0.039,3.0,7705.233241334586,26424.217928465267,1.3380408822166103
SN07ba,0.039,3.5,10914.67469752098,37204.09949815734,1.331450001776977
SN07ba,0.039,4.0,15236.374697554673,50876.99118784901,1.3090994381385113
SN07ba,0.039,4.5,20560.022282082435,68346.05912736541,1.3042247424137505
SN07ba,0.039,5.0,27522.675197629575,91430.72365271856,1.3035037804564142
SN07ba,0.039,5.5,36934.038202497526,122912.37618208876,1.3054220515341908
SN07ba,0.039,6.0,49595.50518262254,164884.93696173816,1.3043466604551976
SN07ba,0.039,6.5,65402.42326649463,216580.94724915636,1.3000660222301754
SN07ba,0.039,7.0,83781.35829743679,276196.8137467437,1.2951781678395151
SN07ba,0.039,7.5,105352.83266551189,345522.8406898496,1.2895763610387045
SN07ba,0.039,8.0,131547.67593651023,429626.9432872701,1.2850208244390657
SN07ba,0.039,8.5,165979.3363010438,537965.6997198699,1.2767514065448626
SN07ba,0.039,9.0,213347.31650271948,689800.9362784447,1.274091487158243
SN07ba,0.039,9.5,273351.9951496887,894114.120812008,1.286676764248596
SN07ba,0.039,10.0,328231.7246505772,1070963.605129419,1.2839853940580548
SN07bc,0.021,1.0,1181.368894304028,3954.610876893913,1.3117955622948083
SN07bc,0.021,1.5,2426.530491369762,8580.353027788417,1.3712985093950223
SN07bc,0.021,2.0,4140.157320953211,15306.61295149519,1.4196556412872154
SN07bc,0.021,2.5,6506.139464502927,24062.945724644127,1.4200635574404425
SN07bc,0.021,3.0,9944.4062413346,35958.1382517627,1.3955458509831111
SN07bc,0.021,3.5,13920.81662666562,50027.00046248862,1.3888493783826206
SN07bc,0.021,4.0,18552.654234769703,66065.17457260392,1.3789163405013383
SN07bc,0.021,4.5,23865.24246621018,84589.50027513468,1.3738765205925603
SN07bc,0.021,5.0,30268.16397924332,105807.90019842904,1.3588300440141399
SN07bc,0.021,5.5,37535.81023804604,129346.14837095053,1.3432692652277314
SN07bc,0.021,6.0,45913.04039713573,155932.00703283545,1.3274980394596636
SN07bc,0.021,6.5,54969.32529329738,185934.2251289517,1.3230973296417137
SN07bc,0.021,7.0,64901.893488791386,218756.7112903901,1.319260045896036
SN07bc,0.021,7.5,75137.49692589563,254495.8866214121,1.3245601102125217
SN07bc,0.021,8.0,86926.42073675082,294773.8440469862,1.3258428684535717
SN07bc,0.021,8.5,100397.4847468899,340814.4373565931,1.326987877983465
SN07bc,0.021,9.0,116949.29566840029,396682.4892924125,1.3261135482251394
SN07bc,0.021,9.5,138715.82772970648,470876.8933341965,1.3269534044012397
SN07bc,0.021,10.0,168673.76115234656,563090.6978863033,1.3088270596588152
SN07bd,0.031,1.0,7345.091048781369,19041.56009002697,1.0342633599463515
SN07bd,0.031,1.5,16183.186506569717,42784.43690903738,1.0555544532149623
SN07bd,0.031,2.0,28968.76006871004,76198.87801682702,1.0500466747143289
SN07bd,0.031,2.5,45872.0085613471,121758.3411081617,1.0598774144528198
SN07bd,0.031,3.0,66400.3159085381,177504.98121995776,1.0676009983244312
SN07bd,0.031,3.5,89394.85058248369,242871.90804060848,1.0851619547353055
SN07bd,0.031,4.0,115997.182467095,319907.0723995927,1.1014410023549859
SN07bd,0.031,4.5,147974.69806682644,415067.84071192046,1.119829058069148
SN07bd,0.031,5.0,189397.36663818304,538824.2159263346,1.1351829232517956
SN07bd,0.031,5.5,238269.73013279124,686149.6125938428,1.148374873843035
SN07bd,0.031,6.0,280411.0185203222,808965.084979651,1.1503367573642833
SN07bd,0.031,6.5,314162.1600699193,905741.1407433858,1.1496255511631037
SN07bd,0.031,7.0,342689.62887482974,988968.5017410276,1.150703746312927
SN07bd,0.031,7.5,369014.3745196184,1064765.1918683697,1.1505264032594038
SN07bd,0.031,8.0,394283.732718415,1135705.530306796,1.1486422029411276
SN07bd,0.031,8.5,418406.6929155849,1203286.013732251,1.146925614450248
SN07bd,0.031,9.0,441559.4784969798,1268200.2569438908,1.1454965627313256
SN07bd,0.031,9.5,463220.8360693457,1329846.7667954972,1.145033789115705
SN07bd,0.031,10.0,483595.1026368253,1385805.9727702076,1.14305133669775
SN07bm,0.006,1.0,617572.2990845487,1744395.8707266315,1.1273931056656514
SN07bm,0.006,1.5,1380975.050337388,3816506.117636999,1.1037003262143739
SN07bm,0.006,2.0,2375306.5069812173,6327213.272725407,1.063732037738942
SN07bm,0.006,2.5,3155561.774043205,8365845.944158304,1.0585829410001137
SN07bm,0.006,3.0,3833506.6969558634,10161321.704818316,1.05838493737008
SN07bm,0.006,3.5,4461051.794535497,11808349.865394384,1.0568798665712862
SN07bm,0.006,4.0,5091240.648187144,13387552.708430706,1.0496939208749325
SN07bm,0.006,4.5,5702961.78418758,14863864.310028017,1.0400781767290663
SN07bm,0.006,5.0,6346172.874367391,16318796.353334753,1.0254405608837245
SN07bm,0.006,5.5,7019191.47353282,17805804.277152196,1.0106862643955759
SN07bm,0.006,6.0,7580790.224860826,19038482.313300483,0.9997946145732999
SN07bm,0.006,6.5,8123396.894536389,20156002.31997349,0.9866668176819248
SN07bm,0.006,7.0,8545755.90276423,21015929.74016657,0.976995310498468
SN07bm,0.006,7.5,8842127.105256472,21616213.344825275,0.9705571611470626
SN07bm,0.006,8.0,9068881.104535872,22047545.368614152,0.9645163418333016
SN07bm,0.006,8.5,9287411.910239369,22433837.617701154,0.9575221610959279
SN07bm,0.006,9.0,9483552.926891558,22767616.813841727,0.9508662529643128
SN07bm,0.006,9.5,9658381.559011076,23060034.844369177,0.9448890019369481
SN07bm,0.006,10.0,9889745.609410748,23506802.21832364,0.940021081844148
SN07ca,0.014,1.0,26271.3526532226,50803.93474205078,0.7160372882158139
SN07ca,0.014,1.5,55702.46310336981,106771.45723079875,0.7064519260893736
SN07ca,0.014,2.0,87750.65628289235,169865.139451147,0.7171347169335605
SN07ca,0.014,2.5,119539.94927642283,232083.6073141864,0.7203284973552827
SN07ca,0.014,3.0,152169.00632720135,296405.0584424284,0.7238985159353916
SN07ca,0.014,3.5,188536.07262765596,368175.5715234989,0.7266512838737356
SN07ca,0.014,4.0,226209.4948442653,442668.2631059222,0.7289188916172322
SN07ca,0.014,4.5,263747.0596242256,518628.1204087346,0.7341710855811088
SN07ca,0.014,5.0,301513.20316313143,593576.7355790822,0.735426341319666
SN07ca,0.014,5.5,339782.2092693122,671625.2018805689,0.739815870775715
SN07ca,0.014,6.0,378220.44874901767,750479.4191142018,0.7439844530704904
SN07ca,0.014,6.5,415137.26662937895,826616.2577847466,0.7477805529728083
SN07ca,0.014,7.0,450766.76154473046,904077.9255836004,0.7556349517426757
SN07ca,0.014,7.5,487293.1228505877,984697.080380218,0.7637809199960288
SN07ca,0.014,8.0,526241.7026345934,1071732.1402100185,0.7722524842384347
SN07ca,0.014,8.5,561319.6412827453,1148899.4890045326,0.777679493199511
SN07ca,0.014,9.0,594853.1596847211,1222643.681292153,0.7822253374069066
SN07ca,0.014,9.5,626753.5355172177,1289962.8209990812,0.7837010021372525
SN07ca,0.014,10.0,657762.4273716318,1356381.0303884663,0.7857816130104524
SN07cg,0.033,1.0,9271.867824363308,23675.61724198897,1.0178351958300385
SN07cg,0.033,1.5,22091.00997791033,58214.521279378656,1.0520393965564254
SN07cg,0.033,2.0,46142.99587296153,122493.66207713763,1.0600195762292217
SN07cg,0.033,2.5,73702.36763798384,193403.12554302264,1.0474551221016615
SN07cg,0.033,3.0,99754.11605816869,261536.1004461548,1.046502048576943
SN07cg,0.033,3.5,125721.62000575374,326107.6488459759,1.0348775418474871
SN07cg,0.033,4.0,148869.9149258788,386976.02829338174,1.0371928069027376
SN07cg,0.033,4.5,171416.60869946796,445124.94169542217,1.0360725775317172
SN07cg,0.033,5.0,193275.47968476568,499975.28396350855,1.031929439805357
SN07cg,0.033,5.5,211016.2162725677,545804.1705740212,1.0318025460320737
SN07cg,0.033,6.0,224259.12581111505,581401.087099397,1.0343142864695898
SN07cg,0.033,6.5,234297.10878641845,609360.9004665809,1.037769137232456
SN07cg,0.033,7.0,241917.2209500576,630533.8727466824,1.0401040932789307
SN07cg,0.033,7.5,247642.5426448992,647026.289405308,1.04274168115353
SN07cg,0.033,8.0,252306.4434553418,660863.5439761593,1.0454586331250675
SN07cg,0.033,8.5,256040.6666257441,672530.1417629652,1.0485070106690801
SN07cg,0.033,9.0,259249.04626581783,682194.0391836712,1.0504768824507025
SN07cg,0.033,9.5,262034.8472623986,690049.2963961404,1.0513026666232375
SN07cg,0.033,10.0,264591.1417274522,696810.2691282309,1.0513481052087468
SN07hj,0.014,1.0,10871.767117423671,30406.03913837885,1.1166492733093178
SN07hj,0.014,1.5,24050.842194437875,65126.78441585136,1.0815733674406671
SN07hj,0.014,2.0,40522.653377969305,110014.64291897824,1.084381546867238
SN07hj,0.014,2.5,60727.29654626646,166679.59147683828,1.0962461992320258
SN07hj,0.014,3.0,87399.58451893914,243648.10506354505,1.1131341749621226
SN07hj,0.014,3.5,127339.51171313394,359946.9724741584,1.1281883620834263
SN07hj,0.014,4.0,191591.10785671117,550281.7875008766,1.1455244766192108
SN07hj,0.014,4.5,299089.7362400214,858345.1262195602,1.144651089400133
SN07hj,0.014,5.0,393625.3506396521,1093814.7906320998,1.1096518278080183
SN07hj,0.014,5.5,452679.98955698987,1240794.526823344,1.094771429822284
SN07hj,0.014,6.0,490163.6066325464,1336843.5379551202,1.089348795543777
SN07hj,0.014,6.5,516554.6476708616,1406568.838920122,1.087611795999833
SN07hj,0.014,7.0,536311.5812300772,1462321.9363758962,1.0890645490132564
SN07hj,0.014,7.5,552093.7528099713,1503773.6603390172,1.087924101627182
SN07hj,0.014,8.0,564780.723944719,1538836.0974318786,1.0882812487789713
SN07hj,0.014,8.5,577211.2373329698,1570003.948416158,1.0864149178345777
SN07hj,0.014,9.0,587004.2657459176,1597269.8684894436,1.0868426044341153
SN07hj,0.014,9.5,596140.0002680438,1623879.1085893088,1.0880135778876112
SN07hj,0.014,10.0,603243.4878553553,1644326.697319509,1.0887386643995522
SN07hx,0.0798,1.0,470.8590861391763,636.7503322730971,0.32769556217799695
SN07hx,0.0798,1.5,1056.0741203846032,1395.913646624487,0.30291038209391685
SN07hx,0.0798,2.0,1772.5827684640524,2500.4158319179546,0.3735142922979567
SN07hx,0.0798,2.5,2658.634022812002,3708.403495847902,0.361321059111678
SN07hx,0.0798,3.0,3602.26382403812,4977.678317530953,0.3511282755416017
SN07hx,0.0798,3.5,4608.151593082707,6368.29164058438,0.35124046626038785
SN07hx,0.0798,4.0,5668.166838586386,7880.526722778402,0.35778155284894203
SN07hx,0.0798,4.5,6706.083921779224,9403.374796752934,0.3670369060470746
SN07hx,0.0798,5.0,7749.636987820366,10668.682232119443,0.3470735506452317
SN07hx,0.0798,5.5,8947.637624170682,12291.004286892874,0.3446974578087515
SN07hx,0.0798,6.0,9836.171836845378,13335.855686627823,0.3304869498421087
SN07hx,0.0798,6.5,10759.585494446608,14545.54126922349,0.3273358652666615
SN07hx,0.0798,7.0,11653.143424554202,15396.931764457457,0.30247773347923185
SN07hx,0.0798,7.5,12378.803503225532,16320.138508484872,0.3001129278058353
SN07hx,0.0798,8.0,13037.593708514016,16990.85449556996,0.28754444443787563
SN07hx,0.0798,8.5,13796.737960197945,17557.86775957726,0.26173839465289606
SN07hx,0.0798,9.0,14544.748708874442,18244.03617244244,0.24603675586987925
SN07hx,0.0798,9.5,15314.400504121651,18672.23344622521,0.21524066948342077
SN07hx,0.0798,10.0,15985.447811753917,19557.18129630832,0.21895363684141306
SN07jd,0.0727,1.0,627.4132846834289,,
SN07jd,0.0727,1.5,1377.8802167179274,,
SN07jd,0.0727,2.0,2450.3492732775658,,
SN07jd,0.0727,2.5,3863.015976610507,,
SN07jd,0.0727,3.0,5520.8985623099325,,
SN07jd,0.0727,3.5,7444.472266311347,,
SN07jd,0.0727,4.0,9708.646380380873,,
SN07jd,0.0727,4.5,12276.82398427996,,
SN07jd,0.0727,5.0,15315.000919795302,,
SN07jd,0.0727,5.5,18593.00094402995,,
SN07jd,0.0727,6.0,22115.042488974203,,
SN07jd,0.0727,6.5,25598.38749130445,,
SN07jd,0.0727,7.0,29118.461076812364,,
SN07jd,0.0727,7.5,32615.39815815172,,
SN07jd,0.0727,8.0,35760.37728693992,,
SN07jd,0.0727,8.5,38798.02102192347,,
SN07jd,0.0727,9.0,41533.68930214968,,
SN07jd,0.0727,9.5,44159.97477757602,,
SN07jd,0.0727,10.0,46218.89719602728,,
SN07jg,0.037,1.0,133.3042199353512,578.256267290648,1.5931911265516323
SN07jg,0.037,1.5,512.8525394251423,1336.9447237139432,1.0403023533280769
SN07jg,0.037,2.0,814.0951945964148,2549.000196233617,1.2392366942160178
SN07jg,0.037,2.5,1548.1468490872453,3849.4570232616206,0.9889683054345287
SN07jg,0.037,3.0,1861.993866291102,5682.238102806659,1.2113529549929756
SN07jg,0.037,3.5,2510.811530220817,7512.421919182104,1.1899146420126974
SN07jg,0.037,4.0,3124.1758244046696,9821.075235465052,1.2435589265413154
SN07jg,0.037,4.5,3973.874036050333,12553.77009495372,1.2489001854133712
SN07jg,0.037,5.0,5294.813474454519,16017.842848025695,1.2018834076528329
SN07jg,0.037,5.5,6834.621817442143,20645.60310896218,1.2002827140267402
SN07jg,0.037,6.0,9683.092932099184,26778.0952219104,1.1044139540237896
SN07jg,0.037,6.5,12601.983540667175,33734.20563128559,1.069078949624676
SN07jg,0.037,7.0,14979.171258971865,40106.28698357201,1.0693116774057077
SN07jg,0.037,7.5,16571.13901261629,45040.18953921157,1.085619622250806
SN07jg,0.037,8.0,17503.799944440674,48612.69252256161,1.1090433377387159
SN07jg,0.037,8.5,18138.632502642184,51838.45575360255,1.1401187843049363
SN07jg,0.037,9.0,18958.15069768429,54446.26749283556,1.145430353423436
SN07jg,0.037,9.5,19193.354945096784,56745.6454121097,1.1769541127605583
SN07jg,0.037,10.0,19113.36523806561,58491.03858331187,1.2143804351371843
SN07jh,0.04077,1.0,2951.7720522433547,9265.642794527728,1.2419818424119946
SN07jh,0.04077,1.5,6968.791571322624,21853.779001542804,1.2409226786516654
SN07jh,0.04077,2.0,13304.520932536963,41634.38259165353,1.2386322190337709
SN07jh,0.04077,2.5,22673.020037530303,71575.19302663715,1.2481328901989386
SN07jh,0.04077,3.0,37009.66999400576,117481.87713945948,1.2541391612461406
SN07jh,0.04077,3.5,60380.89328691855,192471.70762621064,1.2586684141408502
SN07jh,0.04077,4.0,100086.18788967568,324900.0900203207,1.2784392090959424
SN07jh,0.04077,4.5,157263.75567892747,521300.4704209349,1.3011486845473645
SN07jh,0.04077,5.0,208821.3875253541,692842.7227344475,1.302149206473115
SN07jh,0.04077,5.5,244958.1954750965,810330.0725278993,1.2989249561053142
SN07jh,0.04077,6.0,271477.24001848814,896531.97149229,1.2970808910114604
SN07jh,0.04077,6.5,292030.3593365788,963894.152722039,1.296503357183204
SN07jh,0.04077,7.0,308804.26497856097,1018857.3935655488,1.2960752787309928
SN07jh,0.04077,7.5,323036.79668085795,1064833.663752463,1.295074443674364
SN07jh,0.04077,8.0,335312.47763726,1103890.0203653658,1.2936902311809
SN07jh,0.04077,8.5,345736.7383820028,1137425.413532868,1.2929434921411032
SN07jh,0.04077,9.0,354295.3045463947,1165651.8814723308,1.2930086807879273
SN07jh,0.04077,9.5,361548.6415236572,1189214.8966492242,1.2927340166884997
SN07jh,0.04077,10.0,367173.1574985284,1208584.572824097,1.2935153052429627
SN07le,0.007,1.0,264821.07277065987,670916.7128285442,1.009290174876083
SN07le,0.007,1.5,595171.8016227102,1496854.8057168445,1.0013433230569377
SN07le,0.007,2.0,1053093.733734704,2603886.1305153463,0.9828873994508538
SN07le,0.007,2.5,1611073.2231749392,3965673.984269476,0.9780043217952848
SN07le,0.007,3.0,2266742.445113041,5507586.010549528,0.9638977780200454
SN07le,0.007,3.5,2860139.445128771,6910755.857393648,0.9578458574883375
SN07le,0.007,4.0,3401579.307474715,8188252.8374392195,0.953776608566168
SN07le,0.007,4.5,3888304.558016106,9331002.59922735,0.9504200899243208
SN07le,0.007,5.0,4406506.787868018,10500300.83200555,0.9427682456602811
SN07le,0.007,5.5,4782390.297406261,11375287.168139534,0.9407933815049205
SN07le,0.007,6.0,5154865.6509908,12210345.633391798,0.9362765164499378
SN07le,0.007,6.5,5559969.669820455,13058684.430979522,0.9270675115289266
SN07le,0.007,7.0,5929234.774328323,13830183.421860406,0.9195732322827266
SN07le,0.007,7.5,6241421.38432492,14496899.537629154,0.9149790617338871
SN07le,0.007,8.0,6538494.105195544,15112957.28267912,0.909679295668656
SN07le,0.007,8.5,6804089.802454056,15668469.27897869,0.9056413337289464
SN07le,0.007,9.0,7087087.014585742,16239938.116056614,0.9002915124097215
SN07le,0.007,9.5,7334503.0845989,16755547.011029016,0.8969697876676757
SN07le,0.007,10.0,7568860.229521003,17244011.322985753,0.8940195348718593
SN07nq,0.045,1.0,154.7478237512326,722.7393880175821,1.6733929336909403
SN07nq,0.045,1.5,321.9229801491763,1626.6904743336106,1.7588823601044647
SN07nq,0.045,2.0,572.0552439775381,2871.1348036993786,1.7515390315006207
SN07nq,0.045,2.5,902.027464318944,4451.225663976476,1.7331496286002048
SN07nq,0.045,3.0,1328.3367414388213,6506.110949147994,1.725033199453534
SN07nq,0.045,3.5,1902.0775130490008,9006.038846018133,1.6882640116253373
SN07nq,0.045,4.0,2640.255336521061,11795.116511460612,1.6251407652021477
SN07nq,0.045,4.5,3391.3169781966108,15048.486412678232,1.6178110908814527
SN07nq,0.045,5.0,4397.878243478617,18894.64869083849,1.5827390496123481
SN07nq,0.045,5.5,5514.7634000854505,23387.719039181837,1.568652458254479
SN07nq,0.045,6.0,7147.944600976271,28589.06980954324,1.5050471180421474
SN07nq,0.045,6.5,8686.518478065274,34300.48862991465,1.4911363975790815
SN07nq,0.045,7.0,10543.509516830492,40820.88923422296,1.4697431667283412
SN07nq,0.045,7.5,12462.495126281376,47732.20546991871,1.4580162498929239
SN07nq,0.045,8.0,14509.12475771763,55614.920399986615,1.4588752623328594
SN07nq,0.045,8.5,16842.880625027414,64522.584128545415,1.458238454956784
SN07nq,0.045,9.0,19981.357774584725,74245.98066957883,1.4251198796275808
SN07nq,0.045,9.5,23056.022379976683,85533.019736847,1.4233735500090687
SN07nq,0.045,10.0,26479.282407074963,97996.75016844156,1.4207636552551475
SN07ol,0.056,1.0,7184.276474421053,,
SN07ol,0.056,1.5,17320.092253106664,,
SN07ol,0.056,2.0,30194.20984909415,,
SN07ol,0.056,2.5,42168.8169599662,,
SN07ol,0.056,3.0,51634.22152305576,,
SN07ol,0.056,3.5,58855.84889977464,,
SN07ol,0.056,4.0,64892.02977601035,,
SN07ol,0.056,4.5,70119.5150175212,,
SN07ol,0.056,5.0,74478.02160600595,,
SN07ol,0.056,5.5,78173.4511726708,,
SN07ol,0.056,6.0,81470.6419218579,,
SN07ol,0.056,6.5,84717.21168855255,,
SN07ol,0.056,7.0,87175.74744421012,,
SN07ol,0.056,7.5,89237.09068650252,,
SN07ol,0.056,8.0,90999.24842337106,,
SN07ol,0.056,8.5,92544.47872756587,,
SN07ol,0.056,9.0,93734.5412399866,,
SN07ol,0.056,9.5,94796.96963293772,,
SN07ol,0.056,10.0,95578.17493600852,,
SN07on,0.006,1.0,36019.79044117961,104439.65036532385,1.1558105685987068
SN07on,0.006,1.5,73227.57485043563,217699.79960115708,1.1829584446076327
SN07on,0.006,2.0,127285.50711168816,379348.2534115196,1.1856478292059354
SN07on,0.006,2.5,202806.95357616764,603268.798723108,1.1835700565041865
SN07on,0.006,3.0,304047.71337849554,898658.4577893896,1.1766323111346448
SN07on,0.006,3.5,437875.2720483121,1279783.5589776344,1.1644652661485624
SN07on,0.006,4.0,612874.5181583532,1782089.988883573,1.1588951642259986
SN07on,0.006,4.5,848989.2940118229,2449166.184235957,1.150290101932391
SN07on,0.006,5.0,1167855.5732027262,3346136.682400782,1.1428863484185419
SN07on,0.006,5.5,1604917.9040493187,4576313.869478366,1.137657453054329
SN07on,0.006,6.0,2201915.7524392838,6232606.378482541,1.1296725035049249
SN07on,0.006,6.5,3057378.169855482,8596747.968355339,1.1224625858757222
SN07on,0.006,7.0,4263144.867011544,11954385.147866426,1.119492882768436
SN07on,0.006,7.5,6187394.579998767,17081888.27190389,1.1025701609540384
SN07on,0.006,8.0,8741459.524855625,24779344.5835214,1.1312646600893579
SN07on,0.006,8.5,12743611.859396432,38155007.13463517,1.1906475092473103
SN07on,0.006,9.0,18457013.76088578,53641626.98210175,1.1583512644314329
SN07on,0.006,9.5,21117655.544307034,63454226.91094632,1.1945371389523765
SN07on,0.006,10.0,22652360.838987797,69352110.57465485,1.214865528279334
SN07so,0.03,1.0,4850.019292801394,16342.110878377518,1.3189117165190494
SN07so,0.03,1.5,11193.873933031407,37619.103241131306,1.316070067934958
SN07so,0.03,2.0,20869.350471417743,69937.46304771151,1.313002354811272
SN07so,0.03,2.5,34607.67552535135,117402.75833081496,1.3262646758765926
SN07so,0.03,3.0,54366.78826531293,186069.70162861963,1.3358549588482505
SN07so,0.03,3.5,83400.98052173038,287042.9966293274,1.3419394968158218
SN07so,0.03,4.0,127713.91636986904,442705.5673839189,1.3496919020065627
SN07so,0.03,4.5,196634.9680782261,693419.8093304711,1.3683387305669967
SN07so,0.03,5.0,282606.46075718,996809.365994638,1.3685750594549373
SN07so,0.03,5.5,351661.8115442985,1224052.1466830955,1.354186777230725
SN07so,0.03,6.0,400903.3420154729,1384145.960254514,1.3453555322481947
SN07so,0.03,6.5,438169.1609520702,1505935.27823067,1.3404112482261765
SN07so,0.03,7.0,467631.77548964,1602963.6579028778,1.3375491562544872
SN07so,0.03,7.5,491370.4005373667,1682430.941011496,1.3363206376758539
SN07so,0.03,8.0,511247.4497552411,1749209.865996508,1.3355269089353758
SN07so,0.03,8.5,527777.9305977733,1805436.34210733,1.3353273857588013
SN07so,0.03,9.0,541446.4928616872,1854113.301031112,1.3364518111898134
SN07so,0.03,9.5,552919.8131686606,1895154.3271927263,1.3374560720945148
SN07so,0.03,10.0,562861.4296543906,1930988.0941019887,1.3384452665300048
SN07st,0.021,1.0,106321.82767930464,,
SN07st,0.021,1.5,223447.50414181067,,
SN07st,0.021,2.0,403095.8623820275,,
SN07st,0.021,2.5,673288.0087631621,,
SN07st,0.021,3.0,958079.4995856322,,
SN07st,0.021,3.5,1182256.2270733078,,
SN07st,0.021,4.0,1368775.536455179,,
SN07st,0.021,4.5,1534025.4429651988,,
SN07st,0.021,5.0,1687089.7647147237,,
SN07st,0.021,5.5,1832217.43147689,,
SN07st,0.021,6.0,1972540.2979607345,,
SN07st,0.021,6.5,2102025.430308945,,
SN07st,0.021,7.0,2218863.993964479,,
SN07st,0.021,7.5,2327971.3049905165,,
SN07st,0.021,8.0,2433393.6480411715,,
SN07st,0.021,8.5,2536050.745506214,,
SN07st,0.021,9.0,2634548.409601934,,
SN07st,0.021,9.5,2729272.635429213,,
SN07st,0.021,10.0,2816205.127037406,,
SN07ux,0.031,1.0,2433.405214124197,6138.993600505392,1.004706865912001
SN07ux,0.031,1.5,5757.18632282276,14829.398425040969,1.0272831216273413
SN07ux,0.031,2.0,11162.512923582744,29074.19926159301,1.03936446966123
SN07ux,0.031,2.5,19746.929791058945,50908.912373674575,1.0282355918298192
SN07ux,0.031,3.0,33239.065825558304,84685.4566089865,1.0154000598696653
SN07ux,0.031,3.5,53163.18513213908,135364.8150823495,1.0147370041623862
SN07ux,0.031,4.0,81467.37818654827,210497.06786122188,1.0306557768969284
SN07ux,0.031,4.5,119546.3954185504,316486.0114845624,1.0570450836374612
SN07ux,0.031,5.0,154967.39096176418,419488.20445027977,1.0811985803819943
SN07ux,0.031,5.5,181675.74620091423,496411.1757620471,1.0913614940049199
SN07ux,0.031,6.0,202584.078762478,556006.7224422051,1.0961868291362267
SN07ux,0.031,6.5,219820.47415575903,605008.2925309743,1.0992329675713532
SN07ux,0.031,7.0,234609.14831819208,647301.6759083972,1.1019044712652675
SN07ux,0.031,7.5,247568.43190877148,682987.7768499688,1.1017941637416209
SN07ux,0.031,8.0,257621.722403064,711103.7305043018,1.1023761937124836
SN07ux,0.031,8.5,264654.2241604768,732333.3652315099,1.1050749773422552
SN07ux,0.031,9.0,270301.9042126544,747998.2440057982,1.1051286827720326
SN07ux,0.031,9.5,274657.71816940856,760288.9762218058,1.1054672145982416
SN07ux,0.031,10.0,277974.3446733473,769643.6780725705,1.1057124783439636
SN08C,0.017,1.0,295843.7856927562,748944.0858671633,1.0084673611710813
SN08C,0.017,1.5,541041.5665989802,1431211.5418336198,1.0561829948995602
SN08C,0.017,2.0,767087.6454255095,2032442.4897835152,1.0579331936532952
SN08C,0.017,2.5,959855.4203485176,2534188.5719337845,1.0540827659922167
SN08C,0.017,3.0,1119527.828912258,2946462.1031064214,1.0506649150611294
SN08C,0.017,3.5,1246217.536117497,3273527.57778301,1.0485553646386327
SN08C,0.017,4.0,1363756.3175725462,3573673.7008668967,1.045945301677295
SN08C,0.017,4.5,1451694.767447305,3799045.749621616,1.0444980302309528
SN08C,0.017,5.0,1528605.6517184975,3996288.563786676,1.0434034480704644
SN08C,0.017,5.5,1597546.422021299,4168357.2465420007,1.0412786148737798
SN08C,0.017,6.0,1658821.1264007632,4322672.658972514,1.0398819783766358
SN08C,0.017,6.5,1713615.664672653,4462698.043516765,1.0392101973570957
SN08C,0.017,7.0,1762306.237483462,4584870.756929767,1.038114298686807
SN08C,0.017,7.5,1808674.144065233,4697685.016433001,1.036308908645357
SN08C,0.017,8.0,1898906.2165846424,4845209.112291862,1.017022522606559
SN08C,0.017,8.5,2607916.930107424,5868134.137543913,0.8805156973800611
SN08C,0.017,9.0,3289325.431389637,7530316.798772909,0.8992660111610637
SN08C,0.017,9.5,3342729.315333433,7731316.355355761,0.9103805857650671
SN08C,0.017,10.0,3361536.096426016,7780092.606319118,0.9111174682959702
SN08J,0.016,1.0,186351.75816974253,427588.49218346446,0.9017312846432156
SN08J,0.016,1.5,400749.40546931897,914679.5689547926,0.8959902292489813
SN08J,0.016,2.0,669945.6265062854,1528685.1267793858,0.895696209577867
SN08J,0.016,2.5,969794.9791686186,2227772.224327408,0.9029771338632574
SN08J,0.016,3.0,1324972.6153382957,3044732.651596845,0.9033556557109053
SN08J,0.016,3.5,1659560.4934961307,3798202.138278247,0.8989624655242303
SN08J,0.016,4.0,1964460.188637077,4473900.922579229,0.8936078255627823
SN08J,0.016,4.5,2241502.963518434,5075630.136233054,0.8873766248154711
SN08J,0.016,5.0,2492070.3135985117,5617783.270187236,0.8825117217185531
SN08J,0.016,5.5,2718271.94776079,6105106.738200654,0.8785008950579436
SN08J,0.016,6.0,2928799.5874982206,6554535.642612064,0.8746306868262939
SN08J,0.016,6.5,3121209.3500205525,6955903.881130261,0.8700766822968885
SN08J,0.016,7.0,3292420.8408384398,7307533.380767863,0.8656386645095022
SN08J,0.016,7.5,3450406.651143906,7626721.982420316,0.8611690824980736
SN08J,0.016,8.0,3609012.3988498296,7937288.713444356,0.8557095091653968
SN08J,0.016,8.5,3756273.254041684,8218236.683518058,0.8500536668648879
SN08J,0.016,9.0,3880052.0803091847,8455385.74436979,0.8457396760276202
SN08J,0.016,9.5,3988037.058121062,8663917.454613056,0.8423878015961911
SN08J,0.016,10.0,4083673.5810045335,8845208.780253656,0.8391426696869468
SN08O,0.0389,1.0,5859.004004184619,18753.464396484225,1.2631442836947215
SN08O,0.0389,1.5,13449.298117153268,43414.210359769015,1.2723307149817344
SN08O,0.0389,2.0,24793.79121215341,80002.29326229927,1.2718987412535918
SN08O,0.0389,2.5,40655.85624398905,130311.1435778226,1.264646109960944
SN08O,0.0389,3.0,61744.20848028024,197469.8575287294,1.262261463003762
SN08O,0.0389,3.5,89281.63557046451,285616.6191771613,1.2625533413292294
SN08O,0.0389,4.0,125359.72429175668,400335.6329536866,1.2606655476911173
SN08O,0.0389,4.5,172078.44730105746,546581.0851380213,1.2548202996256452
SN08O,0.0389,5.0,229821.92339387693,727590.9032664824,1.2512395141915191
SN08O,0.0389,5.5,297150.7221812311,938414.9772716404,1.2485453512405478
SN08O,0.0389,6.0,370360.1775375353,1166711.445525229,1.2458479368454614
SN08O,0.0389,6.5,442903.21920530073,1393969.0692269248,1.2448607509526526
SN08O,0.0389,7.0,509392.6647734861,1603695.524869937,1.2451730761149113
SN08O,0.0389,7.5,567678.9480748227,1788524.3444200538,1.2459801671224633
SN08O,0.0389,8.0,617813.7666019195,1948691.7361302744,1.2472139051936717
SN08O,0.0389,8.5,660945.9468591916,2086328.498353247,1.2480418667122546
SN08O,0.0389,9.0,698265.6303046137,2205885.1976028406,1.2489056011844677
SN08O,0.0389,9.5,730665.8287792295,2308465.358564269,1.2490114118285691
SN08O,0.0389,10.0,758245.088360535,2396737.1279578074,1.2495269945419418
SN08R,0.013,1.0,47731.39192201047,145490.8830290507,1.2100792012409414
SN08R,0.013,1.5,109868.2180156115,334313.814781083,1.2082056064996496
SN08R,0.013,2.0,203066.35010326348,616173.3408656094,1.2051623536053984
SN08R,0.013,2.5,334305.36480718583,1013895.1122042082,1.2046242084124184
SN08R,0.013,3.0,520430.5227952356,1577941.9224385004,1.2043206373577677
SN08R,0.013,3.5,794720.7347087258,2417440.989112765,1.2078533434956278
SN08R,0.013,4.0,1222508.1148128542,3746103.773221433,1.215820133233169
SN08R,0.013,4.5,1700750.6275102375,5204591.141235691,1.2143649457574865
SN08R,0.013,5.0,2037182.69074394,6217371.509823226,1.211442103252883
SN08R,0.013,5.5,2286296.0195677085,6964574.828880738,1.2094053716441548
SN08R,0.013,6.0,2490954.558412357,7577755.75335541,1.2079369950746746
SN08R,0.013,6.5,2983626.726851753,8763907.663411785,1.1698832608633785
SN08R,0.013,7.0,3159774.7002140847,9300203.296140414,1.1720908114846054
SN08R,0.013,7.5,3343661.4715543706,9837807.350600785,1.1716900319764278
SN08R,0.013,8.0,3455631.7580071907,10180721.395594535,1.1731277403648073
SN08R,0.013,8.5,3543108.9495225525,10454792.168838749,1.1748272423083
SN08R,0.013,9.0,3619631.055690451,10685493.366161954,1.175325683282408
SN08R,0.013,9.5,3681184.927939723,10883812.51102781,1.1769835415866705
SN08R,0.013,10.0,3732226.26484351,11053933.98640638,1.1788722546270332
SN08ae,0.03,1.0,7390.984153194571,12718.131771204864,0.5893026230723502
SN08ae,0.03,1.5,17604.575619330975,30211.25549024264,0.586358033319795
SN08ae,0.03,2.0,32513.73003393677,56270.24249708872,0.5955299783770349
SN08ae,0.03,2.5,53100.47203550289,91529.5238974478,0.5911570539486187
SN08ae,0.03,3.0,77987.37435682454,132773.34748112943,0.5777165146614114
SN08ae,0.03,3.5,104905.81447696732,178676.2035283762,0.5781678904388473
SN08ae,0.03,4.0,134887.80225730734,229901.7112017681,0.5789238127506995
SN08ae,0.03,4.5,168131.59967217702,287778.30493658705,0.5835217628607426
SN08ae,0.03,5.0,204501.4694211033,352753.0896882394,0.5919359835214639
SN08ae,0.03,5.5,243990.49766384123,426296.8455291105,0.6058480154079527
SN08ae,0.03,6.0,290146.65051951155,514368.5028150673,0.6216420136471074
SN08ae,0.03,6.5,346657.504065668,623675.0210198959,0.6376443614475924
SN08ae,0.03,7.0,412202.6282252698,753460.2871930919,0.6548740256433437
SN08ae,0.03,7.5,477663.46930501226,883527.905398229,0.6677456055380615
SN08ae,0.03,8.0,537083.1658437314,999245.6821194874,0.6740768502050493
SN08ae,0.03,8.5,592313.5305458037,1104587.8274254063,0.676621498496955
SN08ae,0.03,9.0,645213.4554241023,1204692.8540695235,0.6779322963522902
SN08ae,0.03,9.5,698207.0379654368,1301794.671091101,0.676395668020887
SN08ae,0.03,10.0,750231.8984301778,1396432.2101101931,0.6745608302873431
SN08ar,0.026,1.0,12436.934753645157,29472.33059685155,0.9367528104022503
SN08ar,0.026,1.5,26075.44965363366,62643.9714248879,0.9516186912652003
SN08ar,0.026,2.0,45314.89613059209,109899.29496967248,0.9618847936887907
SN08ar,0.026,2.5,70582.83425420875,174445.53723680135,0.9824019252251868
SN08ar,0.026,3.0,106759.18934475657,265367.4088429912,0.9886057910844187
SN08ar,0.026,3.5,162126.94082455244,400260.77844741824,0.9812196190113791
SN08ar,0.026,4.0,201441.97655602256,502652.12426204426,0.9927938704302979
SN08ar,0.026,4.5,233843.0270928456,586294.7694147843,0.9979789883946094
SN08ar,0.026,5.0,264099.16812209634,661819.3707917543,0.997431102843217
SN08ar,0.026,5.5,292011.52125187183,730038.8227041566,0.9948649232018779
SN08ar,0.026,6.0,318154.48882199195,792928.32048356,0.9914896862017375
SN08ar,0.026,6.5,342895.38591770595,851294.7773159175,0.9872958195620003
SN08ar,0.026,7.0,364834.2259734605,901716.3387150252,0.9824359130068219
SN08ar,0.026,7.5,381399.9564304507,941334.1735032168,0.9809079654588844
SN08ar,0.026,8.0,394807.4420270369,972820.5185490048,0.9791184791508417
SN08ar,0.026,8.5,406304.5099542812,1000021.9154721316,0.9778946866749082
SN08ar,0.026,9.0,416053.16987810575,1023426.5418133152,0.9772696016840186
SN08ar,0.026,9.5,424899.620330923,1044241.995905478,0.9762870301633886
SN08ar,0.026,10.0,433566.13444645377,1063557.499091449,0.9742640542950103
SN08bc,0.015,1.0,10220.11603311352,25295.81118069713,0.9839819607083544
SN08bc,0.015,1.5,34775.31155169869,104603.63704633636,1.1956893889981248
SN08bc,0.015,2.0,131284.20652203308,388310.7949895709,1.1774174509959376
SN08bc,0.015,2.5,167249.4319902632,457452.5130659654,1.092453415708646
SN08bc,0.015,3.0,206636.07922915195,555913.0489280203,1.0745017887986643
SN08bc,0.015,3.5,286333.61512895854,777518.4477774788,1.0845959139450791
SN08bc,0.015,4.0,444543.4948252722,1171378.6220453542,1.0519575858740433
SN08bc,0.015,4.5,577973.1828341103,1563326.610710505,1.0803550805680422
SN08bc,0.015,5.0,687264.3535342541,1835677.976149386,1.0666816964139465
SN08bc,0.015,5.5,982512.2374210638,2744049.89221998,1.1151350877815338
SN08bc,0.015,6.0,1141975.2441837497,3168113.1399222743,1.10785998352133
SN08bc,0.015,6.5,1316020.6849517624,3693459.669303584,1.1204266140564714
SN08bc,0.015,7.0,1435723.5165977252,3988374.6234895457,1.1093128258123117
SN08bc,0.015,7.5,1519803.3061945613,4216210.073591265,1.1078371415444939
SN08bc,0.015,8.0,1600954.7631720596,4431860.446113409,1.1055175398289239
SN08bc,0.015,8.5,1974415.9299269456,5653484.350963128,1.1421938700882037
SN08bc,0.015,9.0,2226025.327050254,6264710.006143288,1.1234271774363562
SN08bc,0.015,9.5,2294285.4453412043,6506964.444319719,1.1318274590697603
SN08bc,0.015,10.0,2411347.0901239472,6814115.250590545,1.127874368410033
SN08bd,0.03,1.0,12785.873953243095,39165.104163961805,1.2154221680337194
SN08bd,0.03,1.5,30103.437294004427,92001.73308491714,1.2129498027034997
SN08bd,0.03,2.0,57433.94932152352,175487.13836685318,1.2126915286197406
SN08bd,0.03,2.5,99615.54631430988,303060.940578026,1.2080071142523587
SN08bd,0.03,3.0,168584.02386944578,510626.4627432237,1.2032172558059864
SN08bd,0.03,3.5,309248.6571632072,951634.3698465878,1.2204057410582572
SN08bd,0.03,4.0,443014.1890266102,1382125.4308667644,1.2353245544854972
SN08bd,0.03,4.5,527458.605593064,1646924.344846316,1.2362131675377745
SN08bd,0.03,5.0,592102.2446863172,1850047.088743514,1.236965187518734
SN08bd,0.03,5.5,644423.8728247145,2013683.022408284,1.2370487197871536
SN08bd,0.03,6.0,687997.8063386943,2149757.56422909,1.2370060806216812
SN08bd,0.03,6.5,725133.0425787121,2265117.4551943266,1.2366825786501623
SN08bd,0.03,7.0,757270.5639220106,2364117.9393575923,1.236045157351401
SN08bd,0.03,7.5,784232.5971555933,2449010.0057578576,1.2363641735369648
SN08bd,0.03,8.0,807214.0329635707,2522625.3251924366,1.2371601203372775
SN08bd,0.03,8.5,826548.079196575,2584342.069081966,1.2377046907728373
SN08bd,0.03,9.0,843105.6100142341,2636238.4504444967,1.2377567774357345
SN08bd,0.03,9.5,857158.947577161,2681458.946787987,1.2382744733626636
SN08bd,0.03,10.0,868571.4020849103,2718062.976544976,1.2386349723639656
SN08bi,0.013,1.0,242279.8919292964,659102.4291119716,1.0865888523943075
SN08bi,0.013,1.5,470304.488979774,1333480.0162157186,1.131518469048138
SN08bi,0.013,2.0,631070.1264479969,1792968.943840066,1.1337378627923362
SN08bi,0.013,2.5,759184.4946775301,2154782.89665013,1.1326404752360029
SN08bi,0.013,3.0,872509.3089581503,2468909.220530955,1.1293376310111232
SN08bi,0.013,3.5,968771.3151268244,2738163.9715830027,1.128095451755878
SN08bi,0.013,4.0,1053092.3336495282,2974059.739434496,1.1272080917278622
SN08bi,0.013,4.5,1132234.0706468,3189936.699815647,1.124614614502194
SN08bi,0.013,5.0,1207531.5088379711,3397296.7248589424,1.123087521413678
SN08bi,0.013,5.5,1281107.3417942196,3596651.7121479143,1.1207821603810189
SN08bi,0.013,6.0,1350761.3879215876,3789390.8157432303,1.1199769013544423
SN08bi,0.013,6.5,1422366.8538760508,3985525.277051761,1.1186848617493743
SN08bi,0.013,7.0,1500849.565122533,4197015.640841692,1.116508559900222
SN08bi,0.013,7.5,1585827.5833043912,4422104.270001456,1.1134325279276975
SN08bi,0.013,8.0,1670268.2798410468,4643319.604476811,1.1101058603774925
SN08bi,0.013,8.5,1746996.8389352146,4850499.1230178485,1.1087357781023879
SN08bi,0.013,9.0,1816373.08023207,5034365.876737723,1.106849295770072
SN08bi,0.013,9.5,1879086.436512936,5201442.911633474,1.1054426962218722
SN08bi,0.013,10.0,1934442.1897590547,5355115.571771429,1.1055327313403325
SN08bq,0.034,1.0,3800.4397417676137,9783.68463712244,1.026671486189188
SN08bq,0.034,1.5,7772.48275297098,20847.330612663038,1.0712267169989063
SN08bq,0.034,2.0,13059.200366206216,36023.78040354839,1.1016817532163337
SN08bq,0.034,2.5,20105.972279665533,55627.85528881241,1.1049180918737038
SN08bq,0.034,3.0,29419.78236024144,80721.70041614684,1.0958771155085518
SN08bq,0.034,3.5,40671.041478794265,110962.71199760018,1.0897294223280523
SN08bq,0.034,4.0,53706.2292941576,146805.5010641101,1.0917941699376947
SN08bq,0.034,4.5,67983.07678540683,188548.8462195025,1.107557657870437
SN08bq,0.034,5.0,84654.89505640476,237779.12429501655,1.1213041190221458
SN08bq,0.034,5.5,104199.00011650757,295492.8381996265,1.131708519752966
SN08bq,0.034,6.0,126198.66077914245,362399.8255263142,1.1453330843024248
SN08bq,0.034,6.5,150711.9053168388,437609.38245690026,1.1573476613442508
SN08bq,0.034,7.0,178212.8515020254,522848.0642770388,1.168591213203878
SN08bq,0.034,7.5,209970.884321834,621903.5350968355,1.1789098703974565
SN08bq,0.034,8.0,247914.5552756569,741125.7715532854,1.1889747254027
SN08bq,0.034,8.5,291575.2674840711,879023.9434942759,1.1981250553874254
SN08bq,0.034,9.0,334762.4483065043,1013635.2571770396,1.2028624318063177
SN08bq,0.034,9.5,372182.0087067484,1129338.450289123,1.2051718480320102
SN08bq,0.034,10.0,404260.9865643013,1227516.205742914,1.2059135072351492
SN08bt,0.015,1.0,73171.86574399455,206927.75942909825,1.1286865661615288
SN08bt,0.015,1.5,151787.29619669603,432782.48146652186,1.1375856195361023
SN08bt,0.015,2.0,247465.6830375096,708474.6127329925,1.1420232755689523
SN08bt,0.015,2.5,348505.9328132044,1000629.3344556582,1.1451576369415857
SN08bt,0.015,3.0,459294.1192228838,1322970.6798481897,1.1486483363332671
SN08bt,0.015,3.5,586594.3611885464,1691621.344351275,1.1499131810531389
SN08bt,0.015,4.0,730326.4624884843,2118343.946901832,1.1561985976756124
SN08bt,0.015,4.5,906082.8808503534,2654390.399288123,1.1669921819274576
SN08bt,0.015,5.0,1131598.8893860972,3355676.3840248208,1.1802188974445016
SN08bt,0.015,5.5,1332516.694686922,3940768.236876309,1.1772705879098238
SN08bt,0.015,6.0,1477264.450781944,4352309.813502495,1.1731538887072537
SN08bt,0.015,6.5,1596585.9227421046,4694170.877187536,1.1709164975053519
SN08bt,0.015,7.0,1700838.7398701066,4989524.272539187,1.16849000124086
SN08bt,0.015,7.5,1792234.9061565634,5249988.363198682,1.1669085231106442
SN08bt,0.015,8.0,1875439.895275936,5483761.872810265,1.1649385935082088
SN08bt,0.015,8.5,1947527.355962055,5688442.016021516,1.1637744221080084
SN08bt,0.015,9.0,2013364.29242578,5876948.5262173945,1.1630738122829678
SN08bt,0.015,9.5,2073752.4313716304,6047376.16778269,1.1620251896214921
SN08bt,0.015,10.0,2125234.255088074,6196508.944732517,1.1618506839358735
SN08bz,0.06,1.0,93.31902240795262,344.37622816036304,1.4176574611924178
SN08bz,0.06,1.5,324.7698657019173,955.441423332728,1.1715708513711542
SN08bz,0.06,2.0,812.810986724485,1942.7095659577285,0.9460457833593332
SN08bz,0.06,2.5,1469.3731880746996,3404.509240402353,0.9123060158363288
SN08bz,0.06,3.0,2472.244717308706,5553.2733108976645,0.8786439768740448
SN08bz,0.06,3.5,3752.4696876202415,8942.659064081014,0.9428737025690781
SN08bz,0.06,4.0,5637.932791874699,13738.3090631429,0.9670334694061629
SN08bz,0.06,4.5,8374.679250921152,21405.2430095593,1.0188799501284784
SN08bz,0.06,5.0,12290.45040474436,32117.329542866068,1.042929073024307
SN08bz,0.06,5.5,17651.082066110597,46259.68738179559,1.046078398469064
SN08bz,0.06,6.0,23940.439497314248,63354.35632667744,1.0566109099810226
SN08bz,0.06,6.5,31386.48123482783,83482.22029617694,1.0621284043860835
SN08bz,0.06,7.0,39032.30394363122,105226.82055259032,1.0767556533801506
SN08bz,0.06,7.5,46440.093831743776,127368.67009053676,1.0954238140717953
SN08bz,0.06,8.0,53897.70823061197,150274.9341288858,1.1132906180204092
SN08bz,0.06,8.5,61214.34442202872,172269.5014261574,1.123387985122907
SN08bz,0.06,9.0,68641.53242288018,192000.62978645117,1.116789206673817
SN08bz,0.06,9.5,74472.45180248642,209045.336600657,1.1206120791980223
SN08bz,0.06,10.0,79505.49489682344,223543.2589953616,1.1224110821695061
SN08cc,0.0104,1.0,454978.8443254739,1094250.9813733215,0.9528143538585878
SN08cc,0.0104,1.5,1347359.110260263,3427858.3753581736,1.013848767966174
SN08cc,0.0104,2.0,2925013.0009255507,7468149.747801074,1.0177130422063625
SN08cc,0.0104,2.5,4153752.338098768,11134913.377923476,1.0706156103011168
SN08cc,0.0104,3.0,4867864.865214538,13161430.928826427,1.0799114887026748
SN08cc,0.0104,3.5,5393804.623047323,14622689.259334622,1.0828300997527052
SN08cc,0.0104,4.0,5823034.934627342,15799808.552418698,1.083756072471863
SN08cc,0.0104,4.5,6177062.652366199,16772637.726707133,1.0845484010675663
SN08cc,0.0104,5.0,6472564.448819327,17581360.660245556,1.084940248866327
SN08cc,0.0104,5.5,6725833.970789461,18274056.373235688,1.0852220447519103
SN08cc,0.0104,6.0,7012032.554300911,19040822.36225905,1.084604444219355
SN08cc,0.0104,6.5,7255247.794822939,19635754.516959097,1.0809883602894674
SN08cc,0.0104,7.0,7426475.433738498,20104166.631293543,1.0812583160757698
SN08cc,0.0104,7.5,7572715.724314452,20506261.41935826,1.08158708906943
SN08cc,0.0104,8.0,7695546.340414813,20846031.61611442,1.0819598359521811
SN08cc,0.0104,8.5,7797416.416576403,21128899.62748697,1.0823153797963005
SN08cc,0.0104,9.0,7882550.1654608995,21364501.8649858,1.0825650698155145
SN08cc,0.0104,9.5,7948369.197542396,21547832.94290169,1.0828139205306004
SN08cc,0.0104,10.0,8012519.328412937,21732086.599543195,1.0833308420142305
SN08cd,0.007,1.0,1525555.5679031946,3609148.735829321,0.9349418718236875
SN08cd,0.007,1.5,2482901.0248514293,5707033.522603754,0.9036275395402559
SN08cd,0.007,2.0,3015813.629784734,6976416.383148585,0.9105697341328385
SN08cd,0.007,2.5,3380322.9657173925,7868182.53008626,0.9172905758790648
SN08cd,0.007,3.0,3652825.995398802,8540575.986621037,0.9221454404819098
SN08cd,0.007,3.5,3881015.9991755937,9097314.36170909,0.9249194227992236
SN08cd,0.007,4.0,4047968.35098397,9511803.19747316,0.9275643692074881
SN08cd,0.007,4.5,4158937.1242622016,9793322.448577546,0.9298692484645685
SN08cd,0.007,5.0,4234289.866809738,9989183.581478387,0.9318735236908142
SN08cd,0.007,5.5,4285922.272575394,10125604.346574698,0.9334416572495852
SN08cd,0.007,6.0,4322284.817060704,10221530.82887922,0.9345064037582251
SN08cd,0.007,6.5,4345569.988199456,10283624.706150714,0.9352486751806611
SN08cd,0.007,7.0,4360872.637096026,10325273.725287398,0.935820426989443
SN08cd,0.007,7.5,4372662.1233366495,10353952.674019558,0.9359006374256206
SN08cd,0.007,8.0,4380759.53608971,10376555.025610449,0.9362594460408584
SN08cd,0.007,8.5,4385438.668458975,10389644.312986651,0.9364690954532867
SN08cd,0.007,9.0,4391117.466428098,10403407.287738996,0.9365013654428693
SN08cd,0.007,9.5,4401024.440619735,10430846.356053948,0.9369144200384716
SN08cd,0.007,10.0,4459144.076979907,10618185.15263454,0.9419969729286602
SN08cf,0.046,1.0,2666.6586368210005,4898.668295761457,0.66027652120084
SN08cf,0.046,1.5,5809.974335723296,10441.173768346598,0.6364377740499005
SN08cf,0.046,2.0,10338.077173820966,18273.197333730222,0.6184369359307053
SN08cf,0.046,2.5,16505.88059906466,28981.83269768846,0.611217864800335
SN08cf,0.046,3.0,24372.305771213352,42870.88538808273,0.6131645869056472
SN08cf,0.046,3.5,34443.25562836558,61513.44490693388,0.6296646359831684
SN08cf,0.046,4.0,46466.16101096109,83657.63354863338,0.6384219560308978
SN08cf,0.046,4.5,58722.93475542538,105851.31840754506,0.6397212994064809
SN08cf,0.046,5.0,69729.50450539826,125456.72766129776,0.6376934408259533
SN08cf,0.046,5.5,79899.72740172077,143547.99283641492,0.6361295668268312
SN08cf,0.046,6.0,89044.30586381219,159716.1831378696,0.6343569255298289
SN08cf,0.046,6.5,96374.54761209356,172186.40020100746,0.6300912353257595
SN08cf,0.046,7.0,102142.74926337082,181862.5579680896,0.6263393805381645
SN08cf,0.046,7.5,107078.66623069347,190072.7359895068,0.6230421829935788
SN08cf,0.046,8.0,111642.11935152084,197839.8522310372,0.6212142666883151
SN08cf,0.046,8.5,116505.08077302024,205971.9510751184,0.6186580439337651
SN08cf,0.046,9.0,121284.67693594396,214814.567076086,0.6206444820710348
SN08cf,0.046,9.5,125634.27528426632,222596.22665102643,0.6210241480200542
SN08cf,0.046,10.0,128875.01781110346,228979.66184343115,0.6240704283922438
SN08fl,0.02,1.0,14795.81901679738,49371.79413508336,1.3083497477198538
SN08fl,0.02,1.5,33908.50443442016,112943.85056813544,1.3063848867686478
SN08fl,0.02,2.0,61384.46987745573,205343.9575564833,1.3110585456530945
SN08fl,0.02,2.5,98337.42449696743,329382.07385473815,1.3124528247421532
SN08fl,0.02,3.0,147250.3962186963,490047.6054354042,1.3054544983772094
SN08fl,0.02,3.5,209805.37307905767,697265.1906266822,1.3039534459481374
SN08fl,0.02,4.0,291715.1314594019,963450.2105600984,1.297175797830235
SN08fl,0.02,4.5,395279.63330102793,1301640.7485510611,1.2939667449276107
SN08fl,0.02,5.0,528241.5532170908,1736334.7931797262,1.2920022665142934
SN08fl,0.02,5.5,710637.462925519,2332541.7509969054,1.29045331866985
SN08fl,0.02,6.0,985938.790266408,3242048.0798572213,1.2924237439441026
SN08fl,0.02,6.5,1322734.4633544493,4315001.231058998,1.2837706371994586
SN08fl,0.02,7.0,1571722.756978792,5078419.358313426,1.2733815479775954
SN08fl,0.02,7.5,1758012.863319427,5654491.602189659,1.268428787357617
SN08fl,0.02,8.0,1907735.9939980267,6123309.68297548,1.2661698760222362
SN08fl,0.02,8.5,2028878.885233352,6505495.954870614,1.2650607218538357
SN08fl,0.02,9.0,2129918.348792439,6826367.938771737,1.264566844928178
SN08fl,0.02,9.5,2215032.54906476,7099181.392897465,1.2645704017002404
SN08fl,0.02,10.0,2286487.357567795,7332475.424521157,1.265204529128662
SN08fp,0.006,1.0,249084.85263543917,701474.3965820166,1.1241612653911501
SN08fp,0.006,1.5,666790.2468009916,1821864.8729360031,1.0913173090658679
SN08fp,0.006,2.0,1761776.851285769,4648895.655165107,1.053497248012765
SN08fp,0.006,2.5,5068254.055662149,13617218.176206505,1.073075048112264
SN08fp,0.006,3.0,6199193.244823244,16749604.994608551,1.0791734872514216
SN08fp,0.006,3.5,7005716.778278214,18826117.96476149,1.073270499107661
SN08fp,0.006,4.0,7478136.023105792,20122729.589448564,1.0747338267333943
SN08fp,0.006,4.5,8000897.641729165,21400765.844943702,1.0682265021676012
SN08fp,0.006,5.0,8646083.697880652,23034171.45839684,1.063882899679671
SN08fp,0.006,5.5,9079019.125189912,24173599.070215777,1.0632559597865723
SN08fp,0.006,6.0,9338950.50788952,24876816.911323357,1.0637418400024836
SN08fp,0.006,6.5,9724533.2296879,25982596.97397515,1.0670344804397671
SN08fp,0.006,7.0,10332856.201178877,27537053.53632244,1.064242708525359
SN08fp,0.006,7.5,10885441.647574147,28792235.01931377,1.056073311403317
SN08fp,0.006,8.0,11078248.331383558,29246071.05365024,1.0539910866612026
SN08fp,0.006,8.5,11663200.694236135,30439883.6620524,1.0415630986836701
SN08fp,0.006,9.0,13188867.158537654,33187190.25422569,1.0019074777170007
SN08fp,0.006,9.5,18330432.27530612,45183362.77185216,0.979514608430567
SN08fp,0.006,10.0,20086092.35523257,49009583.53660084,0.9684638920942099
SN08fr,0.048,1.0,3108.233328812026,5993.952888623303,0.7129992804586753
SN08fr,0.048,1.5,6059.090245397752,11334.470411470033,0.6799845301647135
SN08fr,0.048,2.0,9106.125312626198,16389.911773051088,0.6381074831854683
SN08fr,0.048,2.5,11769.790550964226,20826.374981798806,0.6196123730591254
SN08fr,0.048,3.0,13702.774931151642,24191.34786971199,0.6171288553859375
SN08fr,0.048,3.5,15264.464032668284,26928.543641864355,0.6163282662010904
SN08fr,0.048,4.0,16238.26935796258,28245.09310986911,0.6010081739618266
SN08fr,0.048,4.5,16461.211644463878,28731.25033211173,0.6047318184209534
SN08fr,0.048,5.0,16867.482698966403,28954.22998694916,0.5866543659034655
SN08fr,0.048,5.5,17151.537437730458,29292.776083324457,0.581143690505863
SN08fr,0.048,6.0,16844.311301995494,28898.664107088567,0.586061270241899
SN08fr,0.048,6.5,16859.198072961524,29254.125576063685,0.598375520608411
SN08fr,0.048,7.0,16554.903162965664,28872.281554396865,0.6038861486933569
SN08fr,0.048,7.5,16245.31217272235,27966.292224542725,0.589767075294809
SN08fr,0.048,8.0,16085.44504997841,27362.185997074062,0.5767942733047435
SN08fr,0.048,8.5,16136.246120420814,26421.41744409611,0.5353840083510399
SN08fr,0.048,9.0,15945.906310262804,24946.917698331843,0.4859192154915242
SN08fr,0.048,9.5,15445.9218286598,24070.01597838294,0.48165636503946363
SN08fr,0.048,10.0,15282.04998565818,22673.26256881287,0.4283310038743253
SN08fu,0.052,1.0,10423.398452922487,29628.221706301025,1.134240615077104
SN08fu,0.052,1.5,22132.24707794588,63081.10650066041,1.1371844818564083
SN08fu,0.052,2.0,37875.62544027229,108270.83251471186,1.1403791577212001
SN08fu,0.052,2.5,58572.630503088665,166944.41479378473,1.1371929135595236
SN08fu,0.052,3.0,82475.64384091907,234415.36182366908,1.1341508853918194
SN08fu,0.052,3.5,108286.6730719518,304283.6143925646,1.1217588884514131
SN08fu,0.052,4.0,136195.93121496373,375253.6054346382,1.100401850483408
SN08fu,0.052,4.5,164856.86403505158,446652.2951703598,1.082156339285771
SN08fu,0.052,5.0,192847.47626592175,516186.12878186826,1.0689809250410829
SN08fu,0.052,5.5,219656.0196762681,582333.1381978341,1.0585709878092833
SN08fu,0.052,6.0,245472.29277409165,646143.2771787912,1.0508158775098877
SN08fu,0.052,6.5,271124.67105558194,708617.9494706396,1.0431077770346642
SN08fu,0.052,7.0,297214.918061538,771500.1262475376,1.0356634933915079
SN08fu,0.052,7.5,323482.66355882725,833751.3660512198,1.0279638701323115
SN08fu,0.052,8.0,349245.7262178326,893377.4274949069,1.0197596872518573
SN08fu,0.052,8.5,373194.69993025897,948410.1338416458,1.0126517962190857
SN08fu,0.052,9.0,394512.5680922738,998112.3608227418,1.007796477025508
SN08fu,0.052,9.5,413934.4789326229,1042146.9262040958,1.0024933729535395
SN08fu,0.052,10.0,431082.1097857633,1081154.738283942,0.9983196407577153
SN08fw,0.009,1.0,83505.51606401292,131957.50646131323,0.4967973399567185
SN08fw,0.009,1.5,107119.84218467346,168768.19772374257,0.49355172102005157
SN08fw,0.009,2.0,178420.25224671324,273976.31758042023,0.4656721878642176
SN08fw,0.009,2.5,441700.4664687088,634555.9591774981,0.39335517265277864
SN08fw,0.009,3.0,655453.673502712,925024.9553257828,0.3740286186909091
SN08fw,0.009,3.5,962612.1993791376,1379525.0976937746,0.39069561181638157
SN08fw,0.009,4.0,1195211.557715915,1654836.5447289234,0.3532757974582864
SN08fw,0.009,4.5,3830143.62004968,3415790.07886661,-0.12430971588163686
SN08fw,0.009,5.0,16614070.468599267,17746265.805548526,0.07157733487287586
SN08fw,0.009,5.5,17169051.25545635,18754789.04784108,0.09591471615685454
SN08fw,0.009,6.0,17327551.42373883,18987275.181162987,0.09931362060353754
SN08fw,0.009,6.5,17457547.912658393,19181369.3905628,0.1022409157909273
SN08fw,0.009,7.0,17841496.74143647,19909783.59418602,0.11908813647480003
SN08fw,0.009,7.5,18173066.741899967,20418531.219535835,0.12649069224600185
SN08fw,0.009,8.0,18418010.869909897,20743334.62878424,0.1290896211051893
SN08fw,0.009,8.5,18606641.01032621,21034989.018039003,0.13318577755823316
SN08fw,0.009,9.0,18943700.935901493,21556252.845676124,0.14027110037738647
SN08fw,0.009,9.5,19268516.10584897,22020519.29406592,0.14494821516375825
SN08fw,0.009,10.0,19876096.39366302,22909858.6362452,0.15422828780944414
SN08gg,0.032,1.0,-565.6532789441824,-487.6485404605,
SN08gg,0.032,1.5,-1202.195663258133,-1101.0680540043718,
SN08gg,0.032,2.0,-2016.259365847012,-2011.6729341737584,
SN08gg,0.032,2.5,-2828.508469043688,-2874.964996773743,
SN08gg,0.032,3.0,-4195.649638160078,-3905.3510411641655,
SN08gg,0.032,3.5,-5399.037119714402,-4727.824272231292,
SN08gg,0.032,4.0,-5621.207215486451,-4547.786953340743,
SN08gg,0.032,4.5,-4756.206842769005,-3098.059628165942,
SN08gg,0.032,5.0,-3633.0025846593526,-211.9493535220172,
SN08gg,0.032,5.5,-2353.8873021941727,3387.5906719708946,
SN08gg,0.032,6.0,-846.922311618735,6538.439333663264,
SN08gg,0.032,6.5,825.2842518534017,10752.264011031082,2.7872409039050545
SN08gg,0.032,7.0,2642.23795238389,15932.344134821607,1.9507693803458475
SN08gg,0.032,7.5,3799.285402175075,21077.604689855907,1.8602983402518811
SN08gg,0.032,8.0,5263.743397100792,27061.471438945096,1.777641743907279
SN08gg,0.032,8.5,7774.274362218988,34006.29704666708,1.6022487020357687
SN08gg,0.032,9.0,10953.11026805002,44486.42731236036,1.5217251731787038
SN08gg,0.032,9.5,16923.178569077747,59431.10407486596,1.3638296533935446
SN08gg,0.032,10.0,27753.21987109119,81090.43228891272,1.1641405982448556
SN08gl,0.034,1.0,1519.1812641379374,3585.588656808287,0.9323771740376741
SN08gl,0.034,1.5,3701.9798051285625,8869.29432057319,0.9486375539464189
SN08gl,0.034,2.0,7726.357163010824,19671.48798706773,1.0146560794167996
SN08gl,0.034,2.5,14842.939730913762,40255.56439478329,1.0832649898393525
SN08gl,0.034,3.0,21313.567132670025,61353.09815846667,1.14795089256202
SN08gl,0.034,3.5,26092.227567443173,76059.12129686856,1.1616003652781957
SN08gl,0.034,4.0,30575.116579039524,88663.59408360446,1.1559430258478955
SN08gl,0.034,4.5,35201.98226457157,101945.2629662264,1.1544998266722502
SN08gl,0.034,5.0,40280.59244390664,116280.46453751667,1.1510272714959782
SN08gl,0.034,5.5,45581.16623330312,131948.1720135343,1.1540448629384454
SN08gl,0.034,6.0,51485.260206058825,149031.58974611774,1.153988555422078
SN08gl,0.034,6.5,57726.62566364236,167985.17009389636,1.1597369283453727
SN08gl,0.034,7.0,64653.88922554936,187737.2226704076,1.1573893349020923
SN08gl,0.034,7.5,71872.35044336291,209631.465579044,1.1622365568951207
SN08gl,0.034,8.0,79917.71426416232,233753.74148087605,1.16528879215859
SN08gl,0.034,8.5,88538.4950285216,259489.7565246164,1.167470207388103
SN08gl,0.034,9.0,98550.97940912876,287886.472557131,1.163900784197862
SN08gl,0.034,9.5,109396.50346344916,319521.2049265921,1.1637406099838652
SN08gl,0.034,10.0,120835.25529051092,354257.0899079748,1.1678122169568186
SN08go,0.062,1.0,-15.511362651234949,163.07335552308518,
SN08go,0.062,1.5,55.34373259751209,263.2908765876505,1.6934184103035819
SN08go,0.062,2.0,206.7579044314415,659.4265689739407,1.2592607988731952
SN08go,0.062,2.5,300.8730175695812,978.5033552304652,1.2804476935225955
SN08go,0.062,3.0,563.9915426033472,1623.7607096610918,1.1481235924931554
SN08go,0.062,3.5,708.8114880651863,2430.734746949711,1.3380170535874965
SN08go,0.062,4.0,826.9114319075406,3431.989334990629,1.5452173339460449
SN08go,0.062,4.5,1041.5137895303433,4494.809980235489,1.5876157804063018
SN08go,0.062,5.0,1105.438355141694,5815.132955423863,1.802562799077305
SN08go,0.062,5.5,1316.6632743213922,7243.974410436167,1.8512554638127607
SN08go,0.062,6.0,1454.287220011226,8475.815377606206,1.9138282514631824
SN08go,0.062,6.5,1793.0425657390033,10010.687027880913,1.8671832107990027
SN08go,0.062,7.0,2303.8316735092803,12098.142782857802,1.800669902554475
SN08go,0.062,7.5,2853.0602949002914,14713.690317542152,1.7810266530682761
SN08go,0.062,8.0,3683.061056716104,18215.67768549548,1.735591036489731
SN08go,0.062,8.5,4027.098715792392,22311.60051787929,1.858846124689733
SN08go,0.062,9.0,4904.543905470495,26209.26907794437,1.819640707134328
SN08go,0.062,9.5,6027.312585978303,30701.97545921205,1.7676065124066977
SN08go,0.062,10.0,7087.454849195921,35549.17276899109,1.7508479847577734
SN08gp,0.033,1.0,3793.672175799029,10025.445315821156,1.0551096828854405
SN08gp,0.033,1.5,8660.450759450643,22397.95620154484,1.0316697357052316
SN08gp,0.033,2.0,15620.964573963744,40728.39060877589,1.040473504257948
SN08gp,0.033,2.5,24841.96556488716,65422.20727150176,1.051348093000013
SN08gp,0.033,3.0,36555.77656529564,95948.41732642788,1.047704503092674
SN08gp,0.033,3.5,50388.491803790144,131113.12390841174,1.0382870137797775
SN08gp,0.033,4.0,65671.27684327526,170520.42944117665,1.036002393437649
SN08gp,0.033,4.5,82829.16317132753,212766.7933981154,1.0243014367925842
SN08gp,0.033,5.0,101298.56153301078,258112.74386672772,1.0155154232530668
SN08gp,0.033,5.5,121432.14554932545,305177.5811357541,1.0005473948387427
SN08gp,0.033,6.0,143479.7149124921,355556.04247873666,0.9852938963804476
SN08gp,0.033,6.5,167192.1050090482,409159.0620681846,0.9716910216302234
SN08gp,0.033,7.0,192586.053837258,468857.4519197829,0.9660399714710527
SN08gp,0.033,7.5,219481.53239290716,531911.3225993206,0.9611031283994733
SN08gp,0.033,8.0,248414.6519732168,597385.3496680291,0.9526933998482143
SN08gp,0.033,8.5,279816.6717403165,668083.1111742434,0.944892266331973
SN08gp,0.033,9.0,314681.5044070484,746896.7591723857,0.9384733931698642
SN08gp,0.033,9.5,354189.6365729044,837552.9813417876,0.9344410977333261
SN08gp,0.033,10.0,402045.8206418467,943796.4065529576,0.9265069189380236
SN08hj,0.038,1.0,411.5431174584605,919.324551357592,0.8726337885644693
SN08hj,0.038,1.5,1029.181376600619,2401.57320284629,0.9200097752455876
SN08hj,0.038,2.0,2065.667834299403,4731.418355004049,0.8998271585530229
SN08hj,0.038,2.5,3605.351531849631,7910.677005403107,0.8531650912373994
SN08hj,0.038,3.0,5327.223270603465,12242.621115774702,0.903433775444143
SN08hj,0.038,3.5,7463.338788092495,17727.590496873294,0.9392913869773429
SN08hj,0.038,4.0,10678.596883632445,25952.509481101377,0.9641629153555941
SN08hj,0.038,4.5,15537.523021551198,37856.62467126855,0.9669002603917863
SN08hj,0.038,5.0,22943.32229211569,53535.393369392856,0.9199617307844297
SN08hj,0.038,5.5,32445.742503357254,73902.078700062,0.8937473427358401
SN08hj,0.038,6.0,45698.18373263436,99169.39176843458,0.8411967753908516
SN08hj,0.038,6.5,60284.611257048426,125895.53516997896,0.7995096589788764
SN08hj,0.038,7.0,75071.22021055162,151996.7075773963,0.7659017644199726
SN08hj,0.038,7.5,88738.48197984605,176799.16355449546,0.7484205272571393
SN08hj,0.038,8.0,101027.03651830276,198691.6040877277,0.7343547554334275
SN08hj,0.038,8.5,111385.87456802667,220029.7677406762,0.7391283029440325
SN08hj,0.038,9.0,121014.07905282071,239987.25821486305,0.7433807100203313
SN08hj,0.038,9.5,131540.83699400665,263950.4231139262,0.75615440391798
SN08hj,0.038,10.0,144203.32575220417,294019.71609576454,0.7735029432292352
SN08hu,0.05,1.0,266.28224297717657,1036.8574965388048,1.4759421637530425
SN08hu,0.05,1.5,626.8018641747009,2198.9052053401765,1.3626905698040501
SN08hu,0.05,2.0,1126.5941385411938,3853.4743619855512,1.335212466306358
SN08hu,0.05,2.5,1834.524126281634,6142.505596512745,1.3120553329985842
SN08hu,0.05,3.0,2826.300877845093,8966.513258725652,1.253513004008627
SN08hu,0.05,3.5,5515.13464274064,13221.399481935288,0.9493032701831129
SN08hu,0.05,4.0,10511.774715142552,22914.55630931064,0.8460885195769217
SN08hu,0.05,4.5,15946.889281979473,38369.27487901294,0.9532690320124736
SN08hu,0.05,5.0,19557.43712450788,50943.47236617087,1.039441502378928
SN08hu,0.05,5.5,23209.114224283217,62490.24313442376,1.0753841211995314
SN08hu,0.05,6.0,29011.58068689805,78488.83823416113,1.0805912725030444
SN08hu,0.05,6.5,39381.25988917264,105120.40881609808,1.0659935879635452
SN08hu,0.05,7.0,56599.6420984891,154939.8469082642,1.0933735938308269
SN08hu,0.05,7.5,77946.67343181385,232111.2504471934,1.184746514811181
SN08hu,0.05,8.0,95828.36728431254,302784.86587922846,1.2491001881387938
SN08hu,0.05,8.5,107138.35301439711,349898.3648141382,1.2849923675023174
SN08hu,0.05,9.0,115706.2693759517,385183.77615357767,1.305777738140323
SN08hu,0.05,9.5,124163.96246246088,422434.47462165833,1.3294094741098752
SN08hu,0.05,10.0,135899.25580282387,472140.1859200778,1.3521347205236962
SN08hv,0.013,1.0,,68881.392714694,
SN08hv,0.013,1.5,,150104.42910280684,
SN08hv,0.013,2.0,,261247.33622932457,
SN08hv,0.013,2.5,,407585.287093328,
SN08hv,0.013,3.0,,590938.4067371793,
SN08hv,0.013,3.5,,810563.9877417992,
SN08hv,0.013,4.0,,1074775.5819494263,
SN08hv,0.013,4.5,,1389184.5453279803,
SN08hv,0.013,5.0,,1763792.0690200874,
SN08hv,0.013,5.5,,2203037.3308719983,
SN08hv,0.013,6.0,,2701335.3554461086,
SN08hv,0.013,6.5,,3258239.429742641,
SN08hv,0.013,7.0,,3866977.501194556,
SN08hv,0.013,7.5,,4534487.609622385,
SN08hv,0.013,8.0,,5274345.05033789,
SN08hv,0.013,8.5,,6113962.437314119,
SN08hv,0.013,9.0,,7083565.02782812,
SN08hv,0.013,9.5,,8250491.422355306,
SN08hv,0.013,10.0,,9783477.730337825,
SN08ia,0.022,1.0,64847.642281844746,202645.9053494265,1.2371091053187169
SN08ia,0.022,1.5,159562.7926211498,500917.2823739937,1.2420859678493843
SN08ia,0.022,2.0,342375.155071628,1080801.5310591336,1.2481092731690555
SN08ia,0.022,2.5,671644.7345316303,2115923.154754834,1.2459006918517737
SN08ia,0.022,3.0,953861.3618675407,2935103.315432414,1.220345339607776
SN08ia,0.022,3.5,1148727.5255971171,3500513.253002288,1.2097867464025165
SN08ia,0.022,4.0,1301753.103310562,3946134.58940155,1.2041081795283795
SN08ia,0.022,4.5,1433974.0982557952,4327774.546732791,1.1993083038788495
SN08ia,0.022,5.0,1652089.9650050688,4860296.568861492,1.1715726922338128
SN08ia,0.022,5.5,2041091.524597548,5794276.839159018,1.1328419043649625
SN08ia,0.022,6.0,2147719.1396150985,6086248.534217781,1.1309304888673006
SN08ia,0.022,6.5,2216078.2519941656,6285374.55650166,1.1318651786329623
SN08ia,0.022,7.0,2272907.0203448297,6452886.973270815,1.132930970394759
SN08ia,0.022,7.5,2321640.414491156,6598717.306132842,1.1341614200677648
SN08ia,0.022,8.0,2365113.3965356047,6729930.168789614,1.1353964746910685
SN08ia,0.022,8.5,2403577.713710418,6841214.328427357,1.1356875703171478
SN08ia,0.022,9.0,2438465.202152572,6942301.030031014,1.1359671976843215
SN08ia,0.022,9.5,2482671.4846537905,7055957.5643420825,1.1340917603717584
SN08ia,0.022,10.0,2579359.0259089665,7260338.065114259,1.123612616800742
SN09D,0.025,1.0,-143.82434184331402,-400.9503863551101,
SN09D,0.025,1.5,-358.2553438496782,-1008.6664012791344,
SN09D,0.025,2.0,-892.464528019869,-1928.9223043489865,
SN09D,0.025,2.5,-1820.5170000944197,-3248.599214872156,
SN09D,0.025,3.0,-2906.781760170269,-4778.531742056583,
SN09D,0.025,3.5,-3807.889006367454,-6620.748437216739,
SN09D,0.025,4.0,-5240.514615999633,-8710.145543091083,
SN09D,0.025,4.5,-6631.00865006306,-10981.245280302275,
SN09D,0.025,5.0,-8447.244046563967,-13294.827861751735,
SN09D,0.025,5.5,-9080.282290582689,-12673.850045900494,
SN09D,0.025,6.0,-8695.987043397408,-9937.705414234984,
SN09D,0.025,6.5,-9553.739688764184,-10815.36625851174,
SN09D,0.025,7.0,-10769.928826057336,-12426.991595260732,
SN09D,0.025,7.5,-11588.183326031249,-13702.785316296256,
SN09D,0.025,8.0,-13479.506329004593,-15057.574895194291,
SN09D,0.025,8.5,-15807.88875431612,-18083.36480248843,
SN09D,0.025,9.0,-17512.128585645467,-20423.815017816956,
SN09D,0.025,9.5,-18984.279236446502,-21846.28193988617,
SN09D,0.025,10.0,-18893.35773943281,-19723.422564916214,
SN09F,0.013,1.0,108960.36275803372,303943.31761471514,1.1138101478367584
SN09F,0.013,1.5,250882.38193174588,708324.5089190515,1.1269052622096316
SN09F,0.013,2.0,450420.6017580556,1291960.1443733608,1.1440771746713876
SN09F,0.013,2.5,729535.1384449936,2114946.920080992,1.155633143444853
SN09F,0.013,3.0,1214882.2336090386,3495152.8413034705,1.1473299774437349
SN09F,0.013,3.5,1944809.155164276,5762448.955690438,1.1793252527948759
SN09F,0.013,4.0,2444188.6819164697,7297090.588514567,1.187537522607586
SN09F,0.013,4.5,2812257.627185827,8402552.668715114,1.1883903501882518
SN09F,0.013,5.0,3114342.5149919875,9291771.569432544,1.186830374940175
SN09F,0.013,5.5,3372564.764542774,10042891.11742335,1.184746139675148
SN09F,0.013,6.0,3586705.420712781,10658640.445505347,1.1825152574536915
SN09F,0.013,6.5,3762894.432291208,11161980.51968,1.1805480646017672
SN09F,0.013,7.0,3906224.0572642153,11572180.450342562,1.1791451170040925
SN09F,0.013,7.5,4035301.521101528,11932758.950670715,1.177162191426047
SN09F,0.013,8.0,4146052.9885036633,12229653.256020812,1.1744482387468254
SN09F,0.013,8.5,4316858.057974313,12681138.705758335,1.1699762098909552
SN09F,0.013,9.0,4386382.170499655,12871104.616428534,1.1687733817156731
SN09F,0.013,9.5,4431265.105010904,13001950.56901497,1.1687019441886912
SN09F,0.013,10.0,4462433.278607119,13103316.310172625,1.1695237230033055
SN09I,0.026,1.0,20580.609424411705,41833.92598175645,0.7701759822357414
SN09I,0.026,1.5,46667.76974210358,95801.85779546568,0.7808922115642165
SN09I,0.026,2.0,87654.79886782497,177316.9836018602,0.7649365930257689
SN09I,0.026,2.5,149212.92723677968,293338.2332740931,0.7339055539905424
SN09I,0.026,3.0,227911.37210095997,441968.3140986363,0.7190628474873971
SN09I,0.026,3.5,322020.83264518296,616088.5276193684,0.7043978827775405
SN09I,0.026,4.0,429901.8412738801,817472.9017050922,0.6977601499882115
SN09I,0.026,4.5,563984.437238622,1064384.2930298743,0.6895783425289583
SN09I,0.026,5.0,724845.2689551705,1347788.3127545936,0.6734409436872919
SN09I,0.026,5.5,905589.438147912,1673060.5530806931,0.6664507773796731
SN09I,0.026,6.0,1114124.5243677488,2057879.2596040736,0.6662153900386326
SN09I,0.026,6.5,1350062.0023863292,2494089.474951049,0.666395788667655
SN09I,0.026,7.0,1611752.2335173446,2995215.003123848,0.6728243043554181
SN09I,0.026,7.5,1853906.842200914,3477556.3496373845,0.6829656716133135
SN09I,0.026,8.0,2063380.1581957457,3889203.373163986,0.688203509429422
SN09I,0.026,8.5,2252086.256700128,4251494.951587108,0.6898916184736712
SN09I,0.026,9.0,2422075.5013918206,4579157.720617254,0.6914948133207587
SN09I,0.026,9.5,2561997.7988624293,4856548.998527533,0.6943725561942454
SN09I,0.026,10.0,2672207.0451986752,5080003.069591756,0.6974846751018899
SN09P,0.025,1.0,82053.8573323315,162540.10145969733,0.7421538113997977
SN09P,0.025,1.5,168346.34375326725,332444.18106611934,0.7387876178133796
SN09P,0.025,2.0,273853.5141027697,543492.3178297826,0.7441877289943893
SN09P,0.025,2.5,381451.9717339774,757900.2272116854,0.7454304328703582
SN09P,0.025,3.0,481473.2629083171,951998.0392967176,0.7401596974111682
SN09P,0.025,3.5,573930.3043013868,1128158.1919802078,0.7337771115701217
SN09P,0.025,4.0,662454.2153451616,1289605.7540746126,0.7232527357147945
SN09P,0.025,4.5,755955.0555247905,1458153.7478114204,0.7132683566542521
SN09P,0.025,5.0,842677.5798517641,1610998.4087529986,0.7035841803645969
SN09P,0.025,5.5,915458.0596635313,1737533.4285081392,0.6957367905395689
SN09P,0.025,6.0,979486.6585169028,1848185.03053611,0.6893673086025129
SN09P,0.025,6.5,1036624.1489177444,1947798.4663391493,0.6848067442832444
SN09P,0.025,7.0,1085541.2939633646,2031421.4519392203,0.6803842141541403
SN09P,0.025,7.5,1124844.1325678811,2097828.004598102,0.6766938284188323
SN09P,0.025,8.0,1155592.2110702952,2148029.855911612,0.6730892686766919
SN09P,0.025,8.5,1178437.8199792197,2187613.4228648813,0.6716597686675412
SN09P,0.025,9.0,1196967.6052808885,2218062.1746883537,0.6697282972627379
SN09P,0.025,9.5,1211234.5507964543,2242604.170361593,0.6688109368315887
SN09P,0.025,10.0,1221660.5474829338,2260907.468001797,0.6683305986187522
SN09Y,0.009,1.0,186234.6872076769,486906.11358809774,1.043461634312841
SN09Y,0.009,1.5,1175806.4063175125,2385459.6759519866,0.7680906437758417
SN09Y,0.009,2.0,1884116.0235847156,4415553.975129669,0.9246938870519318
SN09Y,0.009,2.5,2376856.6628870256,5679581.698152589,0.9457833970051441
SN09Y,0.009,3.0,2966486.4656150667,7192262.548797048,0.9615579035196156
SN09Y,0.009,3.5,3651028.960885712,8938557.460512176,0.9721303960139596
SN09Y,0.009,4.0,4590664.649308858,11165100.486736044,0.9649676691112576
SN09Y,0.009,4.5,6155671.644334511,14713831.35482278,0.9461258208474173
SN09Y,0.009,5.0,8325827.039587426,20366189.085624427,0.9712059673477308
SN09Y,0.009,5.5,9678976.19497493,24063109.28267803,0.988805804206724
SN09Y,0.009,6.0,10619489.618873851,26445889.47366854,0.9906363345791576
SN09Y,0.009,6.5,11263106.225097802,28095380.819288235,0.9924418576317031
SN09Y,0.009,7.0,11792813.498426417,29447018.707329504,0.9935597548877861
SN09Y,0.009,7.5,12238991.42464926,30558936.53678169,0.9934815151301961
SN09Y,0.009,8.0,12631938.22465945,31506919.944478054,0.9923398908325829
SN09Y,0.009,8.5,12970279.44247429,32314214.760499083,0.9911106849754765
SN09Y,0.009,9.0,13264857.752799416,33002793.731038857,0.9896202697769325
SN09Y,0.009,9.5,13535354.852520203,33615839.58225943,0.9876857913640235
SN09Y,0.009,10.0,13794605.385542834,34195852.16624237,0.9856603737919276
SN09ab,0.011,1.0,3635.174481365129,31094.24492170007,2.330386885194355
SN09ab,0.011,1.5,11210.014049766904,75051.26760207316,2.0643796872211215
SN09ab,0.011,2.0,30783.304253945505,151150.62381494063,1.7277367727409465
SN09ab,0.011,2.5,65539.90628824901,263992.8592197156,1.51271590915409
SN09ab,0.011,3.0,103564.77788328254,393922.6099042645,1.4504970764271587
SN09ab,0.011,3.5,147821.93134308362,543162.8412011577,1.4129779479948954
SN09ab,0.011,4.0,220581.4655704128,746774.4337011735,1.3240510582034308
SN09ab,0.011,4.5,302529.1692335097,990991.2701259606,1.2882564348051906
SN09ab,0.011,5.0,391461.3678013617,1265034.7364630671,1.2735338542290702
SN09ab,0.011,5.5,490306.7152235173,1574495.870932115,1.2666842117025936
SN09ab,0.011,6.0,595020.0888724582,1913513.421548468,1.2682497106668755
SN09ab,0.011,6.5,707029.8074310191,2281053.056059937,1.2717441584786628
SN09ab,0.011,7.0,840739.3344720147,2708853.9632046125,1.270310564606205
SN09ab,0.011,7.5,998386.6334806116,3218392.2398829004,1.2708505360304336
SN09ab,0.011,8.0,1207886.171208043,3870214.5113026416,1.2642725695407768
SN09ab,0.011,8.5,1483708.5734437397,4782098.024352427,1.270674669763103
SN09ab,0.011,9.0,1698764.0092323474,5487429.778950461,1.2730898112110456
SN09ab,0.011,9.5,1860672.398199585,6023418.448885053,1.2754327989608618
SN09ab,0.011,10.0,2004855.8082532603,6489838.706240146,1.2753769005459565
SN09ad,0.028,1.0,17828.120765042393,42730.32101786416,0.9490764706515811
SN09ad,0.028,1.5,37917.50788218796,93450.87481658236,0.9793589638823037
SN09ad,0.028,2.0,65717.53058664776,161977.04281640804,0.9794305748179797
SN09ad,0.028,2.5,99176.84780012982,244508.41703540285,0.9797087832180613
SN09ad,0.028,3.0,136586.38840150076,337329.3126284775,0.9816166493387097
SN09ad,0.028,3.5,179080.50313421694,442301.62256086594,0.9816755666946103
SN09ad,0.028,4.0,227702.71360720985,560685.1177829317,0.9783770563395631
SN09ad,0.028,4.5,279784.8259680136,691204.4236013917,0.9819558797794059
SN09ad,0.028,5.0,339953.88001908374,839016.1084328195,0.9808757417775994
SN09ad,0.028,5.5,407098.5923723736,1006701.9265381322,0.9830032475200972
SN09ad,0.028,6.0,467827.8892490852,1170460.0044698,0.9956761742081526
SN09ad,0.028,6.5,521940.9892013248,1314682.7932957096,1.0029989364023735
SN09ad,0.028,7.0,572150.1091092972,1445199.391583992,1.006044462414906
SN09ad,0.028,7.5,620714.5556691517,1567731.2982906238,1.0059492476569094
SN09ad,0.028,8.0,664816.5985331242,1678339.8895870456,1.005445156796938
SN09ad,0.028,8.5,705296.2210770829,1779156.758115121,1.0046066442385444
SN09ad,0.028,9.0,742026.9529585656,1871697.008973681,1.0045396642695839
SN09ad,0.028,9.5,774992.8208304829,1955253.3409453395,1.004763393039232
SN09ad,0.028,10.0,804285.6521393431,2029271.5965255976,1.0048246384093675
SN09ag,0.009,1.0,2568.930242586164,13501.593683389958,1.8015818068094749
SN09ag,0.009,1.5,5843.243397095869,31263.42645375067,1.820956494336432
SN09ag,0.009,2.0,774896.81099659,1631940.5050372148,0.8086511205292451
SN09ag,0.009,2.5,875224.1362506215,1878770.828480455,0.8293863062974961
SN09ag,0.009,3.0,897794.4306641524,1936324.976533048,0.834503351096251
SN09ag,0.009,3.5,1435271.7247546348,2821665.265098882,0.7339284069690537
SN09ag,0.009,4.0,1539145.4752677996,3073360.414666422,0.7508345581340283
SN09ag,0.009,4.5,1567132.5614421314,3162405.2172588995,0.762279458672583
SN09ag,0.009,5.0,1861082.3593652232,4014643.7608969416,0.8347035541008183
SN09ag,0.009,5.5,1994712.931421113,4397162.557316368,0.8582302951672506
SN09ag,0.009,6.0,2203232.437456049,4873088.919994659,0.8618600478959764
SN09ag,0.009,6.5,2344177.552667195,5169485.353031778,0.858642015589965
SN09ag,0.009,7.0,2689951.526423063,5938721.790043981,0.8598713161922156
SN09ag,0.009,7.5,3047217.356250967,6737618.03594603,0.8615073833500713
SN09ag,0.009,8.0,3165504.9152361657,7053000.380328244,0.869827287637712
SN09ag,0.009,8.5,3226050.3523256443,7227384.990017555,0.8757751196034482
SN09ag,0.009,9.0,3322872.7754833098,7470179.620505368,0.879543327525341
SN09ag,0.009,9.5,3576634.9729949646,7978662.843795863,0.8711387363326167
SN09ag,0.009,10.0,5941771.342286014,11506931.01595581,0.7176089367759193
SN09al,0.022,1.0,-296.73133488619635,-15.008922924270166,
SN09al,0.022,1.5,-403.648586556804,-145.1296088401524,
SN09al,0.022,2.0,-347.2202029028324,-65.70315895539375,
SN09al,0.022,2.5,-216.0629040251915,-758.461877894403,
SN09al,0.022,3.0,-121.95223598288862,-948.2758626472108,
SN09al,0.022,3.5,-722.3054791993977,-1327.7130879726828,
SN09al,0.022,4.0,-1456.4909912211135,-2446.6828284921467,
SN09al,0.022,4.5,-2130.060575188343,-2516.788955385413,
SN09al,0.022,5.0,-2511.7429712324138,-2806.491612981753,
SN09al,0.022,5.5,-2978.4909308593933,-3366.138329344596,
SN09al,0.022,6.0,-3374.083617406164,-2072.3925389895667,
SN09al,0.022,6.5,-3896.989920465208,-1539.9628608478615,
SN09al,0.022,7.0,-4211.602887050472,-1231.744437678106,
SN09al,0.022,7.5,-4948.9049492886725,-1866.415861389587,
SN09al,0.022,8.0,-5312.156174003892,-3248.989222190092,
SN09al,0.022,8.5,-5895.004173609415,-3569.033546031478,
SN09al,0.022,9.0,-5966.320017123862,-3282.871981151711,
SN09al,0.022,9.5,-5312.628179414963,-2371.666343015786,
SN09al,0.022,10.0,-4105.228324829013,791.9299713879409,
SN09cz,0.021,1.0,18585.28203445331,44726.41499843276,0.9534873328925546
SN09cz,0.021,1.5,40221.686212498505,97077.92248888152,0.9566505002651602
SN09cz,0.021,2.0,69334.85520900902,168044.8836761451,0.9611842036060185
SN09cz,0.021,2.5,105198.1631828713,256133.98887260407,0.9661476403038176
SN09cz,0.021,3.0,149131.934696423,363622.6602157727,0.9677007192779218
SN09cz,0.021,3.5,202195.65166539507,493240.1832721384,0.9682165971249613
SN09cz,0.021,4.0,266581.4603085938,650186.2531742554,0.9680196008861118
SN09cz,0.021,4.5,344028.95284917986,840601.84923068,0.9699883688225805
SN09cz,0.021,5.0,439186.1344373271,1074304.6321075626,0.9711970694105081
SN09cz,0.021,5.5,558282.4420666867,1363898.3036973565,0.9698200492519717
SN09cz,0.021,6.0,704972.2445268501,1723033.1395660816,0.970304029298254
SN09cz,0.021,6.5,886100.7173356897,2172975.33485512,0.973929271486924
SN09cz,0.021,7.0,1135424.9440110442,2799300.96706351,0.9797279080638001
SN09cz,0.021,7.5,1520499.7090202242,3794697.609249748,0.9929770807757539
SN09cz,0.021,8.0,2117735.709991697,5307313.846870622,0.9975075259984703
SN09cz,0.021,8.5,2560206.488650782,6327939.613286367,0.9824683304049415
SN09cz,0.021,9.0,2850699.536697973,7005555.843324178,0.9762278854019621
SN09cz,0.021,9.5,3059974.8873720155,7507686.178646247,0.9744706212266953
SN09cz,0.021,10.0,3224358.624783066,7902082.957988315,0.9732456127048785
SN09dc,0.021,1.0,49.95092012683381,1407.3804600080496,3.624670061010646
SN09dc,0.021,1.5,550.8571575301551,3402.2099369417297,1.9768052797909565
SN09dc,0.021,2.0,1161.3865741591494,7461.562373318221,2.0196324313137892
SN09dc,0.021,2.5,1950.146213079065,11903.093443218871,1.9639816724038726
SN09dc,0.021,3.0,3440.15145280279,18317.494945166385,1.8157212938514862
SN09dc,0.021,3.5,5236.091291366005,25701.45405688065,1.7273762107736226
SN09dc,0.021,4.0,7677.419280581351,34050.78938099755,1.6172798133936577
SN09dc,0.021,4.5,9835.125115090585,44067.68688370343,1.628350914744494
SN09dc,0.021,5.0,13834.918828196842,57891.24884818163,1.5540907574980645
SN09dc,0.021,5.5,19267.72891053356,78445.90001757706,1.5243493068577734
SN09dc,0.021,6.0,26963.557830187496,106822.88767611526,1.494717792956042
SN09dc,0.021,6.5,37049.87955549035,141735.9229697352,1.45673283913632
SN09dc,0.021,7.0,50637.188159436286,187214.84043958248,1.4196767260800323
SN09dc,0.021,7.5,70397.10409735305,248638.27205879375,1.370032962176785
SN09dc,0.021,8.0,97281.70497127576,331262.7679390965,1.3303536322192742
SN09dc,0.021,8.5,134733.05336092025,440287.9709693304,1.2856566708303019
SN09dc,0.021,9.0,186370.16142250557,591004.8256471487,1.2530366140166616
SN09dc,0.021,9.5,263708.4412916303,815630.7127349699,1.2259238477538055
SN09dc,0.021,10.0,390604.9975704949,1176385.8148717273,1.1970299587614688
SN09ds,0.019,1.0,50405.48296779882,99838.84583874945,0.7420544286520485
SN09ds,0.019,1.5,104249.55526342188,213576.28756386475,0.7786970557749653
SN09ds,0.019,2.0,179027.04593068463,363356.3710744369,0.7685353348217576
SN09ds,0.019,2.5,257779.8524028252,538636.0863483875,0.8001161881537612
SN09ds,0.019,3.0,345113.97446051287,738270.7728897955,0.8256328260439034
SN09ds,0.019,3.5,450540.8410296755,976433.995987582,0.8397718154891533
SN09ds,0.019,4.0,574836.357311235,1264929.6610482193,0.856305369331562
SN09ds,0.019,4.5,721525.2086361737,1605174.9355846434,0.8681771516101006
SN09ds,0.019,5.0,920684.978831867,2042037.8088405333,0.8648818032308104
SN09ds,0.019,5.5,1244657.9762491432,2682047.987335468,0.8335412935469424
SN09ds,0.019,6.0,1477586.120796448,3250487.7670105696,0.8559893322181902
SN09ds,0.019,6.5,1686460.1455588392,3721999.708585718,0.8595006309904919
SN09ds,0.019,7.0,1902311.449664177,4174908.622343113,0.8534133812948512
SN09ds,0.019,7.5,2123960.568545378,4622764.53170908,0.8443883067496233
SN09ds,0.019,8.0,2346704.76691544,5066333.356031562,0.8355882667447921
SN09ds,0.019,8.5,2563346.1694599693,5491285.003585106,0.8271668119957227
SN09ds,0.019,9.0,2768306.959192723,5890657.203902528,0.819873765010276
SN09ds,0.019,9.5,2957202.777826999,6263004.365971133,0.8147540224329651
SN09ds,0.019,10.0,3120196.0247078403,6590162.559582617,0.8117856206707684
SN09le,0.018,1.0,86540.74957283973,166853.34218759584,0.712785644436984
SN09le,0.018,1.5,193918.88161247064,366438.0402855026,0.6909511351884396
SN09le,0.018,2.0,324786.56433259306,636423.5572872534,0.7303704788625366
SN09le,0.018,2.5,504004.7585792949,998935.7617135464,0.7427573104910632
SN09le,0.018,3.0,749893.5848131124,1489211.581768927,0.7448919170057278
SN09le,0.018,3.5,1040630.1133442196,2073617.292391623,0.7485805417672864
SN09le,0.018,4.0,1407355.0332724685,2838959.06813054,0.7618886507026
SN09le,0.018,4.5,1795325.3317363905,3654513.801495816,0.7717161190314528
SN09le,0.018,5.0,2270151.4001508574,4648106.464139886,0.7780531124153542
SN09le,0.018,5.5,2851234.4420780865,5861155.109237138,0.7823757153413713
SN09le,0.018,6.0,3477066.4786931807,7224408.222612614,0.7939732103343906
SN09le,0.018,6.5,4124714.007574576,8595551.91940666,0.7971998159048782
SN09le,0.018,7.0,4702591.003805061,9789262.041778712,0.7960318632000494
SN09le,0.018,7.5,5233243.330370837,10863419.4638247,0.7929890510921207
SN09le,0.018,8.0,5727350.858656575,11826113.98049574,0.7872206788339887
SN09le,0.018,8.5,6170855.767310452,12679785.410032043,0.7819162700577584
SN09le,0.018,9.0,6599481.132215452,13498464.82700399,0.7769364691735582
SN09le,0.018,9.5,7012853.169691258,14290439.075842168,0.7728770668093755
SN09le,0.018,10.0,7404030.388813517,15014279.637760352,0.7675907691551542
SN10ae,0.003662,1.0,3593891.8604902523,7350483.802793218,0.776877299493784
SN10ae,0.003662,1.5,5525874.912931039,11257208.254352547,0.7725741267987389
SN10ae,0.003662,2.0,7072563.891154598,14245786.113131909,0.7602738503107266
SN10ae,0.003662,2.5,8266374.162289187,16690659.85118154,0.7628961188755568
SN10ae,0.003662,3.0,8961018.527615597,18426402.49879449,0.7827079455456882
SN10ae,0.003662,3.5,9388739.928714829,19593079.63257213,0.7987384861869415
SN10ae,0.003662,4.0,9537790.482343664,19946958.756993014,0.8010722792509557
SN10ae,0.003662,4.5,9627797.216750782,20160866.61256272,0.8024556545033841
SN10ae,0.003662,5.0,9715322.872282706,20420385.18065321,0.8065167287891182
SN10ae,0.003662,5.5,9898335.681931488,20939365.42154601,0.8135033452020608
SN10ae,0.003662,6.0,11105066.613195492,23265674.270255413,0.8029861887458287
SN10ae,0.003662,6.5,14961103.637332408,31104355.4298418,0.7946439365128722
SN10ae,0.003662,7.0,15981954.252920317,33245001.66972509,0.795241189752721
SN10ae,0.003662,7.5,16978908.56379446,35750231.106250905,0.8084227102273747
SN10ae,0.003662,8.0,17103629.20249957,36089975.191186406,0.8107457770582004
SN10ae,0.003662,8.5,17172507.137741763,36344562.31562343,0.8140143440276952
SN10ae,0.003662,9.0,18576023.67343331,38239524.05613845,0.7838993059447473
SN10ae,0.003662,9.5,20486432.38465805,42988641.47547959,0.804718465325349
SN10ae,0.003662,10.0,20709439.90028008,43523410.74462894,0.8063864213711048
SN2011iv,0.006,1.0,1913489.4095136952,10918006.69536981,1.8907932334905664
SN2011iv,0.006,1.5,4617280.324619913,26400580.520777177,1.8930680859599827
SN2011iv,0.006,2.0,6838036.626629092,38831836.15966333,1.8856412598073167
SN2011iv,0.006,2.5,8378623.046029165,47323545.49956256,1.8797615568267736
SN2011iv,0.006,3.0,9513395.831940528,53473653.055171125,1.874510716950204
SN2011iv,0.006,3.5,10366923.763346491,58026826.22048288,1.8699472816089164
SN2011iv,0.006,4.0,11034805.202228848,61523707.79839308,1.8656945747435185
SN2011iv,0.006,4.5,11568225.192700606,64248640.324511096,1.8614930175774234
SN2011iv,0.006,5.0,11988441.62492444,66335479.48845462,1.8574578493795721
SN2011iv,0.006,5.5,12320647.57690668,67951274.6023423,1.8539101809708314
SN2011iv,0.006,6.0,12592557.611959629,69251297.28550783,1.8507849174772029
SN2011iv,0.006,6.5,12843991.924806217,70440997.2001926,1.847813678986487
SN2011iv,0.006,7.0,15205922.300601648,77007207.51216924,1.7612965200019983
SN2011iv,0.006,7.5,17248310.747292362,82747298.48946472,1.702518140212741
SN2011iv,0.006,8.0,17390957.748042587,83403364.09435934,1.7021501710093168
SN2011iv,0.006,8.5,17492565.41523455,83882478.70417331,1.7020443714740716
SN2011iv,0.006,9.0,17573300.90121605,84255922.54665443,1.7018677320834286
SN2011iv,0.006,9.5,17632685.66821941,84526569.43430364,1.7016869441144205
SN2011iv,0.006,10.0,17674093.100128684,84711086.83598526,1.7015077884573835
SN2011iy,0.0043,1.0,1140002.1260099076,2968720.7461390165,1.0391592154472675
SN2011iy,0.0043,1.5,4277041.31443773,10154203.584294684,0.9387560526478111
SN2011iy,0.0043,2.0,8282847.059725843,20149779.103874814,0.9652266178594637
SN2011iy,0.0043,2.5,9753405.875799628,24054573.57891601,0.9801034131307346
SN2011iy,0.0043,3.0,10880406.395175654,26945584.09397399,0.984606212762046
SN2011iy,0.0043,3.5,11752864.032801325,29175361.60697905,0.9871813390453441
SN2011iy,0.0043,4.0,12481785.516515752,31031480.318925545,0.9888144451298828
SN2011iy,0.0043,4.5,13015668.297981394,32400978.699143797,0.9902291412199173
SN2011iy,0.0043,5.0,13670720.744183818,34067724.855779804,0.9913792978100938
SN2011iy,0.0043,5.5,14409947.58686762,35461449.76238413,0.9777352140692417
SN2011iy,0.0043,6.0,14576182.414754683,35906584.531419344,0.9788257547765168
SN2011iy,0.0043,6.5,14642639.679174298,36119599.76190414,0.9803088843612566
SN2011iy,0.0043,7.0,14731847.271168182,36325818.872505024,0.9798955134312906
SN2011iy,0.0043,7.5,14803818.20838924,36545680.78085844,0.98115578282167
SN2011iy,0.0043,8.0,14899233.74317725,36788888.61898241,0.9813818364779849
SN2011iy,0.0043,8.5,15150878.56733007,37429362.985088326,0.981936546203675
SN2011iy,0.0043,9.0,15263505.000280991,37675792.20406713,0.9810202990996808
SN2011iy,0.0043,9.5,15275675.107712254,37737791.664135285,0.9819401740364229
SN2011iy,0.0043,10.0,15345953.208943054,37923003.58705945,0.9822721436476339
SN2011jh,0.008,1.0,159655.37326487264,364282.3080792877,0.8956363502799979
SN2011jh,0.008,1.5,342396.106171147,776708.1636032019,0.8893226318208104
SN2011jh,0.008,2.0,598613.8246871289,1334904.9583256291,0.870759009394782
SN2011jh,0.008,2.5,882894.6423492355,1961477.0161029445,0.8666858554455807
SN2011jh,0.008,3.0,1204807.8234391387,2682599.150167162,0.8690950092638056
SN2011jh,0.008,3.5,1502113.5396573443,3346781.894698773,0.8698116253412836
SN2011jh,0.008,4.0,1823341.722580184,4050224.351364668,0.8665275266118799
SN2011jh,0.008,4.5,2099208.8287276374,4647991.79046394,0.8630242701977333
SN2011jh,0.008,5.0,2334411.60399889,5166051.825635995,0.8624533132987734
SN2011jh,0.008,5.5,2560329.4930874994,5652279.022905158,0.8598193337964216
SN2011jh,0.008,6.0,2746158.5222138623,6067831.402178818,0.8607697546985562
SN2011jh,0.008,6.5,2907509.996207719,6421790.484325344,0.8603372893665331
SN2011jh,0.008,7.0,3069032.6618535016,6766687.903721899,0.8584365895679942
SN2011jh,0.008,7.5,3288112.554764629,7188257.223400467,0.8491923351524957
SN2011jh,0.008,8.0,3424003.0548058106,7501069.602386695,0.8514726295652695
SN2011jh,0.008,8.5,3532421.5703179208,7725843.351972996,0.8496834253473846
SN2011jh,0.008,9.0,3625919.337848407,7908326.26597567,0.8466660992754631
SN2011jh,0.008,9.5,3705781.132039823,8045826.622213967,0.8417272601000926
SN2011jh,0.008,10.0,3790079.00425307,8174917.642625843,0.8345878079038656
SN2011jn,0.047,1.0,43.28851138415166,-17.84746344290022,
SN2011jn,0.047,1.5,29.908869633164272,19.043881456508075,-0.49011132578007094
SN2011jn,0.047,2.0,163.1540937726188,114.33613601946672,-0.3860361603983054
SN2011jn,0.047,2.5,338.8173781580897,127.68316121100452,-1.0595801274005021
SN2011jn,0.047,3.0,444.60315950506265,-92.75349422374256,
SN2011jn,0.047,3.5,279.6150576295727,139.23496910230097,-0.7570305805934585
SN2011jn,0.047,4.0,468.5430925098235,229.65742909064647,-0.7741726022322132
SN2011jn,0.047,4.5,682.6726728914173,312.80994336894764,-0.8473299223317468
SN2011jn,0.047,5.0,647.4885812710563,364.92479477730376,-0.6225718534933788
SN2011jn,0.047,5.5,525.1782494164854,519.6669672781281,-0.011454048796853966
SN2011jn,0.047,6.0,573.8979311570147,923.5978878637216,0.5166206797851063
SN2011jn,0.047,6.5,565.54825461356,927.5479658435252,0.5371667772969586
SN2011jn,0.047,7.0,763.0422828221699,914.4458699933676,0.19652349604371655
SN2011jn,0.047,7.5,1182.7277553716258,1528.0281890810877,0.27811644388476203
SN2011jn,0.047,8.0,1235.2235093586496,2037.37579111294,0.543313981573713
SN2011jn,0.047,8.5,1399.2965409492665,3106.5645020356387,0.8659265369980238
SN2011jn,0.047,9.0,2469.5351076448314,5573.224731048154,0.8837283775336569
SN2011jn,0.047,9.5,2917.707823524533,6915.06160678513,0.9368856343087852
SN2011jn,0.047,10.0,2859.0821204187378,7273.899765612747,1.0138517063824402
SN2011jt,0.028,1.0,50.63623014915623,687.9582674163336,2.832751822369243
SN2011jt,0.028,1.5,327.80920003404884,1470.8513813495488,1.629869136821485
SN2011jt,0.028,2.0,805.0276186354663,3201.8476898574777,1.4989747216530662
SN2011jt,0.028,2.5,1617.0528997373872,5566.371597908138,1.3421199198516565
SN2011jt,0.028,3.0,3167.595642039474,9708.347407041843,1.2160389302400574
SN2011jt,0.028,3.5,5255.848968540508,16095.77672621594,1.2151726554328268
SN2011jt,0.028,4.0,8247.347485792448,25219.076122267437,1.2135371986360863
SN2011jt,0.028,4.5,13779.53341849234,36455.60713033636,1.056324557378792
SN2011jt,0.028,5.0,19062.0961716976,55035.97775709565,1.1511900753765345
SN2011jt,0.028,5.5,30676.628754142665,89466.221805887,1.1621286668226025
SN2011jt,0.028,6.0,62179.487032799305,153112.41080868634,0.978408149443897
SN2011jt,0.028,6.5,88866.84656976993,197192.32494527625,0.8653755947934061
SN2011jt,0.028,7.0,102249.8834362204,224699.56860047308,0.8548485425791321
SN2011jt,0.028,7.5,112957.2526107292,251303.4327408384,0.8682107505611141
SN2011jt,0.028,8.0,124578.04993377338,281666.873207668,0.8857356106767224
SN2011jt,0.028,8.5,136885.7413411485,315640.6486854845,0.907086787251321
SN2011jt,0.028,9.0,150497.74201095357,354295.60920735204,0.9295894652342745
SN2011jt,0.028,9.5,168978.00319984346,404299.26927769673,0.9471819565453777
SN2011jt,0.028,10.0,194153.0546925315,466350.8075590577,0.9514212631814174
SN2012E,0.02,1.0,-131.2767262454681,-260.160320687294,
SN2012E,0.02,1.5,-414.3006967271289,-778.1599980089329,
SN2012E,0.02,2.0,-716.7029254737203,-1449.8537394659156,
SN2012E,0.02,2.5,-1152.8890774286056,-2327.502526550902,
SN2012E,0.02,3.0,-1408.8685787277973,-3039.6134311066144,
SN2012E,0.02,3.5,-1729.234183016929,-3725.1766050838414,
SN2012E,0.02,4.0,-2412.3314421898745,-4397.312607139083,
SN2012E,0.02,4.5,-2782.119828902487,-5399.606495004308,
SN2012E,0.02,5.0,-3085.966091767521,-6775.833150422106,
SN2012E,0.02,5.5,-3565.3414813631884,-7417.015000400118,
SN2012E,0.02,6.0,-3911.700428797247,-8163.286887277529,
SN2012E,0.02,6.5,-4199.550297447538,-8929.486245771266,
SN2012E,0.02,7.0,-4322.027083813521,-9476.81995766596,
SN2012E,0.02,7.5,-4307.012903311275,-9948.506352702632,
SN2012E,0.02,8.0,-4619.785311315996,-10569.46050253066,
SN2012E,0.02,8.5,-4854.607609610681,-11242.925505381929,
SN2012E,0.02,9.0,-4974.386723734333,-11336.02594955423,
SN2012E,0.02,9.5,-5323.21425079921,-11470.697077913646,
SN2012E,0.02,10.0,-5825.375197948219,-10635.627981611156,
SN2012G,0.0258,1.0,2637.043668804491,4743.941211694128,0.6375549420524831
SN2012G,0.0258,1.5,6448.983554273539,11828.741962409777,0.658618221412342
SN2012G,0.0258,2.0,12076.564454576475,21597.16540447685,0.6311333769717289
SN2012G,0.0258,2.5,18345.861106959157,31322.913325584992,0.5808101187846977
SN2012G,0.0258,3.0,24741.679143193152,40662.72795094212,0.5394183508867606
SN2012G,0.0258,3.5,31059.654222091245,51025.30600739827,0.5389725034638
SN2012G,0.0258,4.0,40555.0230749163,63071.67596004603,0.47947429628174787
SN2012G,0.0258,4.5,55283.98872659903,79422.27011979712,0.3933573164165003
SN2012G,0.0258,5.0,76060.26524583249,108025.11321998527,0.3809172364116754
SN2012G,0.0258,5.5,107346.40794775767,150417.190505024,0.3662748902805952
SN2012G,0.0258,6.0,189710.5955551695,214597.93839103653,0.13383489509422744
SN2012G,0.0258,6.5,240387.4797199996,376078.6347656623,0.48591704344372255
SN2012G,0.0258,7.0,266645.8759743515,468202.1812089745,0.6112464036690102
SN2012G,0.0258,7.5,285315.5699856646,525023.163790959,0.6621324811923854
SN2012G,0.0258,8.0,294350.34532150725,557472.4051658184,0.6933970626667354
SN2012G,0.0258,8.5,300597.6407688296,575175.7618014157,0.7045375216321847
SN2012G,0.0258,9.0,306348.4077473901,586039.6671209196,0.7042784639417234
SN2012G,0.0258,9.5,309322.7187118663,596572.503747037,0.7131285351208934
SN2012G,0.0258,10.0,312114.59488473163,604135.4766386787,0.7170506555782529
SN2012U,0.01972,1.0,17883.16916731322,51247.1163244659,1.1430623696231625
SN2012U,0.01972,1.5,42253.28337404217,120207.94281086174,1.1351817564501987
SN2012U,0.01972,2.0,81924.09537000484,232075.87047289385,1.1305458340298844
SN2012U,0.01972,2.5,140614.25857897406,399072.5752349335,1.132556305671062
SN2012U,0.01972,3.0,243318.29189012383,690768.3956312323,1.1328942506816573
SN2012U,0.01972,3.5,372875.0096837562,1071308.3197195488,1.1458779999571087
SN2012U,0.01972,4.0,458163.77698086976,1325677.989041127,1.1535432379588622
SN2012U,0.01972,4.5,525938.4232305893,1519593.9365931149,1.151981629926395
SN2012U,0.01972,5.0,586813.191555043,1687607.389149174,1.14692887511324
SN2012U,0.01972,5.5,641659.3201154061,1836875.7623231623,1.141938192172261
SN2012U,0.01972,6.0,691943.4927889688,1971997.0641542084,1.1370890864341308
SN2012U,0.01972,6.5,740199.7779291639,2098780.906134233,1.1315453851078214
SN2012U,0.01972,7.0,785824.4558564068,2217612.8889732184,1.126400491541143
SN2012U,0.01972,7.5,830186.7453169873,2331286.988879408,1.1210498616427726
SN2012U,0.01972,8.0,873247.1817060405,2438235.226876282,1.1148460221230692
SN2012U,0.01972,8.5,911906.160596646,2535304.795129905,1.110200070321363
SN2012U,0.01972,9.0,947962.8830408657,2622974.032184993,1.1050066448061195
SN2012U,0.01972,9.5,980607.8513256244,2699516.770904194,1.0994766593826104
SN2012U,0.01972,10.0,1008293.0800494188,2762650.272427823,1.094347809647095
SN2012aq,0.052,1.0,648.3773899052145,1326.7526383056138,0.777405245277659
SN2012aq,0.052,1.5,1047.1420005981488,2172.192102512247,0.7922316275170194
SN2012aq,0.052,2.0,1431.7368088510375,2799.157166842226,0.7279102335035353
SN2012aq,0.052,2.5,1561.057852481674,3255.974915993931,0.7981551305104285
SN2012aq,0.052,3.0,1760.5661134989168,3792.291836134005,0.8331235315089949
SN2012aq,0.052,3.5,1999.3801629724492,4256.497949432105,0.8203926240116377
SN2012aq,0.052,4.0,2116.280501476941,4390.90074654074,0.7924509742986552
SN2012aq,0.052,4.5,1929.9121979043648,4363.149276002577,0.885656301631877
SN2012aq,0.052,5.0,1938.845054197968,4586.529117845512,0.9348526296148646
SN2012aq,0.052,5.5,1861.7410882633217,4893.658733870617,1.0492859907226335
SN2012aq,0.052,6.0,1756.6642839568517,5142.19862453064,1.166150191080026
SN2012aq,0.052,6.5,1692.953694346486,5108.344266223308,1.1990876962425345
SN2012aq,0.052,7.0,1460.363607765707,5110.047605089652,1.3599098605731381
SN2012aq,0.052,7.5,1500.2562293398869,4824.317740276365,1.2681761624008177
SN2012aq,0.052,8.0,1479.42081141067,5073.544162689476,1.3380493032480365
SN2012aq,0.052,8.5,1217.713870251618,5039.39050280881,1.5420819008067579
SN2012aq,0.052,9.0,858.4191238144513,5086.619911998391,1.9318247568996383
SN2012aq,0.052,9.5,896.7672315709497,4467.131826595463,1.7433725958809518
SN2012aq,0.052,10.0,825.4797107170139,4460.646762303024,1.8317285740268399
SN2012ar,0.0283,1.0,-485.0265010300399,-134.68324517031772,
SN2012ar,0.0283,1.5,-769.370328293833,-442.394538571574,
SN2012ar,0.0283,2.0,-1010.3466187037556,-913.7253100630452,
SN2012ar,0.0283,2.5,-1512.0282194891618,-1003.856865867,
SN2012ar,0.0283,3.0,-1843.6935407699589,-1689.5500844883163,
SN2012ar,0.0283,3.5,-2757.2427945356594,-1685.5476302428578,
SN2012ar,0.0283,4.0,-3470.0671952397543,-1826.400352652723,
SN2012ar,0.0283,4.5,-2370.005869008881,-410.677390155226,
SN2012ar,0.0283,5.0,-2749.4493511579585,1793.513490572106,
SN2012ar,0.0283,5.5,-1237.347296858099,3949.024997069366,
SN2012ar,0.0283,6.0,-182.82941106531507,7784.549989223804,
SN2012ar,0.0283,6.5,36.587347365988535,11650.399259951691,6.257524713122136
SN2012ar,0.0283,7.0,501.08858683603466,16666.846757878186,3.804847328262775
SN2012ar,0.0283,7.5,1085.2988525031033,21874.296794401795,3.260961891444321
SN2012ar,0.0283,8.0,1697.636077691113,27745.49650997609,3.03336976206453
SN2012ar,0.0283,8.5,2667.127543938219,34877.09831454759,2.791241402786521
SN2012ar,0.0283,9.0,4367.289798956568,43097.70718931648,2.485605387383378
SN2012ar,0.0283,9.5,6571.106415082832,54658.83113807312,2.300054599554352
SN2012ar,0.0283,10.0,9455.117408882928,67900.22413387269,2.1405107044847824
SN2012bl,0.0187,1.0,5566.037833980726,8827.58355205642,0.5007392069185235
SN2012bl,0.0187,1.5,9534.287134135557,15751.22823687605,0.5450654938486069
SN2012bl,0.0187,2.0,13439.139707689046,23564.20662760777,0.6097033839391159
SN2012bl,0.0187,2.5,19425.9890499497,34676.89177014885,0.6291425584596289
SN2012bl,0.0187,3.0,23080.245608838195,41869.950533422976,0.6466550543517611
SN2012bl,0.0187,3.5,27344.86316016841,49729.84130663168,0.6493532973603635
SN2012bl,0.0187,4.0,31866.54128141,56001.18276181776,0.6121556769787039
SN2012bl,0.0187,4.5,35464.30838671465,62953.24288400556,0.6230665296269257
SN2012bl,0.0187,5.0,39274.44182934524,69623.65524796139,0.6216169962687796
SN2012bl,0.0187,5.5,44048.31386390915,76347.72954418793,0.597167094447454
SN2012bl,0.0187,6.0,51595.78514385217,82675.83869212781,0.5119109591270429
SN2012bl,0.0187,6.5,56207.2579259968,92892.35772630114,0.5454689680865314
SN2012bl,0.0187,7.0,63068.96467839117,108035.2277009428,0.5843742245272592
SN2012bl,0.0187,7.5,69407.53662845396,122907.87167039514,0.6204326683563656
SN2012bl,0.0187,8.0,76282.86408557263,135028.44582476045,0.6199956960982498
SN2012bl,0.0187,8.5,81842.55474104207,144238.97642547675,0.6152586356312416
SN2012bl,0.0187,9.0,87829.6423238059,156204.88642670537,0.6251337532087415
SN2012bl,0.0187,9.5,94352.09340843164,170990.08453765712,0.6455484666055157
SN2012bl,0.0187,10.0,101153.75773578236,196185.0928687832,0.7192099587797113
SN2012bo,0.0254,1.0,14722.830891934538,35369.02955892868,0.9515795505538547
SN2012bo,0.0254,1.5,30744.50488014854,74451.51000693499,0.9602650175430987
SN2012bo,0.0254,2.0,50401.99703774657,121666.90052885065,0.9568117500756951
SN2012bo,0.0254,2.5,84378.63523991515,169893.2716480514,0.7598592073725584
SN2012bo,0.0254,3.0,103786.66478874578,218455.4902743293,0.8080535199062504
SN2012bo,0.0254,3.5,123377.66642221944,268662.164822201,0.8449248954607258
SN2012bo,0.0254,4.0,142875.71311202052,318776.3545661581,0.8713192220622173
SN2012bo,0.0254,4.5,162926.10532387087,370312.0631564648,0.8914429592136361
SN2012bo,0.0254,5.0,184683.97917368443,427919.60733781214,0.9123324078769417
SN2012bo,0.0254,5.5,208152.74272593943,493345.0235508384,0.9369215350472628
SN2012bo,0.0254,6.0,235765.57229533416,573534.5069002967,0.965197912576755
SN2012bo,0.0254,6.5,269404.53520940925,671085.4092314568,0.9909322350529371
SN2012bo,0.0254,7.0,299806.725227348,752091.9880567462,0.9985739788883652
SN2012bo,0.0254,7.5,324033.99906819174,815944.8958729004,1.0026756234151666
SN2012bo,0.0254,8.0,345660.6426498952,871235.584896265,1.0037141811508756
SN2012bo,0.0254,8.5,363776.891518714,920303.9266642416,1.0077404186438772
SN2012bo,0.0254,9.0,380752.3041200192,962496.8947356628,1.0068919922252626
SN2012bo,0.0254,9.5,397200.170011368,1001061.1406021396,1.0036279436421156
SN2012bo,0.0254,10.0,412478.56204688526,1037471.955046038,1.0014374600489326
SN2012gm,0.0148,1.0,19763.714245114254,48469.88414064579,0.9740085390618379
SN2012gm,0.0148,1.5,57961.2132275905,130567.68414308692,0.8817455843771459
SN2012gm,0.0148,2.0,115417.16394476632,248527.0104645188,0.8327579929781552
SN2012gm,0.0148,2.5,189267.03926916423,403927.55958088656,0.8230712430444578
SN2012gm,0.0148,3.0,287011.30750205816,611122.6241239778,0.8205733867737013
SN2012gm,0.0148,3.5,394524.5765158423,838277.1643099294,0.8182839331975662
SN2012gm,0.0148,4.0,455544.4564554934,985806.6950223088,0.8381524931227342
SN2012gm,0.0148,4.5,500061.6038055721,1097527.443785695,0.85347969800535
SN2012gm,0.0148,5.0,531732.5697436148,1186257.4405680504,0.8712142172186498
SN2012gm,0.0148,5.5,560874.9403518729,1265381.231745448,0.883388380798218
SN2012gm,0.0148,6.0,590304.2308606652,1336794.4284194026,0.8874718271907158
SN2012gm,0.0148,6.5,611897.628139518,1387054.9620374884,0.8885372513922103
SN2012gm,0.0148,7.0,624726.21242394,1422860.6391484488,0.8936815925058034
SN2012gm,0.0148,7.5,630743.1052568444,1446226.1564568486,0.9009592501041146
SN2012gm,0.0148,8.0,636484.1092646793,1464256.3134069953,0.9045738497521985
SN2012gm,0.0148,8.5,640489.5514685871,1478607.363564363,0.9083520383572119
SN2012gm,0.0148,9.0,640717.7025729306,1492333.1989286556,0.9179976928636414
SN2012gm,0.0148,9.5,642100.7155258649,1494386.9022651217,0.9171497465067413
SN2012gm,0.0148,10.0,638301.9175341593,1496850.4975929176,0.9253806923726932
SN2012hl,0.0332,1.0,1295.3860752508908,2715.723372755619,0.8037157643606883
SN2012hl,0.0332,1.5,3007.688140430251,6537.111076430547,0.8428826526458824
SN2012hl,0.0332,2.0,5415.941192566179,12451.690902977736,0.903885978268783
SN2012hl,0.0332,2.5,8153.297384085741,19591.38246153666,0.9518294996532979
SN2012hl,0.0332,3.0,11125.254704710173,26949.959508330343,0.9606203859484326
SN2012hl,0.0332,3.5,14478.21443472686,34229.719633803776,0.9342208433841301
SN2012hl,0.0332,4.0,17718.466171125718,42981.086737654914,0.9621281707254801
SN2012hl,0.0332,4.5,20918.111204431723,50753.18694760309,0.9623521266582403
SN2012hl,0.0332,5.0,24229.968389954665,58431.85379891808,0.9557420432918283
SN2012hl,0.0332,5.5,26135.996433671957,65149.0335681259,0.991672288728156
SN2012hl,0.0332,6.0,28567.989169417862,69967.47056592691,0.9725412530769767
SN2012hl,0.0332,6.5,30844.173783428785,74915.91692839713,0.9635023950676078
SN2012hl,0.0332,7.0,32596.315883526036,79973.86400330217,0.9744489050470766
SN2012hl,0.0332,7.5,33376.97071927922,84238.57877204946,1.0051602833022477
SN2012hl,0.0332,8.0,33778.87795347674,86995.76713283277,1.0271322568849968
SN2012hl,0.0332,8.5,34235.91800528707,89257.3304582322,1.040404790204103
SN2012hl,0.0332,9.0,35060.41423441033,90765.51450561135,1.0327595771911298
SN2012hl,0.0332,9.5,35727.26909787393,92308.91445441234,1.030609556573186
SN2012hl,0.0332,10.0,36544.90835475175,92858.66602924834,1.0124889083761757
SN2012id,0.0157,1.0,2012.1384976484228,8794.552162722075,1.6013896469794915
SN2012id,0.0157,1.5,4804.551417487632,20031.482542130318,1.5501506184763159
SN2012id,0.0157,2.0,8884.01166100142,35798.376139510874,1.5131355175220629
SN2012id,0.0157,2.5,14178.047584790342,56941.53035126338,1.5095317634615582
SN2012id,0.0157,3.0,20597.22519592119,83801.16840082184,1.5236033913529132
SN2012id,0.0157,3.5,28835.05607221537,117401.7106600767,1.5243840619785822
SN2012id,0.0157,4.0,39064.821245969,160642.27077921998,1.5351849828531308
SN2012id,0.0157,4.5,52685.28166183698,217617.4785309845,1.5400111694213567
SN2012id,0.0157,5.0,72948.76771322271,304179.9312724914,1.550281493645774
SN2012id,0.0157,5.5,104544.55839851892,433218.96233258495,1.5435150632543277
SN2012id,0.0157,6.0,153182.17513333907,632803.636613441,1.5401518356270685
SN2012id,0.0157,6.5,191472.89759133384,796330.8423880944,1.5474655674012696
SN2012id,0.0157,7.0,235820.1177261486,963627.1839810836,1.5283204778329469
SN2012id,0.0157,7.5,271987.52558796486,1104585.713637287,1.521626089623588
SN2012id,0.0157,8.0,284581.11017368024,1156204.7447633082,1.5220716950447928
SN2012id,0.0157,8.5,293962.61458022724,1194378.937579304,1.5221250867808513
SN2012id,0.0157,9.0,301216.99276106287,1224988.0484618717,1.523130957937458
SN2012id,0.0157,9.5,306979.1292969315,1250386.0084682538,1.5248381386023648
SN2012id,0.0157,10.0,312413.34557171457,1274896.7275216652,1.5268635717479402
SN2012ij,0.01,1.0,86939.07306981186,286522.53313527955,1.2948594414563455
SN2012ij,0.01,1.5,296593.43553367764,989983.2218330746,1.308665749138086
SN2012ij,0.01,2.0,416253.8490746585,1381213.5061689797,1.3022563850248159
SN2012ij,0.01,2.5,496285.18381011166,1646341.964709788,1.3019718461672227
SN2012ij,0.01,3.0,554176.352917546,1846421.8816700485,1.306707370162448
SN2012ij,0.01,3.5,600934.8818580586,1997768.7511449552,1.3042945046704058
SN2012ij,0.01,4.0,639585.8303379209,2122424.4689672044,1.302333525642099
SN2012ij,0.01,4.5,669886.2903544877,2220272.08300334,1.301012771277167
SN2012ij,0.01,5.0,692650.0884166922,2295792.3580931723,1.3010467798470706
SN2012ij,0.01,5.5,712314.6453452017,2361475.8739840533,1.301279098350388
SN2012ij,0.01,6.0,730717.6996275607,2438499.9969619345,1.3084328308097972
SN2012ij,0.01,6.5,746065.0632700305,2503904.702533054,1.3146027311929052
SN2012ij,0.01,7.0,756605.5768383594,2541129.440052382,1.3153931240283125
SN2012ij,0.01,7.5,796507.9810734475,2738365.0235959413,1.3407530180342775
SN2012ij,0.01,8.0,800435.4922356402,2749528.9093227345,1.3398298820644787
SN2012ij,0.01,8.5,803508.5753077264,2757179.551374173,1.3386863320771882
SN2012ij,0.01,9.0,805291.6718701859,2761913.6855552844,1.3381422356850488
SN2012ij,0.01,9.5,810117.581578354,2772050.8740550084,1.335632847124938
SN2012ij,0.01,10.0,817076.1760574806,2790044.3627186585,1.3333714026244166
SN2013fy,0.0309,1.0,1163.3246942683186,3167.662430185895,1.0875948665329147
SN2013fy,0.0309,1.5,2252.5088321381186,6760.182144543362,1.1932297377023768
SN2013fy,0.0309,2.0,3543.8993267410187,12084.824867370227,1.331897462099593
SN2013fy,0.0309,2.5,5337.68067960934,18567.60941857337,1.35350850701506
SN2013fy,0.0309,3.0,6944.944440848505,25929.9933349837,1.4303340734546477
SN2013fy,0.0309,3.5,9679.72485482876,35718.35944241425,1.4175712266461773
SN2013fy,0.0309,4.0,12316.431926363108,45894.12933421881,1.4281805609287235
SN2013fy,0.0309,4.5,15650.24458978073,57735.882665607416,1.4173117009645984
SN2013fy,0.0309,5.0,20581.24250208583,72099.20125035502,1.3611471589595836
SN2013fy,0.0309,5.5,26135.90041241458,89823.91762124914,1.3403863150286242
SN2013fy,0.0309,6.0,33263.49367554948,109583.18125337752,1.294440106733453
SN2013fy,0.0309,6.5,41442.88477870783,131996.241336313,1.2577789655490892
SN2013fy,0.0309,7.0,50890.80898353809,158322.12536488002,1.2322556416713413
SN2013fy,0.0309,7.5,61001.26012601127,185052.55353212083,1.2048906894873785
SN2013fy,0.0309,8.0,69845.11940911828,213211.54537508223,1.2116866345179507
SN2013fy,0.0309,8.5,77847.48916970061,240580.4133851454,1.2250391426125615
SN2013fy,0.0309,9.0,86527.07706094578,269816.605192882,1.234791601278658
SN2013fy,0.0309,9.5,94212.15140504597,299688.41011198633,1.256407565993708
SN2013fy,0.0309,10.0,103273.45793883449,334993.8221258831,1.2776201976752946
SN2013hn,0.0151,1.0,-1076.6111303089967,-2426.7100956148115,
SN2013hn,0.0151,1.5,-2785.9890933382444,-6014.73638766792,
SN2013hn,0.0151,2.0,-5096.712699711202,-11132.93770291324,
SN2013hn,0.0151,2.5,-6912.879837614018,-16588.23481174783,
SN2013hn,0.0151,3.0,-7920.726440849671,-14740.879895557002,
SN2013hn,0.0151,3.5,-11084.178548053287,-20945.41362586284,
SN2013hn,0.0151,4.0,-14992.644560929491,-31212.566423675613,
SN2013hn,0.0151,4.5,-17824.141500618913,-37899.056911386106,
SN2013hn,0.0151,5.0,-22806.425644241943,-47614.48538127679,
SN2013hn,0.0151,5.5,-24440.18681487978,-55346.82705417535,
SN2013hn,0.0151,6.0,-26133.30939846712,-56723.32978982382,
SN2013hn,0.0151,6.5,2017.9308450231688,21845.28078408807,2.5861283810556577
SN2013hn,0.0151,7.0,-1753.438902216927,14021.984174803074,
SN2013hn,0.0151,7.5,-6793.608295472259,5258.444293989218,
SN2013hn,0.0151,8.0,-13315.672642766702,-4087.147021855839,
SN2013hn,0.0151,8.5,-18512.8001321884,-12473.358236779168,
SN2013hn,0.0151,9.0,-18429.37714256161,-16581.62532361076,
SN2013hn,0.0151,9.5,-10382.307652195886,20247.595468346728,
SN2013hn,0.0151,10.0,-15808.499063516996,15470.208071457746,
