data_shape,dec_key,dec_val,error,file,filter_from_name,filter_key,filter_val,has_wcs,n_hdus,object_key,object_val,pixscale_arcsec,ra_key,ra_val,readable,redshift_key,redshift_val,telescope_from_name,wcs_error
"(2477, 2469)",CRVAL2,18.061722,,D:\Thesis\pd\CSPAll\ASAS14ad_B_comb_dup.fits,B,,,True,1,OBJECT,ASAS14ad,0.23000000000000403,CRVAL1,190.047458,True,,,du Pont,
"(2471, 2468)",CRVAL2,18.061722,,D:\Thesis\pd\CSPAll\ASAS14ad_V_comb_dup.fits,V,,,True,1,OBJECT,ASAS14ad,0.23000000000000403,CRVAL1,190.047458,True,,,du Pont,
"(2432, 2441)",CRVAL2,-70.646972,,D:\Thesis\pd\CSPAll\ASAS14hp_B_comb_dup.fits,B,,,True,1,OBJECT,ASAS14hp,0.23000000000000403,CRVAL1,322.625708,True,,,du Pont,
"(2434, 2437)",CRVAL2,-70.646972,,D:\Thesis\pd\CSPAll\ASAS14hp_V_comb_dup.fits,V,,,True,1,OBJECT,ASAS14hp,0.23000000000000403,CRVAL1,322.625708,True,,,du Pont,
"(2433, 2430)",CRVAL2,-14.517528,,D:\Thesis\pd\CSPAll\ASAS14hr_B_comb_dup.fits,B,,,True,1,OBJECT,ASAS14hr,0.23000000000000403,CRVAL1,27.671958,True,,,du Pont,
"(2428, 2429)",CRVAL2,-14.517528,,D:\Thesis\pd\CSPAll\ASAS14hr_V_comb_dup.fits,V,,,True,1,OBJECT,ASAS14hr,0.23000000000000403,CRVAL1,27.671958,True,,,du Pont,
"(2729, 2489)",CRVAL2,-69.641528,,D:\Thesis\pd\CSPAll\ASAS14hu_B_comb_dup.fits,B,,,True,1,OBJECT,ASAS14hu,0.23000000000000403,CRVAL1,100.840167,True,,,du Pont,
"(2735, 2483)",CRVAL2,-69.641528,,D:\Thesis\pd\CSPAll\ASAS14hu_V_comb_dup.fits,V,,,True,1,OBJECT,ASAS14hu,0.23000000000000403,CRVAL1,100.840167,True,,,du Pont,
"(2247, 2271)",CRVAL2,-69.641528,,D:\Thesis\pd\CSPAll\ASAS14hu_V_comb_swo.fits,V,,,True,1,OBJECT,ASAS14hu,0.42999999999984,CRVAL1,100.840167,True,,,Swope,
"(2450, 2449)",CRVAL2,-62.769444,,D:\Thesis\pd\CSPAll\ASAS14jc_B_comb_dup.fits,B,,,True,1,OBJECT,ASAS14jc,0.23000000000000403,CRVAL1,113.898083,True,,,du Pont,
"(2450, 2449)",CRVAL2,-62.769444,,D:\Thesis\pd\CSPAll\ASAS14jc_V_comb_dup.fits,V,,,True,1,OBJECT,ASAS14jc,0.23000000000000403,CRVAL1,113.898083,True,,,du Pont,
"(2216, 2211)",CRVAL2,-62.769444,,D:\Thesis\pd\CSPAll\ASAS14jc_V_comb_swo.fits,V,,,True,1,OBJECT,ASAS14jc,0.42999999999984,CRVAL1,113.898083,True,,,Swope,
"(2461, 2509)",CRVAL2,-60.57225,,D:\Thesis\pd\CSPAll\ASAS14jg_B_comb_dup.fits,B,,,True,1,OBJECT,ASAS14jg,0.23000000000000403,CRVAL1,353.300958,True,,,du Pont,
"(2461, 2507)",CRVAL2,-60.57225,,D:\Thesis\pd\CSPAll\ASAS14jg_V_comb_dup.fits,V,,,True,1,OBJECT,ASAS14jg,0.23000000000000403,CRVAL1,353.300958,True,,,du Pont,
"(2474, 2468)",CRVAL2,-52.805361,,D:\Thesis\pd\CSPAll\ASAS14jz_B_comb_dup.fits,B,,,True,1,OBJECT,ASAS14jz,0.23000000000000403,CRVAL1,281.180583,True,,,du Pont,
"(2474, 2468)",CRVAL2,-52.805361,,D:\Thesis\pd\CSPAll\ASAS14jz_V_comb_dup.fits,V,,,True,1,OBJECT,ASAS14jz,0.23000000000000403,CRVAL1,281.180583,True,,,du Pont,
"(2185, 2190)",CRVAL2,-52.805361,,D:\Thesis\pd\CSPAll\ASAS14jz_V_comb_swo.fits,V,,,True,1,OBJECT,ASAS14jz,0.42999999999984,CRVAL1,281.180583,True,,,Swope,
"(2263, 2311)",CRVAL2,4.799472,,D:\Thesis\pd\CSPAll\ASAS14kd_V_comb_swo.fits,V,,,True,1,OBJECT,ASAS14kd,0.42999999999984,CRVAL1,343.353125,True,,,Swope,
"(2431, 2431)",CRVAL2,-29.783472,,D:\Thesis\pd\CSPAll\ASAS14kq_B_comb_dup.fits,B,,,True,1,OBJECT,ASAS14kq,0.23000000000000403,CRVAL1,356.311708,True,,,du Pont,
"(2425, 2427)",CRVAL2,-29.783472,,D:\Thesis\pd\CSPAll\ASAS14kq_V_comb_dup.fits,V,,,True,1,OBJECT,ASAS14kq,0.23000000000000403,CRVAL1,356.311708,True,,,du Pont,
"(2324, 2332)",CRVAL2,18.546444,,D:\Thesis\pd\CSPAll\ASAS14lo_V_comb_swo.fits,V,,,True,1,OBJECT,ASAS14lo,0.42999999999984,CRVAL1,177.968625,True,,,Swope,
"(2295, 2320)",CRVAL2,-0.461889,,D:\Thesis\pd\CSPAll\ASAS14lp_V_comb_swo.fits,V,,,True,1,OBJECT,ASAS14lp,0.42999999999984,CRVAL1,191.285792,True,,,Swope,
"(3521, 3525)",CRVAL2,-20.967083,,D:\Thesis\pd\CSPAll\ASAS14lq_B_comb_dup.fits,B,,,True,1,OBJECT,ASAS14lq,0.159000000000012,CRVAL1,344.311708,True,,,du Pont,
"(3518, 3516)",CRVAL2,-20.967083,,D:\Thesis\pd\CSPAll\ASAS14lq_V_comb_dup.fits,V,,,True,1,OBJECT,ASAS14lq,0.159000000000012,CRVAL1,344.311708,True,,,du Pont,
"(6014, 5984)",CRVAL2,-20.967083,,D:\Thesis\pd\CSPAll\ASAS14lq_V_comb_swo.fits,V,,,True,1,OBJECT,ASAS14lq,0.159000000000012,CRVAL1,344.311708,True,,,Swope,
"(2427, 2429)",CRVAL2,-13.109583,,D:\Thesis\pd\CSPAll\ASAS14lt_B_comb_dup.fits,B,,,True,1,OBJECT,ASAS14lt,0.23000000000000403,CRVAL1,47.760625,True,,,du Pont,
"(2422, 2426)",CRVAL2,-13.109583,,D:\Thesis\pd\CSPAll\ASAS14lt_V_comb_dup.fits,V,,,True,1,OBJECT,ASAS14lt,0.23000000000000403,CRVAL1,47.760625,True,,,du Pont,
"(2243, 2247)",CRVAL2,-13.109583,,D:\Thesis\pd\CSPAll\ASAS14lt_V_comb_swo.fits,V,,,True,1,OBJECT,ASAS14lt,0.42999999999984,CRVAL1,47.760625,True,,,Swope,
"(2208, 2294)",CRVAL2,-46.984306,,D:\Thesis\pd\CSPAll\ASAS14lw_V_comb_swo.fits,V,,,True,1,OBJECT,ASAS14lw,0.42999999999984,CRVAL1,16.699708,True,,,Swope,
"(2511, 2469)",CRVAL2,-57.997444,,D:\Thesis\pd\CSPAll\ASAS14me_B_comb_dup.fits,B,,,True,1,OBJECT,ASAS14me,0.23000000000000403,CRVAL1,21.66725,True,,,du Pont,
"(2508, 2465)",CRVAL2,-57.997444,,D:\Thesis\pd\CSPAll\ASAS14me_V_comb_dup.fits,V,,,True,1,OBJECT,ASAS14me,0.23000000000000403,CRVAL1,21.66725,True,,,du Pont,
"(2221, 2226)",CRVAL2,-57.997444,,D:\Thesis\pd\CSPAll\ASAS14me_V_comb_swo.fits,V,,,True,1,OBJECT,ASAS14me,0.42999999999984,CRVAL1,21.66725,True,,,Swope,
"(2429, 2433)",CRVAL2,-32.437889,,D:\Thesis\pd\CSPAll\ASAS14mf_B_comb_dup.fits,B,,,True,1,OBJECT,ASAS14amf,0.23000000000000403,CRVAL1,1.227375,True,,,du Pont,
"(2425, 2433)",CRVAL2,-32.437889,,D:\Thesis\pd\CSPAll\ASAS14mf_V_comb_dup.fits,V,,,True,1,OBJECT,ASAS14amf,0.23000000000000403,CRVAL1,1.227375,True,,,du Pont,
"(5933, 5981)",CRVAL2,-65.615583,,D:\Thesis\pd\CSPAll\ASAS14mw_V_comb_swo.fits,V,,,True,1,OBJECT,ASAS14mw,0.159000000000012,CRVAL1,25.378958,True,,,Swope,
"(2468, 2457)",CRVAL2,-8.976139,,D:\Thesis\pd\CSPAll\ASAS14my_B_comb_dup.fits,B,,,True,1,OBJECT,ASAS14my,0.23000000000000403,CRVAL1,174.626083,True,,,du Pont,
"(2458, 2456)",CRVAL2,-8.976139,,D:\Thesis\pd\CSPAll\ASAS14my_V_comb_dup.fits,V,,,True,1,OBJECT,ASAS14my,0.23000000000000403,CRVAL1,174.626083,True,,,du Pont,
"(2469, 2552)",CRVAL2,-32.927611,,D:\Thesis\pd\CSPAll\ASAS15aj_B_comb_dup.fits,B,,,True,1,OBJECT,ASAS15aj,0.23000000000000403,CRVAL1,163.223583,True,,,du Pont,
"(2471, 2549)",CRVAL2,-32.927611,,D:\Thesis\pd\CSPAll\ASAS15aj_V_comb_dup.fits,V,,,True,1,OBJECT,ASAS15aj,0.23000000000000403,CRVAL1,163.223583,True,,,du Pont,
"(2179, 2195)",CRVAL2,-32.927611,,D:\Thesis\pd\CSPAll\ASAS15aj_V_comb_swo.fits,V,,,True,1,OBJECT,ASAS15aj,0.42999999999984,CRVAL1,163.223583,True,,,Swope,
"(2461, 2454)",CRVAL2,-21.590833,,D:\Thesis\pd\CSPAll\ASAS15al_B_comb_dup.fits,B,,,True,1,OBJECT,ASAS15al,0.23000000000000403,CRVAL1,74.456417,True,,,du Pont,
"(2455, 2452)",CRVAL2,-21.590833,,D:\Thesis\pd\CSPAll\ASAS15al_V_comb_dup.fits,V,,,True,1,OBJECT,ASAS15al,0.23000000000000403,CRVAL1,74.456417,True,,,du Pont,
"(2203, 2222)",CRVAL2,-21.590833,,D:\Thesis\pd\CSPAll\ASAS15al_V_comb_swo.fits,V,,,True,1,OBJECT,ASAS15al,0.42999999999984,CRVAL1,74.456417,True,,,Swope,
"(2623, 2457)",CRVAL2,6.430889,,D:\Thesis\pd\CSPAll\ASAS15as_B_comb_dup.fits,B,,,True,1,OBJECT,ASAS15as,0.23000000000000403,CRVAL1,144.819542,True,,,du Pont,
"(2620, 2458)",CRVAL2,6.430889,,D:\Thesis\pd\CSPAll\ASAS15as_V_comb_dup.fits,V,,,True,1,OBJECT,ASAS15as,0.23000000000000403,CRVAL1,144.819542,True,,,du Pont,
"(2192, 2201)",CRVAL2,6.430889,,D:\Thesis\pd\CSPAll\ASAS15as_V_comb_swo.fits,V,,,True,1,OBJECT,ASAS15as,0.42999999999984,CRVAL1,144.819542,True,,,Swope,
"(2461, 2463)",CRVAL2,8.920556,,D:\Thesis\pd\CSPAll\ASAS15ba_B_comb_dup.fits,B,,,True,1,OBJECT,ASAS15ba,0.23000000000000403,CRVAL1,211.22975,True,,,du Pont,
"(2461, 2463)",CRVAL2,8.920556,,D:\Thesis\pd\CSPAll\ASAS15ba_V_comb_dup.fits,V,,,True,1,OBJECT,ASAS15ba,0.23000000000000403,CRVAL1,211.22975,True,,,du Pont,
"(2191, 2197)",CRVAL2,8.920556,,D:\Thesis\pd\CSPAll\ASAS15ba_V_comb_swo.fits,V,,,True,1,OBJECT,ASAS15ba,0.42999999999984,CRVAL1,211.22975,True,,,Swope,
"(2435, 2428)",CRVAL2,-34.314139,,D:\Thesis\pd\CSPAll\ASAS15be_B_comb_dup.fits,B,,,True,1,OBJECT,ASAS15be,0.23000000000000403,CRVAL1,43.191,True,,,du Pont,
"(2429, 2425)",CRVAL2,-34.314139,,D:\Thesis\pd\CSPAll\ASAS15be_V_comb_dup.fits,V,,,True,1,OBJECT,ASAS15be,0.23000000000000403,CRVAL1,43.191,True,,,du Pont,
"(2193, 2199)",CRVAL2,-34.314139,,D:\Thesis\pd\CSPAll\ASAS15be_V_comb_swo.fits,V,,,True,1,OBJECT,ASAS15be,0.42999999999984,CRVAL1,43.191,True,,,Swope,
"(2186, 2195)",CRVAL2,-5.625806,,D:\Thesis\pd\CSPAll\ASAS15bm_V_comb_swo.fits,V,,,True,1,OBJECT,ASAS15bm,0.42999999999984,CRVAL1,226.465333,True,,,Swope,
"(2462, 2458)",CRVAL2,3.797028,,D:\Thesis\pd\CSPAll\ASAS15cb_B_comb_dup.fits,B,,,True,1,OBJECT,ASAS15cb,0.23000000000000403,CRVAL1,189.959292,True,,,du Pont,
"(2456, 2457)",CRVAL2,3.797028,,D:\Thesis\pd\CSPAll\ASAS15cb_V_comb_dup.fits,V,,,True,1,OBJECT,ASAS15cb,0.23000000000000403,CRVAL1,189.959292,True,,,du Pont,
"(2192, 2198)",CRVAL2,3.797028,,D:\Thesis\pd\CSPAll\ASAS15cb_V_comb_swo.fits,V,,,True,1,OBJECT,ASAS15cb,0.42999999999984,CRVAL1,189.959292,True,,,Swope,
"(2461, 2457)",CRVAL2,12.987917,,D:\Thesis\pd\CSPAll\ASAS15cd_B_comb_dup.fits,B,,,True,1,OBJECT,ASAS15cd,0.23000000000000403,CRVAL1,149.8115,True,,,du Pont,
"(2454, 2455)",CRVAL2,12.987917,,D:\Thesis\pd\CSPAll\ASAS15cd_V_comb_dup.fits,V,,,True,1,OBJECT,ASAS15cd,0.23000000000000403,CRVAL1,149.8115,True,,,du Pont,
"(2456, 2451)",CRVAL2,-24.705583,,D:\Thesis\pd\CSPAll\ASAS15da_B_comb_dup.fits,B,,,True,1,OBJECT,ASAS15da,0.23000000000000403,CRVAL1,80.96275,True,,,du Pont,
"(2448, 2450)",CRVAL2,-24.705583,,D:\Thesis\pd\CSPAll\ASAS15da_V_comb_dup.fits,V,,,True,1,OBJECT,ASAS15da,0.23000000000000403,CRVAL1,80.96275,True,,,du Pont,
"(2211, 2279)",CRVAL2,-24.705583,,D:\Thesis\pd\CSPAll\ASAS15da_V_comb_swo.fits,V,,,True,1,OBJECT,ASAS15da,0.42999999999984,CRVAL1,80.96275,True,,,Swope,
"(2209, 2205)",CRVAL2,17.884194,,D:\Thesis\pd\CSPAll\ASAS15db_V_comb_swo.fits,V,,,True,1,OBJECT,ASAS15db,0.42999999999984,CRVAL1,236.745333,True,,,Swope,
"(2461, 2458)",CRVAL2,19.211528,,D:\Thesis\pd\CSPAll\ASAS15dd_B_comb_dup.fits,B,,,True,1,OBJECT,ASAS15dd,0.23000000000000403,CRVAL1,235.995417,True,,,du Pont,
"(2460, 2458)",CRVAL2,19.211528,,D:\Thesis\pd\CSPAll\ASAS15dd_V_comb_dup.fits,V,,,True,1,OBJECT,ASAS15dd,0.23000000000000403,CRVAL1,235.995417,True,,,du Pont,
"(2446, 2460)",CRVAL2,19.211528,,D:\Thesis\pd\CSPAll\ASAS15dd_V_comb_swo.fits,V,,,True,1,OBJECT,ASAS15dd,0.42999999999984,CRVAL1,235.995417,True,,,Swope,
"(2448, 2451)",CRVAL2,-22.563694,,D:\Thesis\pd\CSPAll\ASAS15eb_B_comb_dup.fits,B,,,True,1,OBJECT,ASAS15eb,0.23000000000000403,CRVAL1,121.531167,True,,,du Pont,
"(2448, 2451)",CRVAL2,-22.563694,,D:\Thesis\pd\CSPAll\ASAS15eb_V_comb_dup.fits,V,,,True,1,OBJECT,ASAS15eb,0.23000000000000403,CRVAL1,121.531167,True,,,du Pont,
"(2217, 2270)",CRVAL2,-22.563694,,D:\Thesis\pd\CSPAll\ASAS15eb_V_comb_swo.fits,V,,,True,1,OBJECT,ASAS15eb,0.42999999999984,CRVAL1,121.531167,True,,,Swope,
"(2767, 2472)",CRVAL2,-7.639778,,D:\Thesis\pd\CSPAll\ASAS15fr_B_comb_dup.fits,B,,,True,1,OBJECT,ASAS15fr,0.23000000000000403,CRVAL1,140.08525,True,,,du Pont,
"(2759, 2472)",CRVAL2,-7.639778,,D:\Thesis\pd\CSPAll\ASAS15fr_V_comb_dup.fits,V,,,True,1,OBJECT,ASAS15fr,0.23000000000000403,CRVAL1,140.08525,True,,,du Pont,
"(2200, 2207)",CRVAL2,-7.639778,,D:\Thesis\pd\CSPAll\ASAS15fr_V_comb_swo.fits,V,,,True,1,OBJECT,ASAS15fr,0.42999999999984,CRVAL1,140.08525,True,,,Swope,
"(2494, 2522)",CRVAL2,14.171056,,D:\Thesis\pd\CSPAll\ASAS15ga_B_comb_dup.fits,B,,,True,1,OBJECT,ASAS15ga,0.23000000000000403,CRVAL1,194.863083,True,,,du Pont,
"(2491, 2519)",CRVAL2,14.171056,,D:\Thesis\pd\CSPAll\ASAS15ga_V_comb_dup.fits,V,,,True,1,OBJECT,ASAS15ga,0.23000000000000403,CRVAL1,194.863083,True,,,du Pont,
"(2190, 2197)",CRVAL2,14.171056,,D:\Thesis\pd\CSPAll\ASAS15ga_V_comb_swo.fits,V,,,True,1,OBJECT,ASAS15ga,0.42999999999984,CRVAL1,194.863083,True,,,Swope,
"(2571, 2502)",CRVAL2,-16.485722,,D:\Thesis\pd\CSPAll\ASAS15go_B_comb_dup.fits,B,,,True,1,OBJECT,ASAS15go,0.23000000000000403,CRVAL1,92.877083,True,,,du Pont,
"(2567, 2499)",CRVAL2,-16.485722,,D:\Thesis\pd\CSPAll\ASAS15go_V_comb_dup.fits,V,,,True,1,OBJECT,ASAS15go,0.23000000000000403,CRVAL1,92.877083,True,,,du Pont,
"(2197, 2247)",CRVAL2,-16.485722,,D:\Thesis\pd\CSPAll\ASAS15go_V_comb_swo.fits,V,,,True,1,OBJECT,ASAS15go,0.42999999999984,CRVAL1,92.877083,True,,,Swope,
"(2861, 2532)",CRVAL2,-34.889806,,D:\Thesis\pd\CSPAll\ASAS15gr_B_comb_dup.fits,B,,,True,1,OBJECT,ASAS15gr,0.23000000000000403,CRVAL1,101.33975,True,,,du Pont,
"(2847, 2528)",CRVAL2,-34.889806,,D:\Thesis\pd\CSPAll\ASAS15gr_V_comb_dup.fits,V,,,True,1,OBJECT,ASAS15gr,0.23000000000000403,CRVAL1,101.33975,True,,,du Pont,
"(2190, 2200)",CRVAL2,-34.889806,,D:\Thesis\pd\CSPAll\ASAS15gr_V_comb_swo.fits,V,,,True,1,OBJECT,ASAS15gr,0.42999999999984,CRVAL1,101.33975,True,,,Swope,
"(2499, 2622)",CRVAL2,-35.259861,,D:\Thesis\pd\CSPAll\ASAS15hf_B_comb_dup.fits,B,,,True,1,OBJECT,ASAS15hf,0.23000000000000403,CRVAL1,157.379167,True,,,du Pont,
"(2503, 2615)",CRVAL2,-35.259861,,D:\Thesis\pd\CSPAll\ASAS15hf_V_comb_dup.fits,V,,,True,1,OBJECT,ASAS15hf,0.23000000000000403,CRVAL1,157.379167,True,,,du Pont,
"(2263, 2353)",CRVAL2,-35.259861,,D:\Thesis\pd\CSPAll\ASAS15hf_V_comb_swo.fits,V,,,True,1,OBJECT,ASAS15hf,0.42999999999984,CRVAL1,157.379167,True,,,Swope,
"(2585, 2604)",CRVAL2,9.193778,,D:\Thesis\pd\CSPAll\ASAS15hg_B_comb_dup.fits,B,,,True,1,OBJECT,ASAS15hg,0.23000000000000403,CRVAL1,148.455125,True,,,du Pont,
"(2577, 2599)",CRVAL2,9.193778,,D:\Thesis\pd\CSPAll\ASAS15hg_V_comb_dup.fits,V,,,True,1,OBJECT,ASAS15hg,0.23000000000000403,CRVAL1,148.455125,True,,,du Pont,
"(2439, 2278)",CRVAL2,9.193778,,D:\Thesis\pd\CSPAll\ASAS15hg_V_comb_swo.fits,V,,,True,1,OBJECT,ASAS15hg,0.42999999999984,CRVAL1,148.455125,True,,,Swope,
"(2575, 2628)",CRVAL2,-31.555056,,D:\Thesis\pd\CSPAll\ASAS15hx_B_comb_dup.fits,B,,,True,1,OBJECT,ASAS15hx,0.23000000000000403,CRVAL1,205.82,True,,,du Pont,
"(2568, 2626)",CRVAL2,-31.555056,,D:\Thesis\pd\CSPAll\ASAS15hx_V_comb_dup.fits,V,,,True,1,OBJECT,ASAS15hx,0.23000000000000403,CRVAL1,205.82,True,,,du Pont,
"(2369, 2401)",CRVAL2,-31.555056,,D:\Thesis\pd\CSPAll\ASAS15hx_V_comb_swo.fits,V,,,True,1,OBJECT,ASAS15hx,0.42999999999984,CRVAL1,205.82,True,,,Swope,
"(2466, 2470)",CRVAL2,-32.650889,,D:\Thesis\pd\CSPAll\CSP12F_B_comb_dup.fits,B,,,True,1,OBJECT,SN2012hd,0.23000000000000403,CRVAL1,18.52925,True,,,du Pont,
"(2467, 2463)",CRVAL2,-32.650889,,D:\Thesis\pd\CSPAll\CSP12F_V_comb_dup.fits,V,,,True,1,OBJECT,SN2012hd,0.23000000000000403,CRVAL1,18.52925,True,,,du Pont,
"(2198, 2207)",CRVAL2,-32.650889,,D:\Thesis\pd\CSPAll\CSP12F_V_comb_swo.fits,V,,,True,1,OBJECT,SN2012hd,0.42999999999984,CRVAL1,18.52925,True,,,Swope,
"(2728, 2899)",CRVAL2,10.299944,,D:\Thesis\pd\CSPAll\CSP12G_B_comb_dup.fits,B,,,True,1,OBJECT,CSP12G,0.23000000000000403,CRVAL1,135.509125,True,,,du Pont,
"(2726, 2894)",CRVAL2,10.299944,,D:\Thesis\pd\CSPAll\CSP12G_V_comb_dup.fits,V,,,True,1,OBJECT,CSP12G,0.23000000000000403,CRVAL1,135.509125,True,,,du Pont,
"(2195, 2201)",CRVAL2,10.299944,,D:\Thesis\pd\CSPAll\CSP12G_V_comb_swo.fits,V,,,True,1,OBJECT,CSP12G,0.42999999999984,CRVAL1,135.509125,True,,,Swope,
"(2779, 2541)",CRVAL2,-69.354944,,D:\Thesis\pd\CSPAll\CSP12J_B_comb_dup.fits,B,,,True,1,OBJECT,CSP12J,0.23000000000000403,CRVAL1,91.757167,True,,,du Pont,
"(2781, 2539)",CRVAL2,-69.354944,,D:\Thesis\pd\CSPAll\CSP12J_V_comb_dup.fits,V,,,True,1,OBJECT,CSP12J,0.23000000000000403,CRVAL1,91.757167,True,,,du Pont,
"(5022, 5027)",CRVAL2,-59.739917,,D:\Thesis\pd\CSPAll\CSP12K_V_comb_swo.fits,V,,,True,1,OBJECT,SN2012hr,0.159000000000012,CRVAL1,95.411458,True,,,Swope,
"(2502, 2492)",CRVAL2,16.778889,,D:\Thesis\pd\CSPAll\CSP12M_B_comb_dup.fits,B,,,True,1,OBJECT,SN2012ht,0.23000000000000403,CRVAL1,163.361667,True,,,du Pont,
"(2501, 2487)",CRVAL2,16.778889,,D:\Thesis\pd\CSPAll\CSP12M_V_comb_dup.fits,V,,,True,1,OBJECT,SN2012ht,0.23000000000000403,CRVAL1,163.361667,True,,,du Pont,
"(1283, 1284)",CRVAL2,16.778889,,D:\Thesis\pd\CSPAll\CSP12M_V_comb_swo.fits,V,,,True,1,OBJECT,SN2012ht,0.42999999999984,CRVAL1,163.361667,True,,,Swope,
"(2613, 2471)",CRVAL2,-15.109122,,D:\Thesis\pd\CSPAll\CSP12N_B_comb_dup.fits,B,,,True,1,OBJECT,CSP12N,0.23000000000000403,CRVAL1,189.567792,True,,,du Pont,
"(2610, 2466)",CRVAL2,-15.109122,,D:\Thesis\pd\CSPAll\CSP12N_V_comb_dup.fits,V,,,True,1,OBJECT,CSP12N,0.23000000000000403,CRVAL1,189.567792,True,,,du Pont,
"(1282, 1282)",CRVAL2,-15.109122,,D:\Thesis\pd\CSPAll\CSP12N_V_comb_swo.fits,V,,,True,1,OBJECT,CSP12N,0.42999999999984,CRVAL1,189.567792,True,,,Swope,
"(2465, 2470)",CRVAL2,-67.466056,,D:\Thesis\pd\CSPAll\CSP13aad_B_comb_dup.fits,B,,,True,1,OBJECT,CSP13aad,0.23000000000000403,CRVAL1,26.541042,True,,,du Pont,
"(2465, 2464)",CRVAL2,-67.466056,,D:\Thesis\pd\CSPAll\CSP13aad_V_comb_dup.fits,V,,,True,1,OBJECT,CSP13aad,0.23000000000000403,CRVAL1,26.541042,True,,,du Pont,
"(2191, 2199)",CRVAL2,-67.466056,,D:\Thesis\pd\CSPAll\CSP13aad_V_comb_swo.fits,V,,,True,1,OBJECT,CSP13aad,0.42999999999984,CRVAL1,26.541042,True,,,Swope,
"(3564, 3523)",CRVAL2,-51.599444,,D:\Thesis\pd\CSPAll\CSP13aae_V_comb_dup.fits,V,,,True,1,OBJECT,CSP13aae,0.159000000000012,CRVAL1,65.944375,True,,,du Pont,
"(2433, 2436)",CRVAL2,6.808444,,D:\Thesis\pd\CSPAll\CSP13aaf_B_comb_dup.fits,B,,,True,1,OBJECT,CSP13aaf,0.23000000000000403,CRVAL1,148.791667,True,,,du Pont,
"(2430, 2432)",CRVAL2,6.808444,,D:\Thesis\pd\CSPAll\CSP13aaf_V_comb_dup.fits,V,,,True,1,OBJECT,CSP13aaf,0.23000000000000403,CRVAL1,148.791667,True,,,du Pont,
"(2193, 2202)",CRVAL2,6.808444,,D:\Thesis\pd\CSPAll\CSP13aaf_V_comb_swo.fits,V,,,True,1,OBJECT,CSP13aaf,0.42999999999984,CRVAL1,148.791667,True,,,Swope,
"(2538, 2771)",CRVAL2,-66.841528,,D:\Thesis\pd\CSPAll\CSP13aam_B_comb_dup.fits,B,,,True,1,OBJECT,CSP13aam,0.23000000000000403,CRVAL1,78.692792,True,,,du Pont,
"(2537, 2768)",CRVAL2,-66.841528,,D:\Thesis\pd\CSPAll\CSP13aam_V_comb_dup.fits,V,,,True,1,OBJECT,CSP13aam,0.23000000000000403,CRVAL1,78.692792,True,,,du Pont,
"(2226, 2235)",CRVAL2,-66.841528,,D:\Thesis\pd\CSPAll\CSP13aam_V_comb_swo.fits,V,,,True,1,OBJECT,CSP13aam,0.42999999999984,CRVAL1,78.692792,True,,,Swope,
"(2923, 2629)",CRVAL2,-63.560667,,D:\Thesis\pd\CSPAll\CSP13aao_B_comb_dup.fits,B,,,True,1,OBJECT,CSP13aao,0.23000000000000403,CRVAL1,89.626542,True,,,du Pont,
"(2921, 2622)",CRVAL2,-63.560667,,D:\Thesis\pd\CSPAll\CSP13aao_V_comb_dup.fits,V,,,True,1,OBJECT,CSP13aao,0.23000000000000403,CRVAL1,89.626542,True,,,du Pont,
"(2213, 2223)",CRVAL2,-63.560667,,D:\Thesis\pd\CSPAll\CSP13aao_V_comb_swo.fits,V,,,True,1,OBJECT,CSP13aao,0.42999999999984,CRVAL1,89.626542,True,,,Swope,
"(3525, 3554)",CRVAL2,-28.775722,,D:\Thesis\pd\CSPAll\CSP13aap_B_comb_dup.fits,B,,,True,1,OBJECT,PS1-13eao,0.159000000000012,CRVAL1,52.485667,True,,,du Pont,
"(3525, 3554)",CRVAL2,-28.775722,,D:\Thesis\pd\CSPAll\CSP13aap_V_comb_dup.fits,V,,,True,1,OBJECT,PS1-13eao,0.159000000000012,CRVAL1,52.485667,True,,,du Pont,
"(2701, 2765)",CRVAL2,-63.722789,,D:\Thesis\pd\CSPAll\CSP13aaq_B_comb_dup.fits,B,,,True,1,OBJECT,CSP13aaq,0.23000000000000403,CRVAL1,64.946708,True,,,du Pont,
"(2699, 2765)",CRVAL2,-63.722789,,D:\Thesis\pd\CSPAll\CSP13aaq_V_comb_dup.fits,V,,,True,1,OBJECT,CSP13aaq,0.23000000000000403,CRVAL1,64.946708,True,,,du Pont,
"(3514, 3517)",CRVAL2,19.208056,,D:\Thesis\pd\CSPAll\CSP13aaw_B_comb_dup.fits,B,,,True,1,OBJECT,CSP13aaw,0.159000000000012,CRVAL1,47.493458,True,,,du Pont,
"(3512, 3508)",CRVAL2,19.208056,,D:\Thesis\pd\CSPAll\CSP13aaw_V_comb_dup.fits,V,,,True,1,OBJECT,CSP13aaw,0.159000000000012,CRVAL1,47.493458,True,,,du Pont,
"(2431, 2431)",CRVAL2,-4.73075,,D:\Thesis\pd\CSPAll\CSP13aax_B_comb_dup.fits,B,,,True,1,OBJECT,SN2013gy,0.23000000000000403,CRVAL1,55.567333,True,,,du Pont,
"(2429, 2425)",CRVAL2,-4.73075,,D:\Thesis\pd\CSPAll\CSP13aax_V_comb_dup.fits,V,,,True,1,OBJECT,SN2013gy,0.23000000000000403,CRVAL1,55.567333,True,,,du Pont,
"(2615, 2666)",CRVAL2,-53.738611,,D:\Thesis\pd\CSPAll\CSP13aay_B_comb_dup.fits,B,,,True,1,OBJECT,CSP13aay,0.23000000000000403,CRVAL1,51.389625,True,,,du Pont,
"(2610, 2663)",CRVAL2,-53.738611,,D:\Thesis\pd\CSPAll\CSP13aay_V_comb_dup.fits,V,,,True,1,OBJECT,CSP13aay,0.23000000000000403,CRVAL1,51.389625,True,,,du Pont,
"(1883, 1879)",CRVAL2,3.0626,,D:\Thesis\pd\CSPAll\CSP13ab_V_comb_swo.fits,V,,,True,1,OBJECT,LSQ13lq,0.42999999999984,CRVAL1,206.044875,True,,,Swope,
"(2435, 2438)",CRVAL2,17.231861,,D:\Thesis\pd\CSPAll\CSP13aba_B_comb_dup.fits,B,,,True,1,OBJECT,CSP13aba,0.23000000000000403,CRVAL1,172.259667,True,,,du Pont,
"(2434, 2431)",CRVAL2,17.231861,,D:\Thesis\pd\CSPAll\CSP13aba_V_comb_dup.fits,V,,,True,1,OBJECT,CSP13aba,0.23000000000000403,CRVAL1,172.259667,True,,,du Pont,
"(2432, 2437)",CRVAL2,-75.724694,,D:\Thesis\pd\CSPAll\CSP13abl_B_comb_dup.fits,B,,,True,1,OBJECT,CSP13abl,0.23000000000000403,CRVAL1,99.530833,True,,,du Pont,
"(2432, 2437)",CRVAL2,-75.724694,,D:\Thesis\pd\CSPAll\CSP13abl_V_comb_dup.fits,V,,,True,1,OBJECT,CSP13abl,0.23000000000000403,CRVAL1,99.530833,True,,,du Pont,
"(2241, 2257)",CRVAL2,-75.724694,,D:\Thesis\pd\CSPAll\CSP13abl_V_comb_swo.fits,V,,,True,1,OBJECT,CSP13abl,0.42999999999984,CRVAL1,99.530833,True,,,Swope,
"(2460, 2460)",CRVAL2,4.546111,,D:\Thesis\pd\CSPAll\CSP13abm_V_comb_dup.fits,V,,,True,1,OBJECT,CSP13abm,0.23000000000000403,CRVAL1,46.498458,True,,,du Pont,
"(2630, 2866)",CRVAL2,-1.025694,,D:\Thesis\pd\CSPAll\CSP13abs_B_comb_dup.fits,B,,,True,1,OBJECT,CSP13abs,0.23000000000000403,CRVAL1,180.778208,True,,,du Pont,
"(2626, 2864)",CRVAL2,-1.025694,,D:\Thesis\pd\CSPAll\CSP13abs_V_comb_dup.fits,V,,,True,1,OBJECT,CSP13abs,0.23000000000000403,CRVAL1,180.778208,True,,,du Pont,
"(2520, 2511)",CRVAL2,-18.988861,,D:\Thesis\pd\CSPAll\CSP13ag_B_comb_dup.fits,B,,,True,1,OBJECT,SN2013as,0.23000000000000403,CRVAL1,178.218083,True,,,du Pont,
"(2516, 2505)",CRVAL2,-18.988861,,D:\Thesis\pd\CSPAll\CSP13ag_V_comb_dup.fits,V,,,True,1,OBJECT,SN2013as,0.23000000000000403,CRVAL1,178.218083,True,,,du Pont,
"(2468, 2465)",CRVAL2,-64.942917,,D:\Thesis\pd\CSPAll\CSP13al_V_comb_dup.fits,V,,,True,1,OBJECT,SN2013ay,0.23000000000000403,CRVAL1,280.6495,True,,,du Pont,
"(1861, 1860)",CRVAL2,-64.942917,,D:\Thesis\pd\CSPAll\CSP13al_V_comb_swo.fits,V,,,True,1,OBJECT,SN2013ay,0.42999999999984,CRVAL1,280.6495,True,,,Swope,
"(2744, 2794)",CRVAL2,-40.5125,,D:\Thesis\pd\CSPAll\CSP13am_B_comb_dup.fits,B,,,True,1,OBJECT,SN2013az,0.23000000000000403,CRVAL1,84.972667,True,,,du Pont,
"(2739, 2788)",CRVAL2,-40.5125,,D:\Thesis\pd\CSPAll\CSP13am_V_comb_dup.fits,V,,,True,1,OBJECT,SN2013az,0.23000000000000403,CRVAL1,84.972667,True,,,du Pont,
"(2482, 2502)",CRVAL2,-7.170694,,D:\Thesis\pd\CSPAll\CSP13an_B_comb_dup.fits,B,,,True,1,OBJECT,SN2013bc,0.23000000000000403,CRVAL1,197.593708,True,,,du Pont,
"(2479, 2498)",CRVAL2,-7.170694,,D:\Thesis\pd\CSPAll\CSP13an_V_comb_dup.fits,V,,,True,1,OBJECT,SN2013bc,0.23000000000000403,CRVAL1,197.593708,True,,,du Pont,
"(2253, 2242)",CRVAL2,-7.170694,,D:\Thesis\pd\CSPAll\CSP13an_V_comb_swo.fits,V,,,True,1,OBJECT,SN2013bc,0.42999999999984,CRVAL1,197.593708,True,,,Swope,
"(1858, 1857)",CRVAL2,-10.024,,D:\Thesis\pd\CSPAll\CSP13ay_V_comb_swo.fits,V,,,True,1,OBJECT,SN2013bz,0.42999999999984,CRVAL1,201.711708,True,,,Swope,
"(2473, 2469)",CRVAL2,-34.228278,,D:\Thesis\pd\CSPAll\CSP13B_B_comb_dup.fits,B,,,True,1,OBJECT,SN2013E,0.23000000000000403,CRVAL1,150.0225,True,,,du Pont,
"(2470, 2462)",CRVAL2,-34.228278,,D:\Thesis\pd\CSPAll\CSP13B_V_comb_dup.fits,V,,,True,1,OBJECT,SN2013E,0.23000000000000403,CRVAL1,150.0225,True,,,du Pont,
"(1930, 1900)",CRVAL2,-34.228278,,D:\Thesis\pd\CSPAll\CSP13B_V_comb_swo.fits,V,,,True,1,OBJECT,SN2013E,0.42999999999984,CRVAL1,150.0225,True,,,Swope,
"(2432, 2436)",CRVAL2,-24.783028,,D:\Thesis\pd\CSPAll\CSP13bf_B_comb_dup.fits,B,,,True,1,OBJECT,SN2013cg,0.23000000000000403,CRVAL1,141.735958,True,,,du Pont,
"(2431, 2429)",CRVAL2,-24.783028,,D:\Thesis\pd\CSPAll\CSP13bf_V_comb_dup.fits,V,,,True,1,OBJECT,SN2013cg,0.23000000000000403,CRVAL1,141.735958,True,,,du Pont,
"(2175, 2178)",CRVAL2,-24.783028,,D:\Thesis\pd\CSPAll\CSP13bf_V_comb_swo.fits,V,,,True,1,OBJECT,SN2013cg,0.42999999999984,CRVAL1,141.735958,True,,,Swope,
"(2956, 2592)",CRVAL2,0.981556,,D:\Thesis\pd\CSPAll\CSP13bh_B_comb_dup.fits,B,,,True,1,OBJECT,SN2013ct,0.23000000000000403,CRVAL1,18.232125,True,,,du Pont,
"(2952, 2593)",CRVAL2,0.981556,,D:\Thesis\pd\CSPAll\CSP13bh_V_comb_dup.fits,V,,,True,1,OBJECT,SN2013ct,0.23000000000000403,CRVAL1,18.232125,True,,,du Pont,
"(2216, 2178)",CRVAL2,0.981556,,D:\Thesis\pd\CSPAll\CSP13bh_V_comb_swo.fits,V,,,True,1,OBJECT,SN2013ct,0.42999999999984,CRVAL1,18.232125,True,,,Swope,
"(1872, 1875)",CRVAL2,-75.825694,,D:\Thesis\pd\CSPAll\CSP13C_V_comb_swo.fits,V,,,True,1,OBJECT,SN2013H,0.42999999999984,CRVAL1,136.648833,True,,,Swope,
"(1856, 1858)",CRVAL2,-37.863583,,D:\Thesis\pd\CSPAll\CSP13G_V_comb_swo.fits,V,,,True,1,OBJECT,SN2013M,0.42999999999984,CRVAL1,209.990208,True,,,Swope,
"(2431, 2436)",CRVAL2,0.329333,,D:\Thesis\pd\CSPAll\CSP13M_B_comb_dup.fits,B,,,True,1,OBJECT,CSP13M,0.23000000000000403,CRVAL1,150.2995,True,,,du Pont,
"(2432, 2430)",CRVAL2,0.329333,,D:\Thesis\pd\CSPAll\CSP13M_V_comb_dup.fits,V,,,True,1,OBJECT,CSP13M,0.23000000000000403,CRVAL1,150.2995,True,,,du Pont,
"(2736, 2858)",CRVAL2,16.917944,,D:\Thesis\pd\CSPAll\CSP13N_B_comb_dup.fits,B,,,True,1,OBJECT,CSP13N,0.23000000000000403,CRVAL1,144.967292,True,,,du Pont,
"(2741, 2855)",CRVAL2,16.917944,,D:\Thesis\pd\CSPAll\CSP13N_V_comb_dup.fits,V,,,True,1,OBJECT,CSP13N,0.23000000000000403,CRVAL1,144.967292,True,,,du Pont,
"(2467, 2476)",CRVAL2,-44.174417,,D:\Thesis\pd\CSPAll\CSP13P_B_comb_dup.fits,B,,,True,1,OBJECT,SN2013aa,0.23000000000000403,CRVAL1,218.16975,True,,,du Pont,
"(2465, 2469)",CRVAL2,-44.174417,,D:\Thesis\pd\CSPAll\CSP13P_V_comb_dup.fits,V,,,True,1,OBJECT,SN2013aa,0.23000000000000403,CRVAL1,218.16975,True,,,du Pont,
"(3377, 2460)",CRVAL2,-44.174417,,D:\Thesis\pd\CSPAll\CSP13P_V_comb_swo.fits,V,,,True,1,OBJECT,SN2013aa,0.42999999999984,CRVAL1,218.16975,True,,,Swope,
"(2466, 2472)",CRVAL2,-65.735944,,D:\Thesis\pd\CSPAll\CSP13Q_B_comb_dup.fits,B,,,True,1,OBJECT,CSP13Q,0.23000000000000403,CRVAL1,30.593667,True,,,du Pont,
"(2467, 2471)",CRVAL2,-65.735944,,D:\Thesis\pd\CSPAll\CSP13Q_V_comb_dup.fits,V,,,True,1,OBJECT,CSP13Q,0.23000000000000403,CRVAL1,30.593667,True,,,du Pont,
"(2268, 2319)",CRVAL2,-65.735944,,D:\Thesis\pd\CSPAll\CSP13Q_V_comb_swo.fits,V,,,True,1,OBJECT,CSP13Q,0.42999999999984,CRVAL1,30.593667,True,,,Swope,
"(2432, 2436)",CRVAL2,10.307561,,D:\Thesis\pd\CSPAll\CSP13U_B_comb_dup.fits,B,,,True,1,OBJECT,CSP13U,0.23000000000000403,CRVAL1,54.671,True,,,du Pont,
"(2430, 2433)",CRVAL2,10.307561,,D:\Thesis\pd\CSPAll\CSP13U_V_comb_dup.fits,V,,,True,1,OBJECT,CSP13U,0.23000000000000403,CRVAL1,54.671,True,,,du Pont,
"(2199, 2203)",CRVAL2,10.307561,,D:\Thesis\pd\CSPAll\CSP13U_V_comb_swo.fits,V,,,True,1,OBJECT,CSP13U,0.42999999999984,CRVAL1,54.671,True,,,Swope,
"(2471, 2466)",CRVAL2,-7.930667,,D:\Thesis\pd\CSPAll\CSP13Y_B_comb_dup.fits,B,,,True,1,OBJECT,SN2013aj,0.23000000000000403,CRVAL1,208.501125,True,,,du Pont,
"(2467, 2470)",CRVAL2,-7.930667,,D:\Thesis\pd\CSPAll\CSP13Y_V_comb_dup.fits,V,,,True,1,OBJECT,SN2013aj,0.23000000000000403,CRVAL1,208.501125,True,,,du Pont,
"(1851, 1860)",CRVAL2,-7.930667,,D:\Thesis\pd\CSPAll\CSP13Y_V_comb_swo.fits,V,,,True,1,OBJECT,SN2013aj,0.42999999999984,CRVAL1,208.501125,True,,,Swope,
"(1856, 1859)",CRVAL2,-13.572306,,D:\Thesis\pd\CSPAll\CSP13Z_V_comb_swo.fits,V,,,True,1,OBJECT,CSP13Z,0.42999999999984,CRVAL1,163.026167,True,,,Swope,
"(2481, 2468)",CRVAL2,18.827806,,D:\Thesis\pd\CSPAll\CSP14aaa_B_comb_dup.fits,B,,,True,1,OBJECT,SN2014D,0.23000000000000403,CRVAL1,182.654042,True,,,du Pont,
"(2477, 2466)",CRVAL2,18.827806,,D:\Thesis\pd\CSPAll\CSP14aaa_V_comb_dup.fits,V,,,True,1,OBJECT,SN2014D,0.23000000000000403,CRVAL1,182.654042,True,,,du Pont,
"(2458, 2456)",CRVAL2,-25.541028,,D:\Thesis\pd\CSPAll\CSP14aab_B_comb_dup.fits,B,,,True,1,OBJECT,SN2014I,0.23000000000000403,CRVAL1,85.586958,True,,,du Pont,
"(2458, 2456)",CRVAL2,-25.541028,,D:\Thesis\pd\CSPAll\CSP14aab_V_comb_dup.fits,V,,,True,1,OBJECT,SN2014I,0.23000000000000403,CRVAL1,85.586958,True,,,du Pont,
"(2570, 2528)",CRVAL2,12.554758,,D:\Thesis\pd\CSPAll\CSP14aal_B_comb_dup.fits,B,,,True,1,OBJECT,CSP14aal,0.23000000000000403,CRVAL1,149.412875,True,,,du Pont,
"(2568, 2528)",CRVAL2,12.554758,,D:\Thesis\pd\CSPAll\CSP14aal_V_comb_dup.fits,V,,,True,1,OBJECT,CSP14aal,0.23000000000000403,CRVAL1,149.412875,True,,,du Pont,
"(2478, 2518)",CRVAL2,-67.920694,,D:\Thesis\pd\CSPAll\CSP14aaq_B_comb_dup.fits,B,,,True,1,OBJECT,CSP14aaq,0.23000000000000403,CRVAL1,93.449958,True,,,du Pont,
"(2475, 2519)",CRVAL2,-67.920694,,D:\Thesis\pd\CSPAll\CSP14aaq_V_comb_dup.fits,V,,,True,1,OBJECT,CSP14aaq,0.23000000000000403,CRVAL1,93.449958,True,,,du Pont,
"(2641, 2514)",CRVAL2,-66.791583,,D:\Thesis\pd\CSPAll\CSP14aar_B_comb_dup.fits,B,,,True,1,OBJECT,CSP14aar,0.23000000000000403,CRVAL1,87.097875,True,,,du Pont,
"(2643, 2515)",CRVAL2,-66.791583,,D:\Thesis\pd\CSPAll\CSP14aar_V_comb_dup.fits,V,,,True,1,OBJECT,CSP14aar,0.23000000000000403,CRVAL1,87.097875,True,,,du Pont,
"(2181, 2188)",CRVAL2,-66.791583,,D:\Thesis\pd\CSPAll\CSP14aar_V_comb_swo.fits,V,,,True,1,OBJECT,CSP14aar,0.42999999999984,CRVAL1,87.097875,True,,,Swope,
"(2742, 2469)",CRVAL2,-61.123417,,D:\Thesis\pd\CSPAll\CSP14aaw_B_comb_dup.fits,B,,,True,1,OBJECT,CSP14aaw,0.23000000000000403,CRVAL1,26.029625,True,,,du Pont,
"(3029, 2467)",CRVAL2,-61.123417,,D:\Thesis\pd\CSPAll\CSP14aaw_V_comb_dup.fits,V,,,True,1,OBJECT,CSP14aaw,0.23000000000000403,CRVAL1,26.029625,True,,,du Pont,
"(2203, 2246)",CRVAL2,-61.123417,,D:\Thesis\pd\CSPAll\CSP14aaw_V_comb_swo.fits,V,,,True,1,OBJECT,SN2014Z,0.42999999999984,CRVAL1,26.029625,True,,,Swope,
"(2475, 2485)",CRVAL2,9.430917,,D:\Thesis\pd\CSPAll\CSP14aax_B_comb_dup.fits,B,,,True,1,OBJECT,CSP14aax,0.23000000000000403,CRVAL1,220.370917,True,,,du Pont,
"(2469, 2483)",CRVAL2,9.430917,,D:\Thesis\pd\CSPAll\CSP14aax_V_comb_dup.fits,V,,,True,1,OBJECT,CSP14aax,0.23000000000000403,CRVAL1,220.370917,True,,,du Pont,
"(2471, 2464)",CRVAL2,19.973694,,D:\Thesis\pd\CSPAll\CSP14aay_B_comb_dup.fits,B,,,True,1,OBJECT,PTF14yw,0.23000000000000403,CRVAL1,176.266167,True,,,du Pont,
"(2471, 2464)",CRVAL2,19.973694,,D:\Thesis\pd\CSPAll\CSP14aay_V_comb_dup.fits,V,,,True,1,OBJECT,PTF14yw,0.23000000000000403,CRVAL1,176.266167,True,,,du Pont,
"(2472, 2466)",CRVAL2,14.796778,,D:\Thesis\pd\CSPAll\CSP14aba_B_comb_dup.fits,B,,,True,1,OBJECT,PS1-14rx,0.23000000000000403,CRVAL1,191.722167,True,,,du Pont,
"(2463, 2463)",CRVAL2,14.796778,,D:\Thesis\pd\CSPAll\CSP14aba_V_comb_dup.fits,V,,,True,1,OBJECT,PS1-14rx,0.23000000000000403,CRVAL1,191.722167,True,,,du Pont,
"(2466, 2460)",CRVAL2,-2.546806,,D:\Thesis\pd\CSPAll\CSP14abf_B_comb_dup.fits,B,,,True,1,OBJECT,SN2014ao,0.23000000000000403,CRVAL1,128.638958,True,,,du Pont,
"(2461, 2458)",CRVAL2,-2.546806,,D:\Thesis\pd\CSPAll\CSP14abf_V_comb_dup.fits,V,,,True,1,OBJECT,SN2014ao,0.23000000000000403,CRVAL1,128.638958,True,,,du Pont,
"(2271, 2298)",CRVAL2,-2.546806,,D:\Thesis\pd\CSPAll\CSP14abf_V_comb_swo.fits,V,,,True,1,OBJECT,SN2014ao,0.42999999999984,CRVAL1,128.638958,True,,,Swope,
"(2464, 2461)",CRVAL2,-46.518056,,D:\Thesis\pd\CSPAll\CSP14abh_V_comb_dup.fits,V,,,True,1,OBJECT,SB2014at,0.23000000000000403,CRVAL1,326.564583,True,,,du Pont,
"(2179, 2191)",CRVAL2,-46.518056,,D:\Thesis\pd\CSPAll\CSP14abh_V_comb_swo.fits,V,,,True,1,OBJECT,SN2014at,0.42999999999984,CRVAL1,326.564583,True,,,Swope,
"(2470, 2474)",CRVAL2,-39.661333,,D:\Thesis\pd\CSPAll\CSP14abl_B_comb_dup.fits,B,,,True,1,OBJECT,CSP14abl,0.23000000000000403,CRVAL1,343.753958,True,,,du Pont,
"(2469, 2470)",CRVAL2,-39.661333,,D:\Thesis\pd\CSPAll\CSP14abl_V_comb_dup.fits,V,,,True,1,OBJECT,CSP14abl,0.23000000000000403,CRVAL1,343.753958,True,,,du Pont,
"(2360, 2298)",CRVAL2,-39.661333,,D:\Thesis\pd\CSPAll\CSP14abl_V_comb_swo.fits,V,,,True,1,OBJECT,SN2014ba,0.42999999999984,CRVAL1,343.753958,True,,,Swope,
"(2193, 2202)",CRVAL2,-43.575556,,D:\Thesis\pd\CSPAll\CSP14abn_V_comb_swo.fits,V,,,True,1,OBJECT,CSP14abn,0.42999999999984,CRVAL1,209.013292,True,,,Swope,
"(6086, 7215)",CRVAL2,-10.311083,,D:\Thesis\pd\CSPAll\CSP14acl_V_comb_swo.fits,V,,,True,1,OBJECT,CSP14acl,0.159000000000012,CRVAL1,15.279333,True,,,Swope,
"(2431, 2431)",CRVAL2,-56.61625,,D:\Thesis\pd\CSPAll\CSP14acm_B_comb_dup.fits,B,,,True,1,OBJECT,CSP14acm,0.23000000000000403,CRVAL1,64.472333,True,,,du Pont,
"(2431, 2431)",CRVAL2,-56.61625,,D:\Thesis\pd\CSPAll\CSP14acm_V_comb_dup.fits,V,,,True,1,OBJECT,CSP14acm,0.23000000000000403,CRVAL1,64.472333,True,,,du Pont,
"(2469, 2469)",CRVAL2,8.64425,,D:\Thesis\pd\CSPAll\CSP14acp_B_comb_dup.fits,B,,,True,1,OBJECT,PTF14to,0.23000000000000403,CRVAL1,247.447083,True,,,du Pont,
"(2465, 2464)",CRVAL2,8.64425,,D:\Thesis\pd\CSPAll\CSP14acp_V_comb_dup.fits,V,,,True,1,OBJECT,PTF14to,0.23000000000000403,CRVAL1,247.447083,True,,,du Pont,
"(2187, 2197)",CRVAL2,8.64425,,D:\Thesis\pd\CSPAll\CSP14acp_V_comb_swo.fits,V,,,True,1,OBJECT,SN2014dl,0.42999999999984,CRVAL1,247.447083,True,,,Swope,
"(2790, 2573)",CRVAL2,-64.764778,,D:\Thesis\pd\CSPAll\CSP14acy_B_comb_dup.fits,B,,,True,1,OBJECT,CSP14acy,0.23000000000000403,CRVAL1,10.621292,True,,,du Pont,
"(2795, 2561)",CRVAL2,-64.764778,,D:\Thesis\pd\CSPAll\CSP14acy_V_comb_dup.fits,V,,,True,1,OBJECT,CSP14acy,0.23000000000000403,CRVAL1,10.621292,True,,,du Pont,
"(2423, 2428)",CRVAL2,27.654222,,D:\Thesis\pd\CSPAll\CSP14adc_B_comb_dup.fits,B,,,True,1,OBJECT,CSP14adc,0.23000000000000403,CRVAL1,36.608625,True,,,du Pont,
"(2423, 2422)",CRVAL2,27.654222,,D:\Thesis\pd\CSPAll\CSP14adc_V_comb_dup.fits,V,,,True,1,OBJECT,CSP14adc,0.23000000000000403,CRVAL1,36.608625,True,,,du Pont,
"(2449, 2443)",CRVAL2,-75.721111,,D:\Thesis\pd\CSPAll\CSP14ade_B_comb_dup.fits,B,,,True,1,OBJECT,CSP14ade,0.23000000000000403,CRVAL1,84.329042,True,,,du Pont,
"(2449, 2443)",CRVAL2,-75.721111,,D:\Thesis\pd\CSPAll\CSP14ade_V_comb_dup.fits,V,,,True,1,OBJECT,CSP14ade,0.23000000000000403,CRVAL1,84.329042,True,,,du Pont,
"(2195, 2205)",CRVAL2,-75.721111,,D:\Thesis\pd\CSPAll\CSP14ade_V_comb_swo.fits,V,,,True,1,OBJECT,CSP14ade,0.42999999999984,CRVAL1,84.329042,True,,,Swope,
"(2434, 2436)",CRVAL2,-55.740583,,D:\Thesis\pd\CSPAll\CSP14adf_B_comb_dup.fits,B,,,True,1,OBJECT,CSP14adf,0.23000000000000403,CRVAL1,41.286292,True,,,du Pont,
"(2429, 2432)",CRVAL2,-55.740583,,D:\Thesis\pd\CSPAll\CSP14adf_V_comb_dup.fits,V,,,True,1,OBJECT,CSP14adf,0.23000000000000403,CRVAL1,41.286292,True,,,du Pont,
"(2338, 2214)",CRVAL2,17.545556,,D:\Thesis\pd\CSPAll\CSP15aae_V_comb_swo.fits,V,,,True,1,OBJECT,CSP15aae,0.42999999999984,CRVAL1,212.488708,True,,,Swope,
"(2446, 2448)",CRVAL2,-69.530833,,D:\Thesis\pd\CSPAll\CSP15aaj_B_comb_dup.fits,B,,,True,1,OBJECT,CSP15aaj,0.23000000000000403,CRVAL1,114.099333,True,,,du Pont,
"(2447, 2448)",CRVAL2,-69.530833,,D:\Thesis\pd\CSPAll\CSP15aaj_V_comb_dup.fits,V,,,True,1,OBJECT,CSP15aaj,0.23000000000000403,CRVAL1,114.099333,True,,,du Pont,
"(2184, 2197)",CRVAL2,-69.530833,,D:\Thesis\pd\CSPAll\CSP15aaj_V_comb_swo.fits,V,,,True,1,OBJECT,CSP15aaj,0.42999999999984,CRVAL1,114.099333,True,,,Swope,
"(2230, 2305)",CRVAL2,1.634806,,D:\Thesis\pd\CSPAll\CSP15aak_V_comb_swo.fits,V,,,True,1,OBJECT,CSP15aak,0.42999999999984,CRVAL1,226.364542,True,,,Swope,
"(2465, 2468)",CRVAL2,-24.372944,,D:\Thesis\pd\CSPAll\CSP15B_B_comb_dup.fits,B,,,True,1,OBJECT,CSP15B,0.23000000000000403,CRVAL1,206.800667,True,,,du Pont,
"(2462, 2463)",CRVAL2,-24.372944,,D:\Thesis\pd\CSPAll\CSP15B_V_comb_dup.fits,V,,,True,1,OBJECT,CSP15B,0.23000000000000403,CRVAL1,206.800667,True,,,du Pont,
"(2255, 2374)",CRVAL2,-24.372944,,D:\Thesis\pd\CSPAll\CSP15B_V_comb_swo.fits,V,,,True,1,OBJECT,CSP15B,0.42999999999984,CRVAL1,206.800667,True,,,Swope,
"(1858, 1858)",CRVAL2,16.203417,,D:\Thesis\pd\CSPAll\KISS13j_V_comb_swo.fits,V,,,True,1,OBJECT,KISS13j,0.42999999999984,CRVAL1,182.415125,True,,,Swope,
"(2462, 2459)",CRVAL2,29.585778,,D:\Thesis\pd\CSPAll\KISS13l_B_comb_dup.fits,B,,,True,1,OBJECT,KISS13l,0.23000000000000403,CRVAL1,168.725292,True,,,du Pont,
"(2459, 2459)",CRVAL2,29.585778,,D:\Thesis\pd\CSPAll\KISS13l_V_comb_dup.fits,V,,,True,1,OBJECT,KISS13l,0.23000000000000403,CRVAL1,168.725292,True,,,du Pont,
"(2202, 2203)",CRVAL2,29.585778,,D:\Thesis\pd\CSPAll\KISS13l_V_comb_swo.fits,V,,,True,1,OBJECT,KISS13l,0.42999999999984,CRVAL1,168.725292,True,,,Swope,
"(2437, 2437)",CRVAL2,21.939194,,D:\Thesis\pd\CSPAll\KISS13v_B_comb_dup.fits,B,,,True,1,OBJECT,KISS13v,0.23000000000000403,CRVAL1,208.23575,True,,,du Pont,
"(2431, 2434)",CRVAL2,21.939194,,D:\Thesis\pd\CSPAll\KISS13v_V_comb_dup.fits,V,,,True,1,OBJECT,KISS13v,0.23000000000000403,CRVAL1,208.23575,True,,,du Pont,
"(1861, 1862)",CRVAL2,21.939194,,D:\Thesis\pd\CSPAll\KISS13v_V_comb_swo.fits,V,,,True,1,OBJECT,KISS13v,0.42999999999984,CRVAL1,208.23575,True,,,Swope,
"(2468, 2467)",CRVAL2,20.606111,,D:\Thesis\pd\CSPAll\KISS15m_B_comb_dup.fits,B,,,True,1,OBJECT,KISS15m,0.23000000000000403,CRVAL1,181.51625,True,,,du Pont,
"(2465, 2459)",CRVAL2,20.606111,,D:\Thesis\pd\CSPAll\KISS15m_V_comb_dup.fits,V,,,True,1,OBJECT,KISS15m,0.23000000000000403,CRVAL1,181.51625,True,,,du Pont,
"(2201, 2209)",CRVAL2,20.606111,,D:\Thesis\pd\CSPAll\KISS15m_V_comb_swo.fits,V,,,True,1,OBJECT,KISS15m,0.42999999999984,CRVAL1,181.51625,True,,,Swope,
"(5945, 5960)",CRVAL2,27.97842,,D:\Thesis\pd\CSPAll\KISS15n_V_comb_swo.fits,V,,,True,1,OBJECT,KISS15n,0.159000000000012,CRVAL1,195.13475,True,,,Swope,
"(2435, 2433)",CRVAL2,-8.598819,,D:\Thesis\pd\CSPAll\LSQ11bk_B_comb_dup.fits,B,,,True,1,OBJECT,LSQ11bk,0.23000000000000403,CRVAL1,65.184375,True,,,du Pont,
"(2430, 2428)",CRVAL2,-8.598819,,D:\Thesis\pd\CSPAll\LSQ11bk_V_comb_dup.fits,V,,,True,1,OBJECT,LSQ11bk,0.23000000000000403,CRVAL1,65.184375,True,,,du Pont,
"(1294, 1294)",CRVAL2,-8.598819,,D:\Thesis\pd\CSPAll\LSQ11bk_V_comb_swo.fits,V,,,True,1,OBJECT,LSQ11bk,0.42999999999984,CRVAL1,65.184375,True,,,Swope,
"(2464, 2466)",CRVAL2,6.778139,,D:\Thesis\pd\CSPAll\LSQ11ot_B_comb_dup.fits,B,,,True,1,OBJECT,LSQ11ot,0.23000000000000403,CRVAL1,78.948208,True,,,du Pont,
"(2465, 2460)",CRVAL2,6.778139,,D:\Thesis\pd\CSPAll\LSQ11ot_V_comb_dup.fits,V,,,True,1,OBJECT,LSQ11ot,0.23000000000000403,CRVAL1,78.948208,True,,,du Pont,
"(2646, 2540)",CRVAL2,6.493944,,D:\Thesis\pd\CSPAll\LSQ11pn_B_comb_dup.fits,B,,,True,1,OBJECT,LSQ11pn,0.23000000000000403,CRVAL1,79.173083,True,,,du Pont,
"(2656, 2534)",CRVAL2,6.493944,,D:\Thesis\pd\CSPAll\LSQ11pn_V_comb_dup.fits,V,,,True,1,OBJECT,LSQ11pn,0.23000000000000403,CRVAL1,79.173083,True,,,du Pont,
"(2468, 2472)",CRVAL2,-7.4145,,D:\Thesis\pd\CSPAll\LSQ12agq_B_comb_dup.fits,B,,,True,1,OBJECT,LSQ12agq,0.23000000000000403,CRVAL1,154.424167,True,,,du Pont,
"(2464, 2465)",CRVAL2,-7.4145,,D:\Thesis\pd\CSPAll\LSQ12agq_V_comb_dup.fits,V,,,True,1,OBJECT,LSQ12agq,0.23000000000000403,CRVAL1,154.424167,True,,,du Pont,
"(1283, 1283)",CRVAL2,-7.4145,,D:\Thesis\pd\CSPAll\LSQ12agq_V_comb_swo.fits,V,,,True,1,OBJECT,LSQ12agq,0.42999999999984,CRVAL1,154.424167,True,,,Swope,
"(2466, 2469)",CRVAL2,-14.299167,,D:\Thesis\pd\CSPAll\LSQ12aor_B_comb_dup.fits,B,,,True,1,OBJECT,LSQ12aor,0.23000000000000403,CRVAL1,163.823333,True,,,du Pont,
"(2462, 2464)",CRVAL2,-14.299167,,D:\Thesis\pd\CSPAll\LSQ12aor_V_comb_dup.fits,V,,,True,1,OBJECT,LSQ12aor,0.23000000000000403,CRVAL1,163.823333,True,,,du Pont,
"(2468, 2473)",CRVAL2,8.092167,,D:\Thesis\pd\CSPAll\LSQ12bld_B_comb_dup.fits,B,,,True,1,OBJECT,LSQ12bld,0.23000000000000403,CRVAL1,205.686375,True,,,du Pont,
"(2466, 2470)",CRVAL2,8.092167,,D:\Thesis\pd\CSPAll\LSQ12bld_V_comb_dup.fits,V,,,True,1,OBJECT,LSQ12bld,0.23000000000000403,CRVAL1,205.686375,True,,,du Pont,
"(2211, 2242)",CRVAL2,8.092167,,D:\Thesis\pd\CSPAll\LSQ12bld_V_comb_swo.fits,V,,,True,1,OBJECT,LSQ12bld,0.42999999999984,CRVAL1,205.686375,True,,,Swope,
"(2265, 2405)",CRVAL2,-11.625333,,D:\Thesis\pd\CSPAll\LSQ12blp_V_comb_swo.fits,V,,,True,1,OBJECT,LSQ12blp,0.42999999999984,CRVAL1,204.022417,True,,,Swope,
"(2466, 2467)",CRVAL2,-9.692583,,D:\Thesis\pd\CSPAll\LSQ12btn_B_comb_dup.fits,B,,,True,1,OBJECT,LSQ12btn,0.23000000000000403,CRVAL1,140.379792,True,,,du Pont,
"(2463, 2463)",CRVAL2,-9.692583,,D:\Thesis\pd\CSPAll\LSQ12btn_V_comb_dup.fits,V,,,True,1,OBJECT,LSQ12btn,0.23000000000000403,CRVAL1,140.379792,True,,,du Pont,
"(2215, 2346)",CRVAL2,-9.692583,,D:\Thesis\pd\CSPAll\LSQ12btn_V_comb_swo.fits,V,,,True,1,OBJECT,LSQ12btn,0.42999999999984,CRVAL1,140.379792,True,,,Swope,
"(2463, 2465)",CRVAL2,-19.801667,,D:\Thesis\pd\CSPAll\LSQ12ca_B_comb_dup.fits,B,,,True,1,OBJECT,LSQ12ca,0.23000000000000403,CRVAL1,82.765125,True,,,du Pont,
"(2458, 2459)",CRVAL2,-19.801667,,D:\Thesis\pd\CSPAll\LSQ12ca_V_comb_dup.fits,V,,,True,1,OBJECT,LSQ12ca,0.23000000000000403,CRVAL1,82.765125,True,,,du Pont,
"(2202, 2318)",CRVAL2,-19.801667,,D:\Thesis\pd\CSPAll\LSQ12ca_V_comb_swo.fits,V,,,True,1,OBJECT,LSQ12ca,0.42999999999984,CRVAL1,82.765125,True,,,Swope,
"(2470, 2469)",CRVAL2,9.631972,,D:\Thesis\pd\CSPAll\LSQ12cda_B_comb_dup.fits,B,,,True,1,OBJECT,LSQ12cda,0.23000000000000403,CRVAL1,207.51,True,,,du Pont,
"(2467, 2465)",CRVAL2,9.631972,,D:\Thesis\pd\CSPAll\LSQ12cda_V_comb_dup.fits,V,,,True,1,OBJECT,LSQ12cda,0.23000000000000403,CRVAL1,207.51,True,,,du Pont,
"(2262, 2285)",CRVAL2,9.631972,,D:\Thesis\pd\CSPAll\LSQ12cda_V_comb_swo.fits,V,,,True,1,OBJECT,LSQ12cda,0.42999999999984,CRVAL1,207.51,True,,,Swope,
"(2468, 2469)",CRVAL2,-18.507111,,D:\Thesis\pd\CSPAll\LSQ12cdl_B_comb_dup.fits,B,,,True,1,OBJECT,LSQ12cdl,0.23000000000000403,CRVAL1,193.416042,True,,,du Pont,
"(2466, 2464)",CRVAL2,-18.507111,,D:\Thesis\pd\CSPAll\LSQ12cdl_V_comb_dup.fits,V,,,True,1,OBJECT,LSQ12cdl,0.23000000000000403,CRVAL1,193.416042,True,,,du Pont,
"(2500, 3204)",CRVAL2,-18.507111,,D:\Thesis\pd\CSPAll\LSQ12cdl_V_comb_swo.fits,V,,,True,1,OBJECT,LSQ12cdl,0.42999999999984,CRVAL1,193.416042,True,,,Swope,
"(2460, 2465)",CRVAL2,-16.300194,,D:\Thesis\pd\CSPAll\LSQ12fuk_B_comb_dup.fits,B,,,True,1,OBJECT,LSQ12fuk,0.23000000000000403,CRVAL1,74.566167,True,,,du Pont,
"(2460, 2465)",CRVAL2,-16.300194,,D:\Thesis\pd\CSPAll\LSQ12fuk_V_comb_dup.fits,V,,,True,1,OBJECT,LSQ12fuk,0.23000000000000403,CRVAL1,74.566167,True,,,du Pont,
"(2481, 2572)",CRVAL2,-38.654639,,D:\Thesis\pd\CSPAll\LSQ12fvl_B_comb_dup.fits,B,,,True,1,OBJECT,LSQ12fvl,0.23000000000000403,CRVAL1,75.210958,True,,,du Pont,
"(2474, 2564)",CRVAL2,-38.654639,,D:\Thesis\pd\CSPAll\LSQ12fvl_V_comb_dup.fits,V,,,True,1,OBJECT,LSQ12fvl,0.23000000000000403,CRVAL1,75.210958,True,,,du Pont,
"(2477, 2580)",CRVAL2,-25.607444,,D:\Thesis\pd\CSPAll\LSQ12fxd_B_comb_dup.fits,B,,,True,1,OBJECT,LSQ12fxd,0.23000000000000403,CRVAL1,80.57175,True,,,du Pont,
"(2477, 2577)",CRVAL2,-25.607444,,D:\Thesis\pd\CSPAll\LSQ12fxd_V_comb_dup.fits,V,,,True,1,OBJECT,LSQ12fxd,0.23000000000000403,CRVAL1,80.57175,True,,,du Pont,
"(2496, 2538)",CRVAL2,-25.673139,,D:\Thesis\pd\CSPAll\LSQ12gdj_B_comb_dup.fits,B,,,True,1,OBJECT,LSQ12gdj,0.23000000000000403,CRVAL1,358.688208,True,,,du Pont,
"(2496, 2534)",CRVAL2,-25.673139,,D:\Thesis\pd\CSPAll\LSQ12gdj_V_comb_dup.fits,V,,,True,1,OBJECT,LSQ12gdj,0.23000000000000403,CRVAL1,358.688208,True,,,du Pont,
"(2453, 2457)",CRVAL2,18.51125,,D:\Thesis\pd\CSPAll\LSQ12gef_B_comb_dup.fits,B,,,True,1,OBJECT,LSQ12gef,0.23000000000000403,CRVAL1,25.140583,True,,,du Pont,
"(2453, 2457)",CRVAL2,18.51125,,D:\Thesis\pd\CSPAll\LSQ12gef_V_comb_dup.fits,V,,,True,1,OBJECT,LSQ12gef,0.23000000000000403,CRVAL1,25.140583,True,,,du Pont,
"(2465, 2466)",CRVAL2,-33.465861,,D:\Thesis\pd\CSPAll\LSQ12gln_B_comb_dup.fits,B,,,True,1,OBJECT,LSQ12gln,0.23000000000000403,CRVAL1,80.748042,True,,,du Pont,
"(2465, 2466)",CRVAL2,-33.465861,,D:\Thesis\pd\CSPAll\LSQ12gln_V_comb_dup.fits,V,,,True,1,OBJECT,LSQ12gln,0.23000000000000403,CRVAL1,80.748042,True,,,du Pont,
"(2475, 2515)",CRVAL2,-11.711111,,D:\Thesis\pd\CSPAll\LSQ12gpw_B_comb_dup.fits,B,,,True,1,OBJECT,LSQ12gpw,0.23000000000000403,CRVAL1,48.24525,True,,,du Pont,
"(2474, 2511)",CRVAL2,-11.711111,,D:\Thesis\pd\CSPAll\LSQ12gpw_V_comb_dup.fits,V,,,True,1,OBJECT,LSQ12gpw,0.23000000000000403,CRVAL1,48.24525,True,,,du Pont,
"(2467, 2466)",CRVAL2,1.606472,,D:\Thesis\pd\CSPAll\LSQ12gxj_B_comb_dup.fits,B,,,True,1,OBJECT,LSQ12gxj,0.23000000000000403,CRVAL1,43.237542,True,,,du Pont,
"(2467, 2466)",CRVAL2,1.606472,,D:\Thesis\pd\CSPAll\LSQ12gxj_V_comb_dup.fits,V,,,True,1,OBJECT,LSQ12gxj,0.23000000000000403,CRVAL1,43.237542,True,,,du Pont,
"(2472, 2519)",CRVAL2,-17.929372,,D:\Thesis\pd\CSPAll\LSQ12gyc_B_comb_dup.fits,B,,,True,1,OBJECT,LSQ12gyc,0.23000000000000403,CRVAL1,41.458625,True,,,du Pont,
"(2469, 2511)",CRVAL2,-17.929372,,D:\Thesis\pd\CSPAll\LSQ12gyc_V_comb_dup.fits,V,,,True,1,OBJECT,LSQ12gyc,0.23000000000000403,CRVAL1,41.458625,True,,,du Pont,
"(2254, 2312)",CRVAL2,-17.929372,,D:\Thesis\pd\CSPAll\LSQ12gyc_V_comb_swo.fits,V,,,True,1,OBJECT,LSQ12gyc,0.42999999999984,CRVAL1,41.458625,True,,,Swope,
"(2465, 2466)",CRVAL2,-34.740278,,D:\Thesis\pd\CSPAll\LSQ12gzm_B_comb_dup.fits,B,,,True,1,OBJECT,LSQ12gzm,0.23000000000000403,CRVAL1,40.181625,True,,,du Pont,
"(2465, 2466)",CRVAL2,-34.740278,,D:\Thesis\pd\CSPAll\LSQ12gzm_V_comb_dup.fits,V,,,True,1,OBJECT,LSQ12gzm,0.23000000000000403,CRVAL1,40.181625,True,,,du Pont,
"(2196, 2210)",CRVAL2,-34.740278,,D:\Thesis\pd\CSPAll\LSQ12gzm_V_comb_swo.fits,V,,,True,1,OBJECT,LSQ12gzm,0.42999999999984,CRVAL1,40.181625,True,,,Swope,
"(2463, 2475)",CRVAL2,-16.492639,,D:\Thesis\pd\CSPAll\LSQ12hjm_B_comb_dup.fits,B,,,True,1,OBJECT,LSQ12hjm,0.23000000000000403,CRVAL1,47.618417,True,,,du Pont,
"(2463, 2475)",CRVAL2,-16.492639,,D:\Thesis\pd\CSPAll\LSQ12hjm_V_comb_dup.fits,V,,,True,1,OBJECT,LSQ12hjm,0.23000000000000403,CRVAL1,47.618417,True,,,du Pont,
"(2457, 2463)",CRVAL2,-2.669056,,D:\Thesis\pd\CSPAll\LSQ12hno_B_comb_dup.fits,B,,,True,1,OBJECT,LSQ12hno,0.23000000000000403,CRVAL1,55.680292,True,,,du Pont,
"(2457, 2463)",CRVAL2,-2.669056,,D:\Thesis\pd\CSPAll\LSQ12hno_V_comb_dup.fits,V,,,True,1,OBJECT,LSQ12hno,0.23000000000000403,CRVAL1,55.680292,True,,,du Pont,
"(2471, 2478)",CRVAL2,-8.778025,,D:\Thesis\pd\CSPAll\LSQ12hnr_B_comb_dup.fits,B,,,True,1,OBJECT,LSQ12hnr,0.23000000000000403,CRVAL1,160.811542,True,,,du Pont,
"(2464, 2477)",CRVAL2,-8.778025,,D:\Thesis\pd\CSPAll\LSQ12hnr_V_comb_dup.fits,V,,,True,1,OBJECT,LSQ12hnr,0.23000000000000403,CRVAL1,160.811542,True,,,du Pont,
"(2224, 2347)",CRVAL2,-8.778025,,D:\Thesis\pd\CSPAll\LSQ12hnr_V_comb_swo.fits,V,,,True,1,OBJECT,LSQ12hnr,0.42999999999984,CRVAL1,160.811542,True,,,Swope,
"(2430, 2431)",CRVAL2,-29.709889,,D:\Thesis\pd\CSPAll\LSQ12hvj_B_comb_dup.fits,B,,,True,1,OBJECT,LSQ12hvj,0.23000000000000403,CRVAL1,166.911042,True,,,du Pont,
"(2426, 2428)",CRVAL2,-29.709889,,D:\Thesis\pd\CSPAll\LSQ12hvj_V_comb_dup.fits,V,,,True,1,OBJECT,LSQ12hvj,0.23000000000000403,CRVAL1,166.911042,True,,,du Pont,
"(1856, 1852)",CRVAL2,-29.709889,,D:\Thesis\pd\CSPAll\LSQ12hvj_V_comb_swo.fits,V,,,True,1,OBJECT,LSQ12hvj,0.42999999999984,CRVAL1,166.911042,True,,,Swope,
"(2468, 2546)",CRVAL2,-27.005694,,D:\Thesis\pd\CSPAll\LSQ12hxx_B_comb_dup.fits,B,,,True,1,OBJECT,LSQ12hxx,0.23000000000000403,CRVAL1,49.934292,True,,,du Pont,
"(2465, 2547)",CRVAL2,-27.005694,,D:\Thesis\pd\CSPAll\LSQ12hxx_V_comb_dup.fits,V,,,True,1,OBJECT,LSQ12hxx,0.23000000000000403,CRVAL1,49.934292,True,,,du Pont,
"(2653, 2836)",CRVAL2,-9.002667,,D:\Thesis\pd\CSPAll\LSQ12hzj_B_comb_dup.fits,B,,,True,1,OBJECT,LSQ12hzj,0.23000000000000403,CRVAL1,149.80125,True,,,du Pont,
"(2650, 2834)",CRVAL2,-9.002667,,D:\Thesis\pd\CSPAll\LSQ12hzj_V_comb_dup.fits,V,,,True,1,OBJECT,LSQ12hzj,0.23000000000000403,CRVAL1,149.80125,True,,,du Pont,
"(1856, 1855)",CRVAL2,-9.002667,,D:\Thesis\pd\CSPAll\LSQ12hzj_V_comb_swo.fits,V,,,True,1,OBJECT,LSQ12hzj,0.42999999999984,CRVAL1,149.80125,True,,,Swope,
"(2479, 2562)",CRVAL2,-26.66325,,D:\Thesis\pd\CSPAll\LSQ12hzs_B_comb_dup.fits,B,,,True,1,OBJECT,LSQ12hzs,0.23000000000000403,CRVAL1,60.470458,True,,,du Pont,
"(2473, 2561)",CRVAL2,-26.66325,,D:\Thesis\pd\CSPAll\LSQ12hzs_V_comb_dup.fits,V,,,True,1,OBJECT,LSQ12hzs,0.23000000000000403,CRVAL1,60.470458,True,,,du Pont,
"(1887, 1861)",CRVAL2,-17.153806,,D:\Thesis\pd\CSPAll\LSQ13abo_V_comb_swo.fits,V,,,True,1,OBJECT,LSQ13abo,0.42999999999984,CRVAL1,224.838458,True,,,Swope,
"(1961, 1863)",CRVAL2,-17.966778,,D:\Thesis\pd\CSPAll\LSQ13aiz_V_comb_swo.fits,V,,,True,1,OBJECT,LSQ13aiz,0.42999999999984,CRVAL1,198.803333,True,,,Swope,
"(2653, 2570)",CRVAL2,-2.657667,,D:\Thesis\pd\CSPAll\LSQ13cwp_B_comb_dup.fits,B,,,True,1,OBJECT,LSQ13cwp,0.23000000000000403,CRVAL1,60.959417,True,,,du Pont,
"(2648, 2567)",CRVAL2,-2.657667,,D:\Thesis\pd\CSPAll\LSQ13cwp_V_comb_dup.fits,V,,,True,1,OBJECT,LSQ13cwp,0.23000000000000403,CRVAL1,60.959417,True,,,du Pont,
"(2467, 2470)",CRVAL2,-34.634858,,D:\Thesis\pd\CSPAll\LSQ13dby_B_comb_dup.fits,B,,,True,1,OBJECT,LSQ13dby,0.23000000000000403,CRVAL1,51.6785,True,,,du Pont,
"(2467, 2467)",CRVAL2,-34.634858,,D:\Thesis\pd\CSPAll\LSQ13dby_V_comb_dup.fits,V,,,True,1,OBJECT,LSQ13dby,0.23000000000000403,CRVAL1,51.6785,True,,,du Pont,
"(2195, 2231)",CRVAL2,-19.99875,,D:\Thesis\pd\CSPAll\LSQ13dcy_V_comb_swo.fits,V,,,True,1,OBJECT,LSQ13dcy,0.42999999999984,CRVAL1,73.8195,True,,,Swope,
"(2468, 2476)",CRVAL2,-37.338639,,D:\Thesis\pd\CSPAll\LSQ13dhj_B_comb_dup.fits,B,,,True,1,OBJECT,LSQ13dhj,0.23000000000000403,CRVAL1,33.144208,True,,,du Pont,
"(2468, 2475)",CRVAL2,-37.338639,,D:\Thesis\pd\CSPAll\LSQ13dhj_V_comb_dup.fits,V,,,True,1,OBJECT,LSQ13dhj,0.23000000000000403,CRVAL1,33.144208,True,,,du Pont,
"(2194, 2213)",CRVAL2,-37.338639,,D:\Thesis\pd\CSPAll\LSQ13dhj_V_comb_swo.fits,V,,,True,1,OBJECT,LSQ13dhj,0.42999999999984,CRVAL1,33.144208,True,,,Swope,
"(2432, 2434)",CRVAL2,-36.633778,,D:\Thesis\pd\CSPAll\LSQ13dkp_B_comb_dup.fits,B,,,True,1,OBJECT,LSQ13dkp,0.23000000000000403,CRVAL1,47.545542,True,,,du Pont,
"(2428, 2428)",CRVAL2,-36.633778,,D:\Thesis\pd\CSPAll\LSQ13dkp_V_comb_dup.fits,V,,,True,1,OBJECT,LSQ13dkp,0.23000000000000403,CRVAL1,47.545542,True,,,du Pont,
"(2433, 2437)",CRVAL2,-17.115083,,D:\Thesis\pd\CSPAll\LSQ13dpm_B_comb_dup.fits,B,,,True,1,OBJECT,LSQ13dpm,0.23000000000000403,CRVAL1,157.285917,True,,,du Pont,
"(2431, 2431)",CRVAL2,-17.115083,,D:\Thesis\pd\CSPAll\LSQ13dpm_V_comb_dup.fits,V,,,True,1,OBJECT,LSQ13dpm,0.23000000000000403,CRVAL1,157.285917,True,,,du Pont,
"(2201, 2206)",CRVAL2,-17.115083,,D:\Thesis\pd\CSPAll\LSQ13dpm_V_comb_swo.fits,V,,,True,1,OBJECT,LSQ13dpm,0.42999999999984,CRVAL1,157.285917,True,,,Swope,
"(2429, 2434)",CRVAL2,-2.890067,,D:\Thesis\pd\CSPAll\LSQ13dqh_B_comb_dup.fits,B,,,True,1,OBJECT,LSQ13dqh,0.23000000000000403,CRVAL1,65.524583,True,,,du Pont,
"(2428, 2427)",CRVAL2,-2.890067,,D:\Thesis\pd\CSPAll\LSQ13dqh_V_comb_dup.fits,V,,,True,1,OBJECT,LSQ13dqh,0.23000000000000403,CRVAL1,65.524583,True,,,du Pont,
"(2463, 2461)",CRVAL2,-26.208361,,D:\Thesis\pd\CSPAll\LSQ13dsm_B_comb_dup.fits,B,,,True,1,OBJECT,LSQ13dsm,0.23000000000000403,CRVAL1,53.302292,True,,,du Pont,
"(2457, 2457)",CRVAL2,-26.208361,,D:\Thesis\pd\CSPAll\LSQ13dsm_V_comb_dup.fits,V,,,True,1,OBJECT,LSQ13dsm,0.23000000000000403,CRVAL1,53.302292,True,,,du Pont,
"(2265, 2284)",CRVAL2,-11.642333,,D:\Thesis\pd\CSPAll\LSQ13pf_V_comb_swo.fits,V,,,True,1,OBJECT,LSQ13pf,0.42999999999984,CRVAL1,207.059083,True,,,Swope,
"(1855, 1858)",CRVAL2,4.195972,,D:\Thesis\pd\CSPAll\LSQ13ry_V_comb_swo.fits,V,,,True,1,OBJECT,LSQ13ry,0.42999999999984,CRVAL1,158.199333,True,,,Swope,
"(1859, 1863)",CRVAL2,3.001278,,D:\Thesis\pd\CSPAll\LSQ13vy_V_comb_swo.fits,V,,,True,1,OBJECT,LSQ13vy,0.42999999999984,CRVAL1,241.731792,True,,,Swope,
"(2477, 2472)",CRVAL2,-10.444306,,D:\Thesis\pd\CSPAll\LSQ14act_B_comb_dup.fits,B,,,True,1,OBJECT,LSQ14act,0.23000000000000403,CRVAL1,239.934542,True,,,du Pont,
"(2470, 2473)",CRVAL2,-10.444306,,D:\Thesis\pd\CSPAll\LSQ14act_V_comb_dup.fits,V,,,True,1,OBJECT,LSQ14act,0.23000000000000403,CRVAL1,239.934542,True,,,du Pont,
"(2489, 2467)",CRVAL2,-13.441389,,D:\Thesis\pd\CSPAll\LSQ14age_B_comb_dup.fits,B,,,True,1,OBJECT,LSQ14age,0.23000000000000403,CRVAL1,201.03575,True,,,du Pont,
"(2483, 2466)",CRVAL2,-13.441389,,D:\Thesis\pd\CSPAll\LSQ14age_V_comb_dup.fits,V,,,True,1,OBJECT,LSQ14age,0.23000000000000403,CRVAL1,201.03575,True,,,du Pont,
"(2476, 2470)",CRVAL2,-32.910583,,D:\Thesis\pd\CSPAll\LSQ14ahc_B_comb_dup.fits,B,,,True,1,OBJECT,LSQ14ahc,0.23000000000000403,CRVAL1,205.948458,True,,,du Pont,
"(2464, 2466)",CRVAL2,-32.910583,,D:\Thesis\pd\CSPAll\LSQ14ahc_V_comb_dup.fits,V,,,True,1,OBJECT,LSQ14ahc,0.23000000000000403,CRVAL1,205.948458,True,,,du Pont,
"(2756, 2507)",CRVAL2,-12.398611,,D:\Thesis\pd\CSPAll\LSQ14ahm_B_comb_dup.fits,B,,,True,1,OBJECT,LSQ14ahm,0.23000000000000403,CRVAL1,175.344375,True,,,du Pont,
"(2757, 2499)",CRVAL2,-12.398611,,D:\Thesis\pd\CSPAll\LSQ14ahm_V_comb_dup.fits,V,,,True,1,OBJECT,LSQ14ahm,0.23000000000000403,CRVAL1,175.344375,True,,,du Pont,
"(2469, 2461)",CRVAL2,11.923667,,D:\Thesis\pd\CSPAll\LSQ14ajn_B_comb_dup.fits,B,,,True,1,OBJECT,LSQ14ajn,0.23000000000000403,CRVAL1,178.877042,True,,,du Pont,
"(2466, 2457)",CRVAL2,11.923667,,D:\Thesis\pd\CSPAll\LSQ14ajn_V_comb_dup.fits,V,,,True,1,OBJECT,LSQ14ajn,0.23000000000000403,CRVAL1,178.877042,True,,,du Pont,
"(2190, 2199)",CRVAL2,11.923667,,D:\Thesis\pd\CSPAll\LSQ14ajn_V_comb_swo.fits,V,,,True,1,OBJECT,LSQ14ajn,0.42999999999984,CRVAL1,178.877042,True,,,Swope,
"(2461, 2460)",CRVAL2,-21.466556,,D:\Thesis\pd\CSPAll\LSQ14asu_B_comb_dup.fits,B,,,True,1,OBJECT,LSQ14asu,0.23000000000000403,CRVAL1,167.9015,True,,,du Pont,
"(2461, 2460)",CRVAL2,-21.466556,,D:\Thesis\pd\CSPAll\LSQ14asu_V_comb_dup.fits,V,,,True,1,OBJECT,LSQ14asu,0.23000000000000403,CRVAL1,167.9015,True,,,du Pont,
"(2195, 2208)",CRVAL2,-21.466556,,D:\Thesis\pd\CSPAll\LSQ14asu_V_comb_swo.fits,V,,,True,1,OBJECT,LSQ14asu,0.42999999999984,CRVAL1,167.9015,True,,,Swope,
"(2472, 2464)",CRVAL2,-4.054194,,D:\Thesis\pd\CSPAll\LSQ14auy_B_comb_dup.fits,B,,,True,1,OBJECT,LSQ14auy,0.23000000000000403,CRVAL1,217.048917,True,,,du Pont,
"(2466, 2462)",CRVAL2,-4.054194,,D:\Thesis\pd\CSPAll\LSQ14auy_V_comb_dup.fits,V,,,True,1,OBJECT,LSQ14auy,0.23000000000000403,CRVAL1,217.048917,True,,,du Pont,
"(2495, 2502)",CRVAL2,12.072361,,D:\Thesis\pd\CSPAll\LSQ14azy_B_comb_dup.fits,B,,,True,1,OBJECT,LSQ14azy,0.23000000000000403,CRVAL1,168.145375,True,,,du Pont,
"(2488, 2504)",CRVAL2,12.072361,,D:\Thesis\pd\CSPAll\LSQ14azy_V_comb_dup.fits,V,,,True,1,OBJECT,LSQ14azy,0.23000000000000403,CRVAL1,168.145375,True,,,du Pont,
"(2477, 2484)",CRVAL2,-15.618417,,D:\Thesis\pd\CSPAll\LSQ14ba_B_comb_dup.fits,B,,,True,1,OBJECT,LSQ14ba,0.23000000000000403,CRVAL1,165.346542,True,,,du Pont,
"(2474, 2483)",CRVAL2,-15.618417,,D:\Thesis\pd\CSPAll\LSQ14ba_V_comb_dup.fits,V,,,True,1,OBJECT,LSQ14ba,0.23000000000000403,CRVAL1,165.346542,True,,,du Pont,
"(2476, 2468)",CRVAL2,-56.992361,,D:\Thesis\pd\CSPAll\LSQ14bbv_B_comb_dup.fits,B,,,True,1,OBJECT,LSQ14bbv,0.23000000000000403,CRVAL1,299.884583,True,,,du Pont,
"(2474, 2465)",CRVAL2,-56.992361,,D:\Thesis\pd\CSPAll\LSQ14bbv_V_comb_dup.fits,V,,,True,1,OBJECT,LSQ14bbv,0.23000000000000403,CRVAL1,299.884583,True,,,du Pont,
"(2599, 2523)",CRVAL2,-5.250833,,D:\Thesis\pd\CSPAll\LSQ14bjj_B_comb_dup.fits,B,,,True,1,OBJECT,LSQ14bjj,0.23000000000000403,CRVAL1,215.204667,True,,,du Pont,
"(2593, 2526)",CRVAL2,-5.250833,,D:\Thesis\pd\CSPAll\LSQ14bjj_V_comb_dup.fits,V,,,True,1,OBJECT,LSQ14bjj,0.23000000000000403,CRVAL1,215.204667,True,,,du Pont,
"(2432, 2432)",CRVAL2,-51.210583,,D:\Thesis\pd\CSPAll\LSQ14fms_B_comb_dup.fits,B,,,True,1,OBJECT,LSQ14fms,0.23000000000000403,CRVAL1,3.747042,True,,,du Pont,
"(2427, 2428)",CRVAL2,-51.210583,,D:\Thesis\pd\CSPAll\LSQ14fms_V_comb_dup.fits,V,,,True,1,OBJECT,LSQ14fms,0.23000000000000403,CRVAL1,3.747042,True,,,du Pont,
"(2426, 2425)",CRVAL2,-32.807556,,D:\Thesis\pd\CSPAll\LSQ14foj_B_comb_dup.fits,B,,,True,1,OBJECT,LSQ14foj,0.23000000000000403,CRVAL1,6.644792,True,,,du Pont,
"(2426, 2425)",CRVAL2,-32.807556,,D:\Thesis\pd\CSPAll\LSQ14foj_V_comb_dup.fits,V,,,True,1,OBJECT,LSQ14foj,0.23000000000000403,CRVAL1,6.644792,True,,,du Pont,
"(2342, 2246)",CRVAL2,-30.271972,,D:\Thesis\pd\CSPAll\LSQ14fom_V_comb_swo.fits,V,,,True,1,OBJECT,LSQ14fom,0.42999999999984,CRVAL1,329.956708,True,,,Swope,
"(2433, 2431)",CRVAL2,-36.310833,,D:\Thesis\pd\CSPAll\LSQ14gfb_B_comb_dup.fits,B,,,True,1,OBJECT,LSQ14gfb,0.23000000000000403,CRVAL1,77.523458,True,,,du Pont,
"(2427, 2428)",CRVAL2,-36.310833,,D:\Thesis\pd\CSPAll\LSQ14gfb_V_comb_dup.fits,V,,,True,1,OBJECT,LSQ14gfb,0.23000000000000403,CRVAL1,77.523458,True,,,du Pont,
"(2250, 2266)",CRVAL2,-36.310833,,D:\Thesis\pd\CSPAll\LSQ14gfb_V_comb_swo.fits,V,,,True,1,OBJECT,LSQ14gfb,0.42999999999984,CRVAL1,77.523458,True,,,Swope,
"(2433, 2428)",CRVAL2,-4.203194,,D:\Thesis\pd\CSPAll\LSQ14gfn_B_comb_dup.fits,B,,,True,1,OBJECT,LSQ14gfn,0.23000000000000403,CRVAL1,52.133583,True,,,du Pont,
"(2424, 2424)",CRVAL2,-4.203194,,D:\Thesis\pd\CSPAll\LSQ14gfn_V_comb_dup.fits,V,,,True,1,OBJECT,LSQ14gfn,0.23000000000000403,CRVAL1,52.133583,True,,,du Pont,
"(2192, 2202)",CRVAL2,-4.203194,,D:\Thesis\pd\CSPAll\LSQ14gfn_V_comb_swo.fits,V,,,True,1,OBJECT,LSQ14gfn,0.42999999999984,CRVAL1,52.133583,True,,,Swope,
"(2433, 2432)",CRVAL2,-31.586194,,D:\Thesis\pd\CSPAll\LSQ14ghv_B_comb_dup.fits,B,,,True,1,OBJECT,LSQ14ghv,0.23000000000000403,CRVAL1,50.935458,True,,,du Pont,
"(2426, 2430)",CRVAL2,-31.586194,,D:\Thesis\pd\CSPAll\LSQ14ghv_V_comb_dup.fits,V,,,True,1,OBJECT,LSQ14ghv,0.23000000000000403,CRVAL1,50.935458,True,,,du Pont,
"(2338, 2231)",CRVAL2,-31.586194,,D:\Thesis\pd\CSPAll\LSQ14ghv_V_comb_swo.fits,V,,,True,1,OBJECT,LSQ14ghv,0.42999999999984,CRVAL1,50.935458,True,,,Swope,
"(2438, 2430)",CRVAL2,-16.027472,,D:\Thesis\pd\CSPAll\LSQ14gov_B_comb_dup.fits,B,,,True,1,OBJECT,LSQ14gov,0.23000000000000403,CRVAL1,61.506375,True,,,du Pont,
"(2434, 2427)",CRVAL2,-16.027472,,D:\Thesis\pd\CSPAll\LSQ14gov_V_comb_dup.fits,V,,,True,1,OBJECT,LSQ14gov,0.23000000000000403,CRVAL1,61.506375,True,,,du Pont,
"(2737, 2494)",CRVAL2,-32.944547,,D:\Thesis\pd\CSPAll\LSQ14ie_B_comb_dup.fits,B,,,True,1,OBJECT,LSQ14ie,0.23000000000000403,CRVAL1,193.889417,True,,,du Pont,
"(2736, 2494)",CRVAL2,-32.944547,,D:\Thesis\pd\CSPAll\LSQ14ie_V_comb_dup.fits,V,,,True,1,OBJECT,LSQ14ie,0.23000000000000403,CRVAL1,193.889417,True,,,du Pont,
"(2469, 2469)",CRVAL2,4.592111,,D:\Thesis\pd\CSPAll\LSQ14ip_B_comb_dup.fits,B,,,True,1,OBJECT,LSQ14ip,0.23000000000000403,CRVAL1,146.086792,True,,,du Pont,
"(2465, 2465)",CRVAL2,4.592111,,D:\Thesis\pd\CSPAll\LSQ14ip_V_comb_dup.fits,V,,,True,1,OBJECT,LSQ14ip,0.23000000000000403,CRVAL1,146.086792,True,,,du Pont,
"(2497, 2471)",CRVAL2,-15.794778,,D:\Thesis\pd\CSPAll\LSQ14jp_B_comb_dup.fits,B,,,True,1,OBJECT,LSQ14jp,0.23000000000000403,CRVAL1,194.340333,True,,,du Pont,
"(2491, 2473)",CRVAL2,-15.794778,,D:\Thesis\pd\CSPAll\LSQ14jp_V_comb_dup.fits,V,,,True,1,OBJECT,LSQ14jp,0.23000000000000403,CRVAL1,194.340333,True,,,du Pont,
"(2467, 2460)",CRVAL2,17.059861,,D:\Thesis\pd\CSPAll\LSQ14mc_B_comb_dup.fits,B,,,True,1,OBJECT,LSQ14mc,0.23000000000000403,CRVAL1,135.555667,True,,,du Pont,
"(2458, 2459)",CRVAL2,17.059861,,D:\Thesis\pd\CSPAll\LSQ14mc_V_comb_dup.fits,V,,,True,1,OBJECT,LSQ14mc,0.23000000000000403,CRVAL1,135.555667,True,,,du Pont,
"(2468, 2462)",CRVAL2,17.328528,,D:\Thesis\pd\CSPAll\LSQ14q_B_comb_dup.fits,B,,,True,1,OBJECT,LSQ14q,0.23000000000000403,CRVAL1,133.488333,True,,,du Pont,
"(2462, 2458)",CRVAL2,17.328528,,D:\Thesis\pd\CSPAll\LSQ14q_V_comb_dup.fits,V,,,True,1,OBJECT,LSQ14q,0.23000000000000403,CRVAL1,133.488333,True,,,du Pont,
"(2619, 2527)",CRVAL2,6.675722,,D:\Thesis\pd\CSPAll\LSQ14wp_B_comb_dup.fits,B,,,True,1,OBJECT,LSQ14wp,0.23000000000000403,CRVAL1,153.524333,True,,,du Pont,
"(2619, 2529)",CRVAL2,6.675722,,D:\Thesis\pd\CSPAll\LSQ14wp_V_comb_dup.fits,V,,,True,1,OBJECT,LSQ14wp,0.23000000000000403,CRVAL1,153.524333,True,,,du Pont,
"(2191, 2200)",CRVAL2,6.675722,,D:\Thesis\pd\CSPAll\LSQ14wp_V_comb_swo.fits,V,,,True,1,OBJECT,LSQ14wp,0.42999999999984,CRVAL1,153.524333,True,,,Swope,
"(2464, 2460)",CRVAL2,-13.773278,,D:\Thesis\pd\CSPAll\LSQ14xi_B_comb_dup.fits,B,,,True,1,OBJECT,LSQ14xi,0.23000000000000403,CRVAL1,187.670333,True,,,du Pont,
"(2464, 2460)",CRVAL2,-13.773278,,D:\Thesis\pd\CSPAll\LSQ14xi_V_comb_dup.fits,V,,,True,1,OBJECT,LSQ14xi,0.23000000000000403,CRVAL1,187.670333,True,,,du Pont,
"(2470, 2468)",CRVAL2,5.930944,,D:\Thesis\pd\CSPAll\LSQ15aae_B_comb_dup.fits,B,,,True,1,OBJECT,LSQ15aae,0.23000000000000403,CRVAL1,247.562833,True,,,du Pont,
"(2467, 2459)",CRVAL2,5.930944,,D:\Thesis\pd\CSPAll\LSQ15aae_V_comb_dup.fits,V,,,True,1,OBJECT,LSQ15aae,0.23000000000000403,CRVAL1,247.562833,True,,,du Pont,
"(2659, 2663)",CRVAL2,23.597611,,D:\Thesis\pd\CSPAll\LSQ15agh_B_comb_dup.fits,B,,,True,1,OBJECT,LSQ15agh,0.23000000000000403,CRVAL1,163.226375,True,,,du Pont,
"(2652, 2658)",CRVAL2,23.597611,,D:\Thesis\pd\CSPAll\LSQ15agh_V_comb_dup.fits,V,,,True,1,OBJECT,LSQ15agh,0.23000000000000403,CRVAL1,163.226375,True,,,du Pont,
"(2471, 2439)",CRVAL2,12.461569,,D:\Thesis\pd\CSPAll\LSQ15aja_B_comb_dup.fits,B,,,True,1,OBJECT,LSQ15aja,0.23000000000000403,CRVAL1,255.787167,True,,,du Pont,
"(2472, 2435)",CRVAL2,12.461569,,D:\Thesis\pd\CSPAll\LSQ15aja_V_comb_dup.fits,V,,,True,1,OBJECT,LSQ15aja,0.23000000000000403,CRVAL1,255.787167,True,,,du Pont,
"(2198, 2205)",CRVAL2,12.461569,,D:\Thesis\pd\CSPAll\LSQ15aja_V_comb_swo.fits,V,,,True,1,OBJECT,LSQ15aja,0.42999999999984,CRVAL1,255.787167,True,,,Swope,
"(2465, 2465)",CRVAL2,-25.868222,,D:\Thesis\pd\CSPAll\LSQ15alq_B_comb_dup.fits,B,,,True,1,OBJECT,LSQ15alq,0.23000000000000403,CRVAL1,197.32825,True,,,du Pont,
"(2462, 2460)",CRVAL2,-25.868222,,D:\Thesis\pd\CSPAll\LSQ15alq_V_comb_dup.fits,V,,,True,1,OBJECT,LSQ15alq,0.23000000000000403,CRVAL1,197.32825,True,,,du Pont,
"(2234, 2272)",CRVAL2,-25.868222,,D:\Thesis\pd\CSPAll\LSQ15alq_V_comb_swo.fits,V,,,True,1,OBJECT,LSQ15alq,0.42999999999984,CRVAL1,197.32825,True,,,Swope,
"(2617, 2498)",CRVAL2,-16.818667,,D:\Thesis\pd\CSPAll\LSQ15bv_B_comb_dup.fits,B,,,True,1,OBJECT,LSQ15bv,0.23000000000000403,CRVAL1,164.946583,True,,,du Pont,
"(2613, 2494)",CRVAL2,-16.818667,,D:\Thesis\pd\CSPAll\LSQ15bv_V_comb_dup.fits,V,,,True,1,OBJECT,LSQ15bv,0.23000000000000403,CRVAL1,164.946583,True,,,du Pont,
"(2190, 2197)",CRVAL2,-16.818667,,D:\Thesis\pd\CSPAll\LSQ15bv_V_comb_swo.fits,V,,,True,1,OBJECT,LSQ15bv,0.42999999999984,CRVAL1,164.946583,True,,,Swope,
"(2182, 2190)",CRVAL2,2.400917,,D:\Thesis\pd\CSPAll\PS1-14xw_V_comb_swo.fits,V,,,True,1,OBJECT,PS1-14xw,0.42999999999984,CRVAL1,253.245292,True,,,Swope,
"(2617, 2615)",CRVAL2,1.592278,,D:\Thesis\pd\CSPAll\PS15sv_B_comb_dup.fits,B,,,True,1,OBJECT,PS15sv,0.23000000000000403,CRVAL1,243.298708,True,,,du Pont,
"(2646, 2565)",CRVAL2,1.592278,,D:\Thesis\pd\CSPAll\PS15sv_V_comb_dup.fits,V,,,True,1,OBJECT,PS15sv,0.23000000000000403,CRVAL1,243.298708,True,,,du Pont,
"(2314, 2269)",CRVAL2,1.592278,,D:\Thesis\pd\CSPAll\PS15sv_V_comb_swo.fits,V,,,True,1,OBJECT,PS15sv,0.42999999999984,CRVAL1,243.298708,True,,,Swope,
"(2467, 2471)",CRVAL2,8.779028,,D:\Thesis\pd\CSPAll\PTF11pbp_B_comb_dup.fits,B,,,True,1,OBJECT,PTF11pbp,0.23000000000000403,CRVAL1,351.986333,True,,,du Pont,
"(2469, 2469)",CRVAL2,8.779028,,D:\Thesis\pd\CSPAll\PTF11pbp_V_comb_dup.fits,V,,,True,1,OBJECT,PTF11pbp,0.23000000000000403,CRVAL1,351.986333,True,,,du Pont,
"(2180, 2178)",CRVAL2,8.779028,,D:\Thesis\pd\CSPAll\PTF11pbp_V_comb_swo.fits,V,,,True,1,OBJECT,PTF11pbp,0.42999999999984,CRVAL1,351.986333,True,,,Swope,
"(2572, 2665)",CRVAL2,26.934694,,D:\Thesis\pd\CSPAll\PTF11ppn_B_comb_dup.fits,B,,,True,1,OBJECT,PTF11ppn,0.23000000000000403,CRVAL1,323.840292,True,,,du Pont,
"(2571, 2660)",CRVAL2,26.934694,,D:\Thesis\pd\CSPAll\PTF11ppn_V_comb_dup.fits,V,,,True,1,OBJECT,PTF11ppn,0.23000000000000403,CRVAL1,323.840292,True,,,du Pont,
"(1295, 1282)",CRVAL2,26.934694,,D:\Thesis\pd\CSPAll\PTF11ppn_V_comb_swo.fits,V,,,True,1,OBJECT,PTF11ppn,0.42999999999984,CRVAL1,323.840292,True,,,Swope,
"(2551, 2724)",CRVAL2,-6.639083,,D:\Thesis\pd\CSPAll\PTF11pra_B_comb_dup.fits,B,,,True,1,OBJECT,PTF11pra,0.23000000000000403,CRVAL1,34.688625,True,,,du Pont,
"(2550, 2717)",CRVAL2,-6.639083,,D:\Thesis\pd\CSPAll\PTF11pra_V_comb_dup.fits,V,,,True,1,OBJECT,PTF11pra,0.23000000000000403,CRVAL1,34.688625,True,,,du Pont,
"(1292, 1293)",CRVAL2,-6.639083,,D:\Thesis\pd\CSPAll\PTF11pra_V_comb_swo.fits,V,,,True,1,OBJECT,PTF11pra,0.42999999999984,CRVAL1,34.688625,True,,,Swope,
"(2659, 2604)",CRVAL2,15.575778,,D:\Thesis\pd\CSPAll\PTF13anh_B_comb_dup.fits,B,,,True,1,OBJECT,PTF13anh,0.23000000000000403,CRVAL1,196.710167,True,,,du Pont,
"(2653, 2602)",CRVAL2,15.575778,,D:\Thesis\pd\CSPAll\PTF13anh_V_comb_dup.fits,V,,,True,1,OBJECT,PTF13anh,0.23000000000000403,CRVAL1,196.710167,True,,,du Pont,
"(2497, 2509)",CRVAL2,13.574917,,D:\Thesis\pd\CSPAll\PTF13duj_B_comb_dup.fits,B,,,True,1,OBJECT,PTF13duj,0.23000000000000403,CRVAL1,318.441083,True,,,du Pont,
"(2498, 2513)",CRVAL2,13.574917,,D:\Thesis\pd\CSPAll\PTF13duj_V_comb_dup.fits,V,,,True,1,OBJECT,PTF13duj,0.23000000000000403,CRVAL1,318.441083,True,,,du Pont,
"(2189, 2211)",CRVAL2,13.574917,,D:\Thesis\pd\CSPAll\PTF13duj_V_comb_swo.fits,V,,,True,1,OBJECT,PTF13duj,0.42999999999984,CRVAL1,318.441083,True,,,Swope,
"(2470, 2474)",CRVAL2,12.014667,,D:\Thesis\pd\CSPAll\PTF13dwl_B_comb_dup.fits,B,,,True,1,OBJECT,PTF13dwl,0.23000000000000403,CRVAL1,319.204042,True,,,du Pont,
"(2473, 2474)",CRVAL2,12.014667,,D:\Thesis\pd\CSPAll\PTF13dwl_V_comb_dup.fits,V,,,True,1,OBJECT,PTF13dwl,0.23000000000000403,CRVAL1,319.204042,True,,,du Pont,
"(2470, 2473)",CRVAL2,14.651,,D:\Thesis\pd\CSPAll\PTF13dym_B_comb_dup.fits,B,,,True,1,OBJECT,PTF13dym,0.23000000000000403,CRVAL1,351.125875,True,,,du Pont,
"(2976, 2523)",CRVAL2,14.651,,D:\Thesis\pd\CSPAll\PTF13dym_V_comb_dup.fits,V,,,True,1,OBJECT,PTF13dym,0.23000000000000403,CRVAL1,351.125875,True,,,du Pont,
"(2431, 2427)",CRVAL2,33.266056,,D:\Thesis\pd\CSPAll\PTF13ebh_B_comb_dup.fits,B,,,True,1,OBJECT,PTF13ebh,0.23000000000000403,CRVAL1,35.504208,True,,,du Pont,
"(2431, 2429)",CRVAL2,33.266056,,D:\Thesis\pd\CSPAll\PTF13ebh_V_comb_dup.fits,V,,,True,1,OBJECT,PTF13ebh,0.23000000000000403,CRVAL1,35.504208,True,,,du Pont,
"(2197, 2200)",CRVAL2,33.266056,,D:\Thesis\pd\CSPAll\PTF13ebh_V_comb_swo.fits,V,,,True,1,OBJECT,PTF13ebh,0.42999999999984,CRVAL1,35.504208,True,,,Swope,
"(2542, 2448)",CRVAL2,16.1771,,D:\Thesis\pd\CSPAll\PTF13efe_B_comb_dup.fits,B,,,True,1,OBJECT,PTF13efe,0.23000000000000403,CRVAL1,130.913583,True,,,du Pont,
"(2538, 2443)",CRVAL2,16.1771,,D:\Thesis\pd\CSPAll\PTF13efe_V_comb_dup.fits,V,,,True,1,OBJECT,PTF13efe,0.23000000000000403,CRVAL1,130.913583,True,,,du Pont,
"(2205, 2213)",CRVAL2,16.1771,,D:\Thesis\pd\CSPAll\PTF13efe_V_comb_swo.fits,V,,,True,1,OBJECT,PTF13efe,0.42999999999984,CRVAL1,130.913583,True,,,Swope,
"(2486, 2517)",CRVAL2,19.787944,,D:\Thesis\pd\CSPAll\PTF13ez_B_comb_dup.fits,B,,,True,1,OBJECT,PTF13ez,0.23000000000000403,CRVAL1,182.463583,True,,,du Pont,
"(2484, 2508)",CRVAL2,19.787944,,D:\Thesis\pd\CSPAll\PTF13ez_V_comb_dup.fits,V,,,True,1,OBJECT,PTF13ez,0.23000000000000403,CRVAL1,182.463583,True,,,du Pont,
"(2867, 2515)",CRVAL2,-1.811167,,D:\Thesis\pd\CSPAll\PTF14aje_B_comb_dup.fits,B,,,True,1,OBJECT,PTF14aje,0.23000000000000403,CRVAL1,231.301792,True,,,du Pont,
"(2862, 2511)",CRVAL2,-1.811167,,D:\Thesis\pd\CSPAll\PTF14aje_V_comb_dup.fits,V,,,True,1,OBJECT,PTF14aje,0.23000000000000403,CRVAL1,231.301792,True,,,du Pont,
"(2666, 2463)",CRVAL2,7.161125,,D:\Thesis\pd\CSPAll\PTF14fpg_B_comb_dup.fits,B,,,True,1,OBJECT,PTF14fpg,0.23000000000000403,CRVAL1,7.050375,True,,,du Pont,
"(2659, 2464)",CRVAL2,7.161125,,D:\Thesis\pd\CSPAll\PTF14fpg_V_comb_dup.fits,V,,,True,1,OBJECT,PTF14fpg,0.23000000000000403,CRVAL1,7.050375,True,,,du Pont,
"(2194, 2206)",CRVAL2,7.161125,,D:\Thesis\pd\CSPAll\PTF14fpg_V_comb_swo.fits,V,,,True,1,OBJECT,PTF14fpg,0.42999999999984,CRVAL1,7.050375,True,,,Swope,
"(2428, 2428)",CRVAL2,-3.85575,,D:\Thesis\pd\CSPAll\PTF14gnl_B_comb_dup.fits,B,,,True,1,OBJECT,PTF14gnl,0.23000000000000403,CRVAL1,5.951292,True,,,du Pont,
"(2422, 2425)",CRVAL2,-3.85575,,D:\Thesis\pd\CSPAll\PTF14gnl_V_comb_dup.fits,V,,,True,1,OBJECT,PTF14gnl,0.23000000000000403,CRVAL1,5.951292,True,,,du Pont,
"(2479, 2510)",CRVAL2,9.712222,,D:\Thesis\pd\CSPAll\PTF14uo_B_comb_dup.fits,B,,,True,1,OBJECT,PTF14uo,0.23000000000000403,CRVAL1,199.739042,True,,,du Pont,
"(2470, 2507)",CRVAL2,9.712222,,D:\Thesis\pd\CSPAll\PTF14uo_V_comb_dup.fits,V,,,True,1,OBJECT,PTF14uo,0.23000000000000403,CRVAL1,199.739042,True,,,du Pont,
"(2466, 2462)",CRVAL2,2.046917,,D:\Thesis\pd\CSPAll\PTF14w_B_comb_dup.fits,B,,,True,1,OBJECT,PTF14w,0.23000000000000403,CRVAL1,180.90675,True,,,du Pont,
"(2466, 2462)",CRVAL2,2.046917,,D:\Thesis\pd\CSPAll\PTF14w_V_comb_dup.fits,V,,,True,1,OBJECT,PTF14w,0.23000000000000403,CRVAL1,180.90675,True,,,du Pont,
"(1851, 1860)",CRVAL2,2.046917,,D:\Thesis\pd\CSPAll\PTF14w_V_comb_swo.fits,V,,,True,1,OBJECT,PTF14w,0.42999999999984,CRVAL1,180.90675,True,,,Swope,
"(2469, 2464)",CRVAL2,9.979778,,D:\Thesis\pd\CSPAll\PTF14yy_B_comb_dup.fits,B,,,True,1,OBJECT,PTF14yy,0.23000000000000403,CRVAL1,186.536667,True,,,du Pont,
"(2462, 2462)",CRVAL2,9.979778,,D:\Thesis\pd\CSPAll\PTF14yy_V_comb_dup.fits,V,,,True,1,OBJECT,PTF14yy,0.23000000000000403,CRVAL1,186.536667,True,,,du Pont,
"(2438, 2432)",CRVAL2,-0.100629,,D:\Thesis\pd\CSPAll\SN04dt_B_comb_dup.fits,B,,,True,1,OBJECT,SN2004dt,0.23000000000000403,CRVAL1,30.551407,True,,,du Pont,
"(2435, 2428)",CRVAL2,-0.100629,,D:\Thesis\pd\CSPAll\SN04dt_V_comb_dup.fits,V,,,True,1,OBJECT,SN2004dt,0.23000000000000403,CRVAL1,30.551407,True,,,du Pont,
"(2467, 2642)",CRVAL2,19.996972,,D:\Thesis\pd\CSPAll\SN04ef_B_comb_dup.fits,B,,,True,1,OBJECT,SN2004ef,0.23000000000000403,CRVAL1,340.543792,True,,,du Pont,
"(2469, 2726)",CRVAL2,19.996972,,D:\Thesis\pd\CSPAll\SN04ef_V_comb_dup.fits,V,,,True,1,OBJECT,SN2004ef,0.23000000000000403,CRVAL1,340.543792,True,,,du Pont,
"(2459, 2449)",CRVAL2,9.926417,,D:\Thesis\pd\CSPAll\SN04eo_B_comb_dup.fits,B,,,True,1,OBJECT,SN2004eo,0.23000000000000403,CRVAL1,308.20925,True,,,du Pont,
"(2454, 2449)",CRVAL2,9.926417,,D:\Thesis\pd\CSPAll\SN04eo_V_comb_dup.fits,V,,,True,1,OBJECT,SN2004eo,0.23000000000000403,CRVAL1,308.20925,True,,,du Pont,
"(2468, 2458)",CRVAL2,0.447329,,D:\Thesis\pd\CSPAll\SN04ey_B_comb_dup.fits,B,,,True,1,OBJECT,SN2004ey,0.23000000000000403,CRVAL1,327.280395,True,,,du Pont,
"(2470, 2459)",CRVAL2,0.447329,,D:\Thesis\pd\CSPAll\SN04ey_V_comb_dup.fits,V,,,True,1,OBJECT,SN2004ey,0.23000000000000403,CRVAL1,327.280395,True,,,du Pont,
"(2450, 2443)",CRVAL2,17.631331,,D:\Thesis\pd\CSPAll\SN04gs_B_comb_dup.fits,B,,,True,1,OBJECT,SN 2004gs,0.23000000000000403,CRVAL1,129.599366,True,,,du Pont,
"(2491, 2521)",CRVAL2,17.631331,,D:\Thesis\pd\CSPAll\SN04gs_V_comb_dup.fits,V,,,True,1,OBJECT,SN 2004gs,0.23000000000000403,CRVAL1,129.599366,True,,,du Pont,
"(2449, 2437)",CRVAL2,11.949556,,D:\Thesis\pd\CSPAll\SN04gu_B_comb_dup.fits,B,,,True,1,OBJECT,SN2004gu,0.23000000000000403,CRVAL1,191.603417,True,,,du Pont,
"(2604, 2586)",CRVAL2,11.949556,,D:\Thesis\pd\CSPAll\SN04gu_V_comb_dup.fits,V,,,True,1,OBJECT,SN2004gu,0.23000000000000403,CRVAL1,191.603417,True,,,du Pont,
"(2473, 2457)",CRVAL2,-2.939,,D:\Thesis\pd\CSPAll\SN05A_B_comb_dup.fits,B,,,True,1,OBJECT,SN2005A,0.23000000000000403,CRVAL1,37.678458,True,,,du Pont,
"(2473, 2457)",CRVAL2,-2.939,,D:\Thesis\pd\CSPAll\SN05A_V_comb_dup.fits,V,,,True,1,OBJECT,SN2005A,0.23000000000000403,CRVAL1,37.678458,True,,,du Pont,
"(2448, 2440)",CRVAL2,9.326778,,D:\Thesis\pd\CSPAll\SN05ag_B_comb_dup.fits,B,,,True,1,OBJECT,SN2005ag,0.23000000000000403,CRVAL1,224.180042,True,,,du Pont,
"(2490, 2464)",CRVAL2,9.326778,,D:\Thesis\pd\CSPAll\SN05ag_V_comb_dup.fits,V,,,True,1,OBJECT,SN2005ag,0.23000000000000403,CRVAL1,224.180042,True,,,du Pont,
"(2450, 2444)",CRVAL2,-30.578472,,D:\Thesis\pd\CSPAll\SN05al_B_comb_dup.fits,B,,,True,1,OBJECT,SN2005al,0.23000000000000403,CRVAL1,207.506167,True,,,du Pont,
"(2448, 2441)",CRVAL2,-30.578472,,D:\Thesis\pd\CSPAll\SN05al_V_comb_dup.fits,V,,,True,1,OBJECT,SN2005al,0.23000000000000403,CRVAL1,207.506167,True,,,du Pont,
"(2440, 2432)",CRVAL2,-16.312722,,D:\Thesis\pd\CSPAll\SN05am_B_comb_dup.fits,B,,,True,1,OBJECT,SN 2005am,0.23000000000000403,CRVAL1,139.046292,True,,,du Pont,
"(2625, 2553)",CRVAL2,-16.312722,,D:\Thesis\pd\CSPAll\SN05am_V_comb_dup.fits,V,,,True,1,OBJECT,SN2005am,0.23000000000000403,CRVAL1,139.046292,True,,,du Pont,
"(2447, 2457)",CRVAL2,16.668583,,D:\Thesis\pd\CSPAll\SN05be_B_comb_dup.fits,B,,,True,1,OBJECT,SN2005be,0.23000000000000403,CRVAL1,224.88782,True,,,du Pont,
"(2441, 2454)",CRVAL2,16.668583,,D:\Thesis\pd\CSPAll\SN05be_V_comb_dup.fits,V,,,True,1,OBJECT,SN2005be,0.23000000000000403,CRVAL1,224.88782,True,,,du Pont,
"(2453, 2449)",CRVAL2,16.3715,,D:\Thesis\pd\CSPAll\SN05bg_B_comb_dup.fits,B,,,True,1,OBJECT,SN2005bg,0.23000000000000403,CRVAL1,184.321792,True,,,du Pont,
"(2456, 2450)",CRVAL2,16.3715,,D:\Thesis\pd\CSPAll\SN05bg_V_comb_dup.fits,V,,,True,1,OBJECT,SN2005bg,0.23000000000000403,CRVAL1,184.321792,True,,,du Pont,
"(2447, 2440)",CRVAL2,20.409837,,D:\Thesis\pd\CSPAll\SN05bl_B_comb_dup.fits,B,,,True,1,OBJECT,SN2005bl,0.23000000000000403,CRVAL1,181.047066,True,,,du Pont,
"(2444, 2440)",CRVAL2,20.409837,,D:\Thesis\pd\CSPAll\SN05bl_V_comb_dup.fits,V,,,True,1,OBJECT,SN2005bl,0.23000000000000403,CRVAL1,181.047066,True,,,du Pont,
"(2577, 2685)",CRVAL2,-11.093028,,D:\Thesis\pd\CSPAll\SN05bo_B_comb_dup.fits,B,,,True,1,OBJECT,SN2005bo,0.23000000000000403,CRVAL1,192.422833,True,,,du Pont,
"(2632, 2703)",CRVAL2,-11.093028,,D:\Thesis\pd\CSPAll\SN05bo_V_comb_dup.fits,V,,,True,1,OBJECT,SN2005bo,0.23000000000000403,CRVAL1,192.422833,True,,,du Pont,
"(2461, 2451)",CRVAL2,5.200611,,D:\Thesis\pd\CSPAll\SN05el_B_comb_dup.fits,B,,,True,1,OBJECT,SN2005el,0.23000000000000403,CRVAL1,77.94225,True,,,du Pont,
"(2456, 2448)",CRVAL2,5.200611,,D:\Thesis\pd\CSPAll\SN05el_V_comb_dup.fits,V,,,True,1,OBJECT,SN2005el,0.23000000000000403,CRVAL1,77.94225,True,,,du Pont,
"(2459, 2458)",CRVAL2,-7.040616,,D:\Thesis\pd\CSPAll\SN05eq_B_comb_dup.fits,B,,,True,1,OBJECT,SN2005eq,0.23000000000000403,CRVAL1,47.201345,True,,,du Pont,
"(2454, 2456)",CRVAL2,-7.040616,,D:\Thesis\pd\CSPAll\SN05eq_V_comb_dup.fits,V,,,True,1,OBJECT,SN2005eq,0.23000000000000403,CRVAL1,47.201345,True,,,du Pont,
"(2457, 2450)",CRVAL2,-0.553766,,D:\Thesis\pd\CSPAll\SN05gj_r_comb_dup.fits,r,,,True,1,OBJECT,SN2005gj,0.23000000000000403,CRVAL1,45.299977,True,,,du Pont,
"(2457, 2450)",CRVAL2,-0.553766,,D:\Thesis\pd\CSPAll\SN05gj_V_comb_dup.fits,V,,,True,1,OBJECT,SN2005gj,0.23000000000000403,CRVAL1,45.299977,True,,,du Pont,
"(2463, 2449)",CRVAL2,-0.212574,,D:\Thesis\pd\CSPAll\SN05hc_B_comb_dup.fits,B,,,True,1,OBJECT,SN2005hc,0.23000000000000403,CRVAL1,29.202101,True,,,du Pont,
"(2453, 2453)",CRVAL2,-0.212574,,D:\Thesis\pd\CSPAll\SN05hc_V_comb_dup.fits,V,,,True,1,OBJECT,SN2005hc,0.23000000000000403,CRVAL1,29.202101,True,,,du Pont,
"(2464, 2456)",CRVAL2,-1.238149,,D:\Thesis\pd\CSPAll\SN05hj_B_comb_dup.fits,B,,,True,1,OBJECT,SN2005hj,0.23000000000000403,CRVAL1,21.701904,True,,,du Pont,
"(2460, 2417)",CRVAL2,-1.238149,,D:\Thesis\pd\CSPAll\SN05hj_V_comb_dup.fits,V,,,True,1,OBJECT,SN2005hj,0.23000000000000403,CRVAL1,21.701904,True,,,du Pont,
"(2469, 2456)",CRVAL2,-1.19999,,D:\Thesis\pd\CSPAll\SN05hk_B_comb_dup.fits,B,,,True,1,OBJECT,SN2005hk,0.23000000000000403,CRVAL1,6.957241,True,,,du Pont,
"(2440, 2435)",CRVAL2,-1.19999,,D:\Thesis\pd\CSPAll\SN05hk_V_comb_dup.fits,V,,,True,1,OBJECT,SN2005hk,0.23000000000000403,CRVAL1,6.957241,True,,,du Pont,
"(2530, 2487)",CRVAL2,-18.714015,,D:\Thesis\pd\CSPAll\SN05iq_B_comb_dup.fits,B,,,True,1,OBJECT,SN2005iq,0.23000000000000403,CRVAL1,359.632607,True,,,du Pont,
"(2526, 2487)",CRVAL2,-18.714015,,D:\Thesis\pd\CSPAll\SN05iq_V_comb_dup.fits,V,,,True,1,OBJECT,SN2005iq,0.23000000000000403,CRVAL1,359.632607,True,,,du Pont,
"(2444, 2446)",CRVAL2,0.793611,,D:\Thesis\pd\CSPAll\SN05ir_B_comb_dup.fits,B,,,True,1,OBJECT,SN2005ir,0.23000000000000403,CRVAL1,19.182792,True,,,du Pont,
"(2442, 2440)",CRVAL2,0.793611,,D:\Thesis\pd\CSPAll\SN05ir_V_comb_dup.fits,V,,,True,1,OBJECT,SN2005ir,0.23000000000000403,CRVAL1,19.182792,True,,,du Pont,
"(2458, 2449)",CRVAL2,5.569894,,D:\Thesis\pd\CSPAll\SN05kc_B_comb_dup.fits,B,,,True,1,OBJECT,SN2005kc,0.23000000000000403,CRVAL1,338.527955,True,,,du Pont,
"(2453, 2447)",CRVAL2,5.569894,,D:\Thesis\pd\CSPAll\SN05kc_V_comb_dup.fits,V,,,True,1,OBJECT,SN2005kc,0.23000000000000403,CRVAL1,338.527955,True,,,du Pont,
"(2397, 2400)",CRVAL2,-24.933233,,D:\Thesis\pd\CSPAll\SN05ke_V_comb_swo.fits,V,,,True,1,OBJECT,SN2005ke,0.23000000000000403,CRVAL1,53.755588,True,,,Swope,
"(2399, 2440)",CRVAL2,9.182552,,D:\Thesis\pd\CSPAll\SN05ki_V_comb_swo.fits,V,,,True,1,OBJECT,SN2005ki,0.23000000000000403,CRVAL1,160.118221,True,,,Swope,
"(2448, 2486)",CRVAL2,-0.013561,,D:\Thesis\pd\CSPAll\SN05ku_V_comb_swo.fits,V,,,True,1,OBJECT,SN2005ku,0.23000000000000403,CRVAL1,344.92777,True,,,Swope,
"(2459, 2449)",CRVAL2,-17.262944,,D:\Thesis\pd\CSPAll\SN05lu_B_comb_dup.fits,B,,,True,1,OBJECT,SN2005lu,0.23000000000000403,CRVAL1,39.015125,True,,,du Pont,
"(2459, 2449)",CRVAL2,-17.262944,,D:\Thesis\pd\CSPAll\SN05lu_V_comb_dup.fits,V,,,True,1,OBJECT,SN2005lu,0.23000000000000403,CRVAL1,39.015125,True,,,du Pont,
"(2452, 2440)",CRVAL2,23.2025,,D:\Thesis\pd\CSPAll\SN05M_B_comb_dup.fits,B,,,True,1,OBJECT,SN2005M,0.23000000000000403,CRVAL1,144.385833,True,,,du Pont,
"(2445, 2458)",CRVAL2,23.2025,,D:\Thesis\pd\CSPAll\SN05M_V_comb_dup.fits,V,,,True,1,OBJECT,SN2005M,0.23000000000000403,CRVAL1,144.385833,True,,,du Pont,
"(2705, 2664)",CRVAL2,21.64529,,D:\Thesis\pd\CSPAll\SN05mc_V_comb_swo.fits,V,,,True,1,OBJECT,SN2005mc,0.23000000000000403,CRVAL1,126.77484,True,,,Swope,
"(2482, 2489)",CRVAL2,14.13525,,D:\Thesis\pd\CSPAll\SN05na_V_comb_swo.fits,V,,,True,1,OBJECT,SN2005na,0.23000000000000403,CRVAL1,105.403167,True,,,Swope,
"(2485, 2474)",CRVAL2,21.759917,,D:\Thesis\pd\CSPAll\SN05W_B_comb_dup.fits,B,,,True,1,OBJECT,SN2005W,0.23000000000000403,CRVAL1,27.673833,True,,,du Pont,
"(2486, 2472)",CRVAL2,21.759917,,D:\Thesis\pd\CSPAll\SN05W_V_comb_dup.fits,V,,,True,1,OBJECT,SN2005W,0.23000000000000403,CRVAL1,27.673833,True,,,du Pont,
"(2507, 2506)",CRVAL2,-12.296444,,D:\Thesis\pd\CSPAll\SN06ax_B_comb_dup.fits,B,,,True,1,OBJECT,SN2006ax,0.23000000000000403,CRVAL1,170.999625,True,,,du Pont,
"(2505, 2500)",CRVAL2,-12.296444,,D:\Thesis\pd\CSPAll\SN06ax_V_comb_dup.fits,V,,,True,1,OBJECT,SN2006ax,0.23000000000000403,CRVAL1,170.999625,True,,,du Pont,
"(2514, 2567)",CRVAL2,20.527714,,D:\Thesis\pd\CSPAll\SN06bd_B_comb_dup.fits,B,,,True,1,OBJECT,SN2006bd,0.23000000000000403,CRVAL1,174.62277,True,,,du Pont,
"(2567, 2504)",CRVAL2,20.527714,,D:\Thesis\pd\CSPAll\SN06bd_V_comb_dup.fits,V,,,True,1,OBJECT,SN2006bd,0.23000000000000403,CRVAL1,174.62277,True,,,du Pont,
"(2524, 2506)",CRVAL2,-66.478972,,D:\Thesis\pd\CSPAll\SN06bh_V_comb_swo.fits,V,,,True,1,OBJECT,SN2006bh,0.23000000000000403,CRVAL1,340.100917,True,,,Swope,
"(2593, 2540)",CRVAL2,13.416056,,D:\Thesis\pd\CSPAll\SN06br_B_comb_dup.fits,B,,,True,1,OBJECT,SN2006br,0.23000000000000403,CRVAL1,202.509375,True,,,du Pont,
"(2401, 2405)",CRVAL2,20.052369,,D:\Thesis\pd\CSPAll\SN06bt_V_comb_swo.fits,V,,,True,1,OBJECT,SN2006bt,0.23000000000000403,CRVAL1,239.140317,True,,,Swope,
"(2534, 2516)",CRVAL2,-9.776694,,D:\Thesis\pd\CSPAll\SN06D_B_comb_dup.fits,B,,,True,1,OBJECT,SN2006D,0.23000000000000403,CRVAL1,193.144625,True,,,du Pont,
"(2521, 2509)",CRVAL2,-9.776694,,D:\Thesis\pd\CSPAll\SN06D_V_comb_dup.fits,V,,,True,1,OBJECT,SN2006D,0.23000000000000403,CRVAL1,193.144625,True,,,du Pont,
"(2398, 2398)",CRVAL2,-37.208227,,D:\Thesis\pd\CSPAll\SN06dd_V_comb_swo.fits,V,,,True,1,OBJECT,SN2006dd,0.23000000000000403,CRVAL1,50.673825,True,,,Swope,
"(2467, 2447)",CRVAL2,-8.735293,,D:\Thesis\pd\CSPAll\SN06ef_B_comb_dup.fits,B,,,True,1,OBJECT,SN2006ef,0.23000000000000403,CRVAL1,31.079039,True,,,du Pont,
"(2461, 2444)",CRVAL2,-8.735293,,D:\Thesis\pd\CSPAll\SN06ef_V_comb_dup.fits,V,,,True,1,OBJECT,SN2006ef,0.23000000000000403,CRVAL1,31.079039,True,,,du Pont,
"(2454, 2444)",CRVAL2,-9.014581,,D:\Thesis\pd\CSPAll\SN06ej_B_comb_dup.fits,B,,,True,1,OBJECT,SN2006ej,0.23000000000000403,CRVAL1,9.751008,True,,,du Pont,
"(2448, 2442)",CRVAL2,-9.014581,,D:\Thesis\pd\CSPAll\SN06ej_V_comb_dup.fits,V,,,True,1,OBJECT,SN2006ej,0.23000000000000403,CRVAL1,9.751008,True,,,du Pont,
"(2397, 2396)",CRVAL2,1.230171,,D:\Thesis\pd\CSPAll\SN06eq_V_comb_swo.fits,V,,,True,1,OBJECT,SN2006eq,0.23000000000000403,CRVAL1,322.156679,True,,,Swope,
"(2452, 2448)",CRVAL2,-23.561361,,D:\Thesis\pd\CSPAll\SN06et_B_comb_dup.fits,B,,,True,1,OBJECT,SN2006et,0.23000000000000403,CRVAL1,10.690917,True,,,du Pont,
"(2447, 2446)",CRVAL2,-23.561361,,D:\Thesis\pd\CSPAll\SN06et_V_comb_dup.fits,V,,,True,1,OBJECT,SN2006et,0.23000000000000403,CRVAL1,10.690917,True,,,du Pont,
"(2454, 2552)",CRVAL2,13.986083,,D:\Thesis\pd\CSPAll\SN06ev_V_comb_swo.fits,V,,,True,1,OBJECT,SN2006ev,0.23000000000000403,CRVAL1,322.740083,True,,,Swope,
"(2455, 2445)",CRVAL2,-0.146877,,D:\Thesis\pd\CSPAll\SN06fw_B_comb_dup.fits,B,,,True,1,OBJECT,SN2006fw,0.23000000000000403,CRVAL1,26.793056,True,,,du Pont,
"(2449, 2443)",CRVAL2,-0.146877,,D:\Thesis\pd\CSPAll\SN06fw_V_comb_dup.fits,V,,,True,1,OBJECT,SN2006fw,0.23000000000000403,CRVAL1,26.793056,True,,,du Pont,
"(2414, 2522)",CRVAL2,-1.695083,,D:\Thesis\pd\CSPAll\SN06gj_V_comb_swo.fits,V,,,True,1,OBJECT,SN2006gj,0.23000000000000403,CRVAL1,49.393667,True,,,Swope,
"(2401, 2398)",CRVAL2,-1.625833,,D:\Thesis\pd\CSPAll\SN06gt_V_comb_swo.fits,V,,,True,1,OBJECT,SN2006gt,0.23000000000000403,CRVAL1,14.075375,True,,,Swope,
"(2400, 2401)",CRVAL2,-21.136945,,D:\Thesis\pd\CSPAll\SN06hb_V_comb_swo.fits,V,,,True,1,OBJECT,SN2006hb,0.23000000000000403,CRVAL1,75.502813,True,,,Swope,
"(2459, 2446)",CRVAL2,0.371416,,D:\Thesis\pd\CSPAll\SN06hx_B_comb_dup.fits,B,,,True,1,OBJECT,SN2006hx,0.23000000000000403,CRVAL1,18.488254,True,,,du Pont,
"(2453, 2445)",CRVAL2,0.371416,,D:\Thesis\pd\CSPAll\SN06hx_V_comb_dup.fits,V,,,True,1,OBJECT,SN2006hx,0.23000000000000403,CRVAL1,18.488254,True,,,du Pont,
"(2397, 2401)",CRVAL2,-23.783548,,D:\Thesis\pd\CSPAll\SN06is_V_comb_swo.fits,V,,,True,1,OBJECT,SN2006is,0.23000000000000403,CRVAL1,79.394047,True,,,Swope,
"(2453, 2443)",CRVAL2,8.159833,,D:\Thesis\pd\CSPAll\SN06kf_B_comb_dup.fits,B,,,True,1,OBJECT,SN2006kf,0.23000000000000403,CRVAL1,55.461917,True,,,du Pont,
"(2448, 2441)",CRVAL2,8.159833,,D:\Thesis\pd\CSPAll\SN06kf_V_comb_dup.fits,V,,,True,1,OBJECT,SN2006kf,0.23000000000000403,CRVAL1,55.461917,True,,,du Pont,
"(2517, 2514)",CRVAL2,-25.600083,,D:\Thesis\pd\CSPAll\SN06lu_B_comb_dup.fits,B,,,True,1,OBJECT,SN2006lu,0.23000000000000403,CRVAL1,138.821958,True,,,du Pont,
"(2515, 2509)",CRVAL2,-25.600083,,D:\Thesis\pd\CSPAll\SN06lu_V_comb_dup.fits,V,,,True,1,OBJECT,SN2006lu,0.23000000000000403,CRVAL1,138.821958,True,,,du Pont,
"(2403, 2397)",CRVAL2,0.26383,,D:\Thesis\pd\CSPAll\SN06ob_V_comb_swo.fits,V,,,True,1,OBJECT,SN2006ob,0.23000000000000403,CRVAL1,27.952124,True,,,Swope,
"(2515, 2585)",CRVAL2,16.012417,,D:\Thesis\pd\CSPAll\SN06os_B_comb_dup.fits,B,,,True,1,OBJECT,SN2006os,0.23000000000000403,CRVAL1,43.752375,True,,,du Pont,
"(2513, 2574)",CRVAL2,16.012417,,D:\Thesis\pd\CSPAll\SN06os_V_comb_dup.fits,V,,,True,1,OBJECT,SN2006os,0.23000000000000403,CRVAL1,43.752375,True,,,du Pont,
"(2516, 2519)",CRVAL2,-20.767699,,D:\Thesis\pd\CSPAll\SN06ot_B_comb_dup.fits,B,,,True,1,OBJECT,SN2006ot,0.23000000000000403,CRVAL1,33.769166,True,,,du Pont,
"(2514, 2510)",CRVAL2,-20.767699,,D:\Thesis\pd\CSPAll\SN06ot_V_comb_dup.fits,V,,,True,1,OBJECT,SN2006ot,0.23000000000000403,CRVAL1,33.769166,True,,,du Pont,
"(2400, 2396)",CRVAL2,-0.136932,,D:\Thesis\pd\CSPAll\SN06py_V_comb_swo.fits,V,,,True,1,OBJECT,SN2006py,0.23000000000000403,CRVAL1,340.425196,True,,,Swope,
"(2516, 2510)",CRVAL2,-0.387669,,D:\Thesis\pd\CSPAll\SN07af_B_comb_dup.fits,B,,,True,1,OBJECT,SN2007af,0.23000000000000403,CRVAL1,215.599029,True,,,du Pont,
"(2514, 2504)",CRVAL2,-0.387669,,D:\Thesis\pd\CSPAll\SN07af_V_comb_dup.fits,V,,,True,1,OBJECT,SN2007af,0.23000000000000403,CRVAL1,215.599029,True,,,du Pont,
"(2393, 2395)",CRVAL2,-21.623333,,D:\Thesis\pd\CSPAll\SN07ai_V_comb_swo.fits,V,,,True,1,OBJECT,SN2007ai,0.23000000000000403,CRVAL1,243.222333,True,,,Swope,
"(2510, 2571)",CRVAL2,-19.473139,,D:\Thesis\pd\CSPAll\SN07al_B_comb_dup.fits,B,,,True,1,OBJECT,SN2007al,0.23000000000000403,CRVAL1,149.828,True,,,du Pont,
"(2567, 2500)",CRVAL2,-19.473139,,D:\Thesis\pd\CSPAll\SN07al_V_comb_dup.fits,V,,,True,1,OBJECT,SN2007al,0.23000000000000403,CRVAL1,149.828,True,,,du Pont,
"(2500, 2505)",CRVAL2,-80.179944,,D:\Thesis\pd\CSPAll\SN07as_B_comb_dup.fits,B,,,True,1,OBJECT,SN2007as,0.23000000000000403,CRVAL1,141.9185,True,,,du Pont,
"(2497, 2498)",CRVAL2,-80.179944,,D:\Thesis\pd\CSPAll\SN07as_V_comb_dup.fits,V,,,True,1,OBJECT,SN2007as,0.23000000000000403,CRVAL1,141.9185,True,,,du Pont,
"(2413, 2487)",CRVAL2,22.553077,,D:\Thesis\pd\CSPAll\SN07ax_V_comb_swo.fits,V,,,True,1,OBJECT,SN2007ax,0.23000000000000403,CRVAL1,125.681023,True,,,Swope,
"(2523, 2518)",CRVAL2,7.396909,,D:\Thesis\pd\CSPAll\SN07ba_B_comb_dup.fits,B,,,True,1,OBJECT,SN2007ba,0.23000000000000403,CRVAL1,229.174233,True,,,du Pont,
"(2522, 2512)",CRVAL2,7.396909,,D:\Thesis\pd\CSPAll\SN07ba_V_comb_dup.fits,V,,,True,1,OBJECT,SN2007ba,0.23000000000000403,CRVAL1,229.174233,True,,,du Pont,
"(2511, 2515)",CRVAL2,20.813559,,D:\Thesis\pd\CSPAll\SN07bc_B_comb_dup.fits,B,,,True,1,OBJECT,SN2007bc,0.23000000000000403,CRVAL1,169.819236,True,,,du Pont,
"(2546, 2566)",CRVAL2,20.813559,,D:\Thesis\pd\CSPAll\SN07bc_V_comb_dup.fits,V,,,True,1,OBJECT,SN2007bc,0.23000000000000403,CRVAL1,169.819236,True,,,du Pont,
"(2506, 2502)",CRVAL2,-1.197722,,D:\Thesis\pd\CSPAll\SN07bd_B_comb_dup.fits,B,,,True,1,OBJECT,SN2007bd,0.23000000000000403,CRVAL1,127.887,True,,,du Pont,
"(2509, 2502)",CRVAL2,-1.197722,,D:\Thesis\pd\CSPAll\SN07bd_V_comb_dup.fits,V,,,True,1,OBJECT,SN2007bd,0.23000000000000403,CRVAL1,127.887,True,,,du Pont,
"(2520, 2518)",CRVAL2,-9.795389,,D:\Thesis\pd\CSPAll\SN07bm_B_comb_dup.fits,B,,,True,1,OBJECT,SN2007bm,0.23000000000000403,CRVAL1,171.260292,True,,,du Pont,
"(2517, 2523)",CRVAL2,-9.795389,,D:\Thesis\pd\CSPAll\SN07bm_V_comb_dup.fits,V,,,True,1,OBJECT,SN2007bm,0.23000000000000403,CRVAL1,171.260292,True,,,du Pont,
"(2592, 2546)",CRVAL2,-15.101187,,D:\Thesis\pd\CSPAll\SN07ca_B_comb_dup.fits,B,,,True,1,OBJECT,SN2007ca,0.23000000000000403,CRVAL1,202.76599,True,,,du Pont,
"(2629, 2540)",CRVAL2,-15.101187,,D:\Thesis\pd\CSPAll\SN07ca_V_comb_dup.fits,V,,,True,1,OBJECT,SN2007ca,0.23000000000000403,CRVAL1,202.76599,True,,,du Pont,
"(2518, 2515)",CRVAL2,-24.652389,,D:\Thesis\pd\CSPAll\SN07cg_B_comb_dup.fits,B,,,True,1,OBJECT,SN2007cg,0.23000000000000403,CRVAL1,201.389042,True,,,du Pont,
"(2519, 2509)",CRVAL2,-24.652389,,D:\Thesis\pd\CSPAll\SN07cg_V_comb_dup.fits,V,,,True,1,OBJECT,SN2007cg,0.23000000000000403,CRVAL1,201.389042,True,,,du Pont,
"(2544, 2533)",CRVAL2,15.582472,,D:\Thesis\pd\CSPAll\SN07hj_B_comb_dup.fits,B,,,True,1,OBJECT,SN07hj,0.23000000000000403,CRVAL1,345.451375,True,,,du Pont,
"(2530, 2520)",CRVAL2,15.582472,,D:\Thesis\pd\CSPAll\SN07hj_V_comb_dup.fits,V,,,True,1,OBJECT,SN07hj,0.23000000000000403,CRVAL1,345.451375,True,,,du Pont,
"(2532, 2582)",CRVAL2,-0.898059,,D:\Thesis\pd\CSPAll\SN07hx_B_comb_dup.fits,B,,,True,1,OBJECT,SN2007hx,0.23000000000000403,CRVAL1,31.616396,True,,,du Pont,
"(2526, 2532)",CRVAL2,-0.898059,,D:\Thesis\pd\CSPAll\SN07hx_V_comb_dup.fits,V,,,True,1,OBJECT,SN07hx,0.23000000000000403,CRVAL1,31.616396,True,,,du Pont,
"(2531, 2567)",CRVAL2,1.16006,,D:\Thesis\pd\CSPAll\SN07jd_B_comb_dup.fits,B,,,True,1,OBJECT,SN2007jd,0.23000000000000403,CRVAL1,44.973573,True,,,du Pont,
"(2528, 2568)",CRVAL2,1.16006,,D:\Thesis\pd\CSPAll\SN07jd_V_comb_dup.fits,V,,,True,1,OBJECT,SN2007jd,0.23000000000000403,CRVAL1,44.973573,True,,,du Pont,
"(2511, 2507)",CRVAL2,0.054444,,D:\Thesis\pd\CSPAll\SN07jg_B_comb_dup.fits,B,,,True,1,OBJECT,SN2007jg,0.23000000000000403,CRVAL1,52.461792,True,,,du Pont,
"(2529, 2533)",CRVAL2,0.054444,,D:\Thesis\pd\CSPAll\SN07jg_V_comb_dup.fits,V,,,True,1,OBJECT,SN2007jg,0.23000000000000403,CRVAL1,52.461792,True,,,du Pont,
"(2539, 2520)",CRVAL2,1.104757,,D:\Thesis\pd\CSPAll\SN07jh_B_comb_dup.fits,B,,,True,1,OBJECT,SN2007jh,0.23000000000000403,CRVAL1,54.006612,True,,,du Pont,
"(2537, 2517)",CRVAL2,1.104757,,D:\Thesis\pd\CSPAll\SN07jh_V_comb_dup.fits,V,,,True,1,OBJECT,SN2007jh,0.23000000000000403,CRVAL1,54.006612,True,,,du Pont,
"(2534, 2579)",CRVAL2,-6.517861,,D:\Thesis\pd\CSPAll\SN07le_B_comb_dup.fits,B,,,True,1,OBJECT,SN2007le,0.23000000000000403,CRVAL1,354.702708,True,,,du Pont,
"(2531, 2569)",CRVAL2,-6.517861,,D:\Thesis\pd\CSPAll\SN07le_V_comb_dup.fits,V,,,True,1,OBJECT,SN2007le,0.23000000000000403,CRVAL1,354.702708,True,,,du Pont,
"(2515, 2577)",CRVAL2,-9.457028,,D:\Thesis\pd\CSPAll\SN07N_B_comb_dup.fits,B,,,True,1,OBJECT,SN2007N,0.23000000000000403,CRVAL1,192.256333,True,,,du Pont,
"(2506, 2565)",CRVAL2,-9.457028,,D:\Thesis\pd\CSPAll\SN07N_V_comb_dup.fits,V,,,True,1,OBJECT,SN2007N,0.23000000000000403,CRVAL1,192.256333,True,,,du Pont,
"(2537, 2569)",CRVAL2,-1.391089,,D:\Thesis\pd\CSPAll\SN07nq_B_comb_dup.fits,B,,,True,1,OBJECT,SN2007nq,0.23000000000000403,CRVAL1,14.395483,True,,,du Pont,
"(2536, 2565)",CRVAL2,-1.391089,,D:\Thesis\pd\CSPAll\SN07nq_V_comb_dup.fits,V,,,True,1,OBJECT,SN2007nq,0.23000000000000403,CRVAL1,14.395483,True,,,du Pont,
"(2556, 2578)",CRVAL2,-0.311722,,D:\Thesis\pd\CSPAll\SN07ol_B_comb_dup.fits,B,,,True,1,OBJECT,SN07ol,0.23000000000000403,CRVAL1,24.349083,True,,,du Pont,
"(2531, 2577)",CRVAL2,-0.311722,,D:\Thesis\pd\CSPAll\SN07ol_V_comb_dup.fits,V,,,True,1,OBJECT,SN07ol,0.23000000000000403,CRVAL1,24.349083,True,,,du Pont,
"(2537, 2527)",CRVAL2,-35.594389,,D:\Thesis\pd\CSPAll\SN07on_B_comb_dup.fits,B,,,True,1,OBJECT,SN2007on,0.23000000000000403,CRVAL1,54.716333,True,,,du Pont,
"(2533, 2523)",CRVAL2,-35.594389,,D:\Thesis\pd\CSPAll\SN07on_V_comb_dup.fits,V,,,True,1,OBJECT,SN2007on,0.23000000000000403,CRVAL1,54.716333,True,,,du Pont,
"(2518, 2514)",CRVAL2,4.407066,,D:\Thesis\pd\CSPAll\SN07S_B_comb_dup.fits,B,,,True,1,OBJECT,SN2007S,0.23000000000000403,CRVAL1,150.133281,True,,,du Pont,
"(2520, 2612)",CRVAL2,4.407066,,D:\Thesis\pd\CSPAll\SN07S_V_comb_dup.fits,V,,,True,1,OBJECT,SN2007S,0.23000000000000403,CRVAL1,150.133281,True,,,du Pont,
"(2624, 2571)",CRVAL2,13.255333,,D:\Thesis\pd\CSPAll\SN07so_B_comb_dup.fits,B,,,True,1,OBJECT,SN2007so,0.23000000000000403,CRVAL1,41.931583,True,,,du Pont,
"(2625, 2585)",CRVAL2,13.255333,,D:\Thesis\pd\CSPAll\SN07so_V_comb_dup.fits,V,,,True,1,OBJECT,SN2007so,0.23000000000000403,CRVAL1,41.931583,True,,,du Pont,
"(2527, 2576)",CRVAL2,-48.6485,,D:\Thesis\pd\CSPAll\SN07st_B_comb_dup.fits,B,,,True,1,OBJECT,SN07st,0.23000000000000403,CRVAL1,27.174958,True,,,du Pont,
"(2523, 2570)",CRVAL2,-48.6485,,D:\Thesis\pd\CSPAll\SN07st_V_comb_dup.fits,V,,,True,1,OBJECT,SN07st,0.23000000000000403,CRVAL1,27.174958,True,,,du Pont,
"(2515, 2529)",CRVAL2,14.99094,,D:\Thesis\pd\CSPAll\SN07ux_B_comb_dup.fits,B,,,True,1,OBJECT,SN2007ux,0.23000000000000403,CRVAL1,152.33205,True,,,du Pont,
"(2515, 2528)",CRVAL2,14.99094,,D:\Thesis\pd\CSPAll\SN07ux_V_comb_dup.fits,V,,,True,1,OBJECT,SN2007ux,0.23000000000000403,CRVAL1,152.33205,True,,,du Pont,
"(2514, 2518)",CRVAL2,10.498853,,D:\Thesis\pd\CSPAll\SN08ae_B_comb_dup.fits,B,,,True,1,OBJECT,SN2008ae,0.23000000000000403,CRVAL1,149.01654,True,,,du Pont,
"(2512, 2511)",CRVAL2,10.498853,,D:\Thesis\pd\CSPAll\SN08ae_V_comb_dup.fits,V,,,True,1,OBJECT,SN2008ae,0.23000000000000403,CRVAL1,149.01654,True,,,du Pont,
"(2518, 2516)",CRVAL2,10.839041,,D:\Thesis\pd\CSPAll\SN08ar_B_comb_dup.fits,B,,,True,1,OBJECT,SN2008ar,0.23000000000000403,CRVAL1,186.156498,True,,,du Pont,
"(2518, 2516)",CRVAL2,10.839041,,D:\Thesis\pd\CSPAll\SN08ar_V_comb_dup.fits,V,,,True,1,OBJECT,SN2008ar,0.23000000000000403,CRVAL1,186.156498,True,,,du Pont,
"(2517, 2559)",CRVAL2,-63.972944,,D:\Thesis\pd\CSPAll\SN08bc_B_comb_dup.fits,B,,,True,1,OBJECT,SN2008bc,0.23000000000000403,CRVAL1,144.642125,True,,,du Pont,
"(2513, 2562)",CRVAL2,-63.972944,,D:\Thesis\pd\CSPAll\SN08bc_V_comb_dup.fits,V,,,True,1,OBJECT,SN2008bc,0.23000000000000403,CRVAL1,144.642125,True,,,du Pont,
"(2518, 2522)",CRVAL2,-13.104518,,D:\Thesis\pd\CSPAll\SN08bd_B_comb_dup.fits,B,,,True,1,OBJECT,SN2008bd,0.23000000000000403,CRVAL1,154.598108,True,,,du Pont,
"(2521, 2521)",CRVAL2,-13.104518,,D:\Thesis\pd\CSPAll\SN08bd_V_comb_dup.fits,V,,,True,1,OBJECT,SN2008bd,0.23000000000000403,CRVAL1,154.598108,True,,,du Pont,
"(2508, 2511)",CRVAL2,0.707112,,D:\Thesis\pd\CSPAll\SN08bi_B_comb_dup.fits,B,,,True,1,OBJECT,SN2008bi,0.23000000000000403,CRVAL1,128.973085,True,,,du Pont,
"(2511, 2502)",CRVAL2,0.707112,,D:\Thesis\pd\CSPAll\SN08bi_V_comb_dup.fits,V,,,True,1,OBJECT,SN2008bi,0.23000000000000403,CRVAL1,128.973085,True,,,du Pont,
"(2504, 2506)",CRVAL2,-38.035667,,D:\Thesis\pd\CSPAll\SN08bq_B_comb_dup.fits,B,,,True,1,OBJECT,SN2008bq,0.23000000000000403,CRVAL1,100.262917,True,,,du Pont,
"(2501, 2500)",CRVAL2,-38.035667,,D:\Thesis\pd\CSPAll\SN08bq_V_comb_dup.fits,V,,,True,1,OBJECT,SN2008bq,0.23000000000000403,CRVAL1,100.262917,True,,,du Pont,
"(2510, 2515)",CRVAL2,-12.108722,,D:\Thesis\pd\CSPAll\SN08bt_B_comb_dup.fits,B,,,True,1,OBJECT,SN2008bt,0.23000000000000403,CRVAL1,162.574917,True,,,du Pont,
"(2514, 2516)",CRVAL2,-12.108722,,D:\Thesis\pd\CSPAll\SN08bt_V_comb_dup.fits,V,,,True,1,OBJECT,SN2008bt,0.23000000000000403,CRVAL1,162.574917,True,,,du Pont,
"(2519, 2521)",CRVAL2,11.130558,,D:\Thesis\pd\CSPAll\SN08bz_B_comb_dup.fits,B,,,True,1,OBJECT,SN2008bz,0.23000000000000403,CRVAL1,189.742195,True,,,du Pont,
"(2517, 2519)",CRVAL2,11.130558,,D:\Thesis\pd\CSPAll\SN08bz_V_comb_dup.fits,V,,,True,1,OBJECT,SN2008bz,0.23000000000000403,CRVAL1,189.742195,True,,,du Pont,
"(2561, 2478)",CRVAL2,20.437361,,D:\Thesis\pd\CSPAll\SN08C_B_comb_dup.fits,B,,,True,1,OBJECT,SN2008C,0.23000000000000403,CRVAL1,104.298875,True,,,du Pont,
"(2566, 2478)",CRVAL2,20.437361,,D:\Thesis\pd\CSPAll\SN08C_V_comb_dup.fits,V,,,True,1,OBJECT,SN2008C,0.23000000000000403,CRVAL1,104.298875,True,,,du Pont,
"(2467, 2473)",CRVAL2,-67.181333,,D:\Thesis\pd\CSPAll\SN08cc_B_comb_dup.fits,B,,,True,1,OBJECT,SN2008cc,0.23000000000000403,CRVAL1,315.873417,True,,,du Pont,
"(2467, 2473)",CRVAL2,-67.181333,,D:\Thesis\pd\CSPAll\SN08cc_V_comb_dup.fits,V,,,True,1,OBJECT,SN2008cc,0.23000000000000403,CRVAL1,315.873417,True,,,du Pont,
"(2620, 2808)",CRVAL2,-15.951806,,D:\Thesis\pd\CSPAll\SN08cd_B_comb_dup.fits,B,,,True,1,OBJECT,SN2008cd,0.23000000000000403,CRVAL1,198.758875,True,,,du Pont,
"(2618, 2803)",CRVAL2,-15.951806,,D:\Thesis\pd\CSPAll\SN08cd_V_comb_dup.fits,V,,,True,1,OBJECT,SN2008cd,0.23000000000000403,CRVAL1,198.758875,True,,,du Pont,
"(2476, 2654)",CRVAL2,-26.551556,,D:\Thesis\pd\CSPAll\SN08cf_B_comb_dup.fits,B,,,True,1,OBJECT,SN2008cf,0.23000000000000403,CRVAL1,211.884917,True,,,du Pont,
"(2475, 2649)",CRVAL2,-26.551556,,D:\Thesis\pd\CSPAll\SN08cf_V_comb_dup.fits,V,,,True,1,OBJECT,SN2008cf,0.23000000000000403,CRVAL1,211.884917,True,,,du Pont,
"(2459, 2466)",CRVAL2,-37.554361,,D:\Thesis\pd\CSPAll\SN08fl_B_comb_dup.fits,B,,,True,1,OBJECT,SN2008fl,0.23000000000000403,CRVAL1,294.190458,True,,,du Pont,
"(2458, 2465)",CRVAL2,-37.554361,,D:\Thesis\pd\CSPAll\SN08fl_V_comb_dup.fits,V,,,True,1,OBJECT,SN2008fl,0.23000000000000403,CRVAL1,294.190458,True,,,du Pont,
"(2462, 2641)",CRVAL2,-29.324716,,D:\Thesis\pd\CSPAll\SN08fp_B_comb_dup.fits,B,,,True,1,OBJECT,SN2008fp,0.23000000000000403,CRVAL1,109.130026,True,,,du Pont,
"(2462, 2646)",CRVAL2,-29.324716,,D:\Thesis\pd\CSPAll\SN08fp_V_comb_dup.fits,V,,,True,1,OBJECT,SN2008fp,0.23000000000000403,CRVAL1,109.130026,True,,,du Pont,
"(2458, 2464)",CRVAL2,14.640698,,D:\Thesis\pd\CSPAll\SN08fr_B_comb_dup.fits,B,,,True,1,OBJECT,SN2008fr,0.23000000000000403,CRVAL1,17.954996,True,,,du Pont,
"(2467, 2470)",CRVAL2,14.640698,,D:\Thesis\pd\CSPAll\SN08fr_V_comb_dup.fits,V,,,True,1,OBJECT,SN2008fr,0.23000000000000403,CRVAL1,17.954996,True,,,du Pont,
"(2511, 2562)",CRVAL2,-24.455833,,D:\Thesis\pd\CSPAll\SN08fu_B_comb_dup.fits,B,,,True,1,OBJECT,SN2008fu,0.23000000000000403,CRVAL1,45.619542,True,,,du Pont,
"(2507, 2554)",CRVAL2,-24.455833,,D:\Thesis\pd\CSPAll\SN08fu_V_comb_dup.fits,V,,,True,1,OBJECT,SN2008fu,0.23000000000000403,CRVAL1,45.619542,True,,,du Pont,
"(2550, 2481)",CRVAL2,-44.656833,,D:\Thesis\pd\CSPAll\SN08fw_B_comb_dup.fits,B,,,True,1,OBJECT,SN08fw,0.23000000000000403,CRVAL1,157.256083,True,,,du Pont,
"(2489, 2495)",CRVAL2,-44.656833,,D:\Thesis\pd\CSPAll\SN08fw_V_comb_dup.fits,V,,,True,1,OBJECT,SN08fw,0.23000000000000403,CRVAL1,157.256083,True,,,du Pont,
"(2468, 2563)",CRVAL2,-18.163855,,D:\Thesis\pd\CSPAll\SN08gg_B_comb_dup.fits,B,,,True,1,OBJECT,SN2008gg,0.23000000000000403,CRVAL1,21.340538,True,,,du Pont,
"(2469, 2557)",CRVAL2,-18.163855,,D:\Thesis\pd\CSPAll\SN08gg_V_comb_dup.fits,V,,,True,1,OBJECT,SN2008gg,0.23000000000000403,CRVAL1,21.340538,True,,,du Pont,
"(2462, 2557)",CRVAL2,4.801339,,D:\Thesis\pd\CSPAll\SN08gl_B_comb_dup.fits,B,,,True,1,OBJECT,SN08gl,0.23000000000000403,CRVAL1,20.222791,True,,,du Pont,
"(2465, 2554)",CRVAL2,4.801339,,D:\Thesis\pd\CSPAll\SN08gl_V_comb_dup.fits,V,,,True,1,OBJECT,SN08gl,0.23000000000000403,CRVAL1,20.222791,True,,,du Pont,
"(2470, 2473)",CRVAL2,-20.790553,,D:\Thesis\pd\CSPAll\SN08go_B_comb_dup.fits,B,,,True,1,OBJECT,SN2008go,0.23000000000000403,CRVAL1,332.683253,True,,,du Pont,
"(2465, 2470)",CRVAL2,-20.790553,,D:\Thesis\pd\CSPAll\SN08go_V_comb_dup.fits,V,,,True,1,OBJECT,SN2008go,0.23000000000000403,CRVAL1,332.683253,True,,,du Pont,
"(2664, 2552)",CRVAL2,1.365778,,D:\Thesis\pd\CSPAll\SN08gp_B_comb_dup.fits,B,,,True,1,OBJECT,2008gp,0.23000000000000403,CRVAL1,50.75,True,,,du Pont,
"(2594, 2671)",CRVAL2,1.365778,,D:\Thesis\pd\CSPAll\SN08gp_V_comb_dup.fits,V,,,True,1,OBJECT,2008gp,0.23000000000000403,CRVAL1,50.75,True,,,du Pont,
"(2404, 2402)",CRVAL2,18.227222,,D:\Thesis\pd\CSPAll\SN08ha_V_comb_swo.fits,V,,,True,1,OBJECT,SN2008ha,0.23000000000000403,CRVAL1,353.722917,True,,,Swope,
"(2471, 2563)",CRVAL2,-11.174272,,D:\Thesis\pd\CSPAll\SN08hj_B_comb_dup.fits,B,,,True,1,OBJECT,SN2009hj,0.23000000000000403,CRVAL1,1.00636,True,,,du Pont,
"(2469, 2560)",CRVAL2,-11.174272,,D:\Thesis\pd\CSPAll\SN08hj_V_comb_dup.fits,V,,,True,1,OBJECT,SN2009hj,0.23000000000000403,CRVAL1,1.00636,True,,,du Pont,
"(2638, 2477)",CRVAL2,-18.66475,,D:\Thesis\pd\CSPAll\SN08hu_B_comb_dup.fits,B,,,True,1,OBJECT,SN08hu,0.23000000000000403,CRVAL1,122.313167,True,,,du Pont,
"(2552, 2477)",CRVAL2,-18.66475,,D:\Thesis\pd\CSPAll\SN08hu_V_comb_dup.fits,V,,,True,1,OBJECT,SN08hu,0.23000000000000403,CRVAL1,122.313167,True,,,du Pont,
"(2473, 2541)",CRVAL2,3.392904,,D:\Thesis\pd\CSPAll\SN08hv_V_comb_dup.fits,V,,,True,1,OBJECT,SN2008hv,0.23000000000000403,CRVAL1,136.902677,True,,,du Pont,
"(2512, 2555)",CRVAL2,-61.277917,,D:\Thesis\pd\CSPAll\SN08ia_B_comb_dup.fits,B,,,True,1,OBJECT,SN2008ia,0.23000000000000403,CRVAL1,132.649375,True,,,du Pont,
"(2510, 2558)",CRVAL2,-61.277917,,D:\Thesis\pd\CSPAll\SN08ia_V_comb_dup.fits,V,,,True,1,OBJECT,SN2008ia,0.23000000000000403,CRVAL1,132.649375,True,,,du Pont,
"(2528, 2568)",CRVAL2,-10.843722,,D:\Thesis\pd\CSPAll\SN08J_B_comb_dup.fits,B,,,True,1,OBJECT,SN2008J,0.23000000000000403,CRVAL1,38.602125,True,,,du Pont,
"(2522, 2563)",CRVAL2,-10.843722,,D:\Thesis\pd\CSPAll\SN08J_V_comb_dup.fits,V,,,True,1,OBJECT,SN2008J,0.23000000000000403,CRVAL1,38.602125,True,,,du Pont,
"(2509, 2505)",CRVAL2,-45.811972,,D:\Thesis\pd\CSPAll\SN08O_B_comb_dup.fits,B,,,True,1,OBJECT,SN2008O,0.23000000000000403,CRVAL1,104.396333,True,,,du Pont,
"(2506, 2499)",CRVAL2,-45.811972,,D:\Thesis\pd\CSPAll\SN08O_V_comb_dup.fits,V,,,True,1,OBJECT,SN2008O,0.23000000000000403,CRVAL1,104.396333,True,,,du Pont,
"(2526, 2536)",CRVAL2,-11.991806,,D:\Thesis\pd\CSPAll\SN08R_B_comb_dup.fits,B,,,True,1,OBJECT,SN2008R,0.23000000000000403,CRVAL1,45.977,True,,,du Pont,
"(2524, 2531)",CRVAL2,-11.991806,,D:\Thesis\pd\CSPAll\SN08R_V_comb_dup.fits,V,,,True,1,OBJECT,SN2008R,0.23000000000000403,CRVAL1,45.977,True,,,du Pont,
"(2415, 2416)",CRVAL2,-22.2705,,D:\Thesis\pd\CSPAll\SN09aa_V_comb_swo.fits,V,,,True,1,OBJECT,SN2009aa,0.23000000000000403,CRVAL1,170.920667,True,,,Swope,
"(2455, 2542)",CRVAL2,2.759083,,D:\Thesis\pd\CSPAll\SN09ab_B_comb_dup.fits,B,,,True,1,OBJECT,SN2009ab,0.23000000000000403,CRVAL1,64.142917,True,,,du Pont,
"(2455, 2548)",CRVAL2,2.759083,,D:\Thesis\pd\CSPAll\SN09ab_V_comb_dup.fits,V,,,True,1,OBJECT,SN2009ab,0.23000000000000403,CRVAL1,64.142917,True,,,du Pont,
"(2466, 2558)",CRVAL2,6.657361,,D:\Thesis\pd\CSPAll\SN09ad_B_comb_dup.fits,B,,,True,1,OBJECT,SN2009ad,0.23000000000000403,CRVAL1,75.888375,True,,,du Pont,
"(2464, 2560)",CRVAL2,6.657361,,D:\Thesis\pd\CSPAll\SN09ad_V_comb_dup.fits,V,,,True,1,OBJECT,SN2009ad,0.23000000000000403,CRVAL1,75.888375,True,,,du Pont,
"(2467, 2557)",CRVAL2,-26.705056,,D:\Thesis\pd\CSPAll\SN09ag_B_comb_dup.fits,B,,,True,1,OBJECT,SN2009ag,0.23000000000000403,CRVAL1,107.9185,True,,,du Pont,
"(2468, 2558)",CRVAL2,-26.705056,,D:\Thesis\pd\CSPAll\SN09ag_V_comb_dup.fits,V,,,True,1,OBJECT,SN2009ag,0.23000000000000403,CRVAL1,107.9185,True,,,du Pont,
"(2469, 2559)",CRVAL2,8.567149,,D:\Thesis\pd\CSPAll\SN09al_B_comb_dup.fits,B,,,True,1,OBJECT,SN2009al,0.23000000000000403,CRVAL1,162.856357,True,,,du Pont,
"(2468, 2563)",CRVAL2,8.567149,,D:\Thesis\pd\CSPAll\SN09al_V_comb_dup.fits,V,,,True,1,OBJECT,SN2009al,0.23000000000000403,CRVAL1,162.856357,True,,,du Pont,
"(2533, 2483)",CRVAL2,29.730278,,D:\Thesis\pd\CSPAll\SN09cz_B_comb_dup.fits,B,,,True,1,OBJECT,SN09cz,0.23000000000000403,CRVAL1,138.748588,True,,,du Pont,
"(2600, 2487)",CRVAL2,29.730278,,D:\Thesis\pd\CSPAll\SN09cz_V_comb_dup.fits,V,,,True,1,OBJECT,SN09cz,0.23000000000000403,CRVAL1,138.748588,True,,,du Pont,
"(2460, 2553)",CRVAL2,-19.190306,,D:\Thesis\pd\CSPAll\SN09D_B_comb_dup.fits,B,,,True,1,OBJECT,SN2009D,0.23000000000000403,CRVAL1,58.602792,True,,,du Pont,
"(2459, 2548)",CRVAL2,-19.190306,,D:\Thesis\pd\CSPAll\SN09D_V_comb_dup.fits,V,,,True,1,OBJECT,SN2009D,0.23000000000000403,CRVAL1,58.602792,True,,,du Pont,
"(2473, 2479)",CRVAL2,25.701916,,D:\Thesis\pd\CSPAll\SN09dc_B_comb_dup.fits,B,,,True,1,OBJECT,SN2009dc,0.23000000000000403,CRVAL1,237.805328,True,,,du Pont,
"(2475, 2557)",CRVAL2,25.701916,,D:\Thesis\pd\CSPAll\SN09dc_V_comb_dup.fits,V,,,True,1,OBJECT,SN2009dc,0.23000000000000403,CRVAL1,237.805328,True,,,du Pont,
"(2549, 2481)",CRVAL2,-9.729831,,D:\Thesis\pd\CSPAll\SN09ds_B_comb_dup.fits,B,,,True,1,OBJECT,SN09ds,0.23000000000000403,CRVAL1,177.27045,True,,,du Pont,
"(2557, 2481)",CRVAL2,-9.729831,,D:\Thesis\pd\CSPAll\SN09ds_V_comb_dup.fits,V,,,True,1,OBJECT,SN09ds,0.23000000000000403,CRVAL1,177.27045,True,,,du Pont,
"(2514, 2558)",CRVAL2,-11.132306,,D:\Thesis\pd\CSPAll\SN09F_B_comb_dup.fits,B,,,True,1,OBJECT,SN09F,0.23000000000000403,CRVAL1,74.845375,True,,,du Pont,
"(2558, 2554)",CRVAL2,-11.132306,,D:\Thesis\pd\CSPAll\SN09F_V_comb_dup.fits,V,,,True,1,OBJECT,SN09F,0.23000000000000403,CRVAL1,74.845375,True,,,du Pont,
"(2467, 2565)",CRVAL2,-4.710778,,D:\Thesis\pd\CSPAll\SN09I_B_comb_dup.fits,B,,,True,1,OBJECT,SN09I,0.23000000000000403,CRVAL1,41.291417,True,,,du Pont,
"(2468, 2552)",CRVAL2,-4.710778,,D:\Thesis\pd\CSPAll\SN09I_V_comb_dup.fits,V,,,True,1,OBJECT,SN09I,0.23000000000000403,CRVAL1,41.291417,True,,,du Pont,
"(2476, 2609)",CRVAL2,-76.92025,,D:\Thesis\pd\CSPAll\SN09J_B_comb_dup.fits,B,,,True,1,OBJECT,SN2009J,0.23000000000000403,CRVAL1,88.869,True,,,du Pont,
"(2489, 2599)",CRVAL2,-76.92025,,D:\Thesis\pd\CSPAll\SN09J_V_comb_dup.fits,V,,,True,1,OBJECT,SN2009J,0.23000000000000403,CRVAL1,88.869,True,,,du Pont,
"(2507, 2513)",CRVAL2,-23.415083,,D:\Thesis\pd\CSPAll\SN09le_B_comb_dup.fits,B,,,True,1,OBJECT,SN2009le,0.23000000000000403,CRVAL1,32.325333,True,,,du Pont,
"(2548, 2468)",CRVAL2,-23.415083,,D:\Thesis\pd\CSPAll\SN09le_V_comb_dup.fits,V,,,True,1,OBJECT,SN2009le,0.23000000000000403,CRVAL1,32.325333,True,,,du Pont,
"(2479, 2570)",CRVAL2,-3.546333,,D:\Thesis\pd\CSPAll\SN09P_B_comb_dup.fits,B,,,True,1,OBJECT,SN2009P,0.23000000000000403,CRVAL1,170.160958,True,,,du Pont,
"(2480, 2573)",CRVAL2,-3.546333,,D:\Thesis\pd\CSPAll\SN09P_V_comb_dup.fits,V,,,True,1,OBJECT,SN2009P,0.23000000000000403,CRVAL1,170.160958,True,,,du Pont,
"(2472, 2516)",CRVAL2,-17.253081,,D:\Thesis\pd\CSPAll\SN09Y_B_comb_dup.fits,B,,,True,1,OBJECT,SN2009Y,0.23000000000000403,CRVAL1,220.59957,True,,,du Pont,
"(2470, 2562)",CRVAL2,-17.253081,,D:\Thesis\pd\CSPAll\SN09Y_V_comb_dup.fits,V,,,True,1,OBJECT,SN2009Y,0.23000000000000403,CRVAL1,220.59957,True,,,du Pont,
"(2463, 2554)",CRVAL2,-57.3435,,D:\Thesis\pd\CSPAll\SN10ae_B_comb_dup.fits,B,,,True,1,OBJECT,SN2010ae,0.23000000000000403,CRVAL1,108.977208,True,,,du Pont,
"(2462, 2556)",CRVAL2,-57.3435,,D:\Thesis\pd\CSPAll\SN10ae_V_comb_dup.fits,V,,,True,1,OBJECT,SN2010ae,0.23000000000000403,CRVAL1,108.977208,True,,,du Pont,
"(1355, 1304)",CRVAL2,-0.162083,,D:\Thesis\pd\CSPAll\SN2011im_V_comb_swo.fits,V,,,True,1,OBJECT,PTF11qnr,0.42999999999984,CRVAL1,341.101542,True,,,Swope,
"(2465, 2466)",CRVAL2,-35.594389,,D:\Thesis\pd\CSPAll\SN2011iv_B_comb_dup.fits,B,,,True,1,OBJECT,SN2011iv,0.23000000000000403,CRVAL1,54.716333,True,,,du Pont,
"(2461, 2460)",CRVAL2,-35.594389,,D:\Thesis\pd\CSPAll\SN2011iv_V_comb_dup.fits,V,,,True,1,OBJECT,SN2011iv,0.23000000000000403,CRVAL1,54.716333,True,,,du Pont,
"(1372, 1475)",CRVAL2,-35.594389,,D:\Thesis\pd\CSPAll\SN2011iv_V_comb_swo.fits,V,,,True,1,OBJECT,SN2011iv,0.42999999999984,CRVAL1,54.716333,True,,,Swope,
"(2468, 2469)",CRVAL2,-15.516306,,D:\Thesis\pd\CSPAll\SN2011iy_B_comb_dup.fits,B,,,True,1,OBJECT,SN2011iy,0.23000000000000403,CRVAL1,197.238458,True,,,du Pont,
"(2467, 2464)",CRVAL2,-15.516306,,D:\Thesis\pd\CSPAll\SN2011iy_V_comb_dup.fits,V,,,True,1,OBJECT,SN2011iy,0.23000000000000403,CRVAL1,197.238458,True,,,du Pont,
"(1370, 1373)",CRVAL2,-15.516306,,D:\Thesis\pd\CSPAll\SN2011iy_V_comb_swo.fits,V,,,True,1,OBJECT,SN2011iy,0.42999999999984,CRVAL1,197.238458,True,,,Swope,
"(2467, 2471)",CRVAL2,-10.063444,,D:\Thesis\pd\CSPAll\SN2011jh_B_comb_dup.fits,B,,,True,1,OBJECT,SN2011jh,0.23000000000000403,CRVAL1,191.814542,True,,,du Pont,
"(2465, 2463)",CRVAL2,-10.063444,,D:\Thesis\pd\CSPAll\SN2011jh_V_comb_dup.fits,V,,,True,1,OBJECT,SN2011jh,0.23000000000000403,CRVAL1,191.814542,True,,,du Pont,
"(1300, 1325)",CRVAL2,-10.063444,,D:\Thesis\pd\CSPAll\SN2011jh_V_comb_swo.fits,V,,,True,1,OBJECT,SN2011jh,0.42999999999984,CRVAL1,191.814542,True,,,Swope,
"(2470, 2472)",CRVAL2,-17.4095,,D:\Thesis\pd\CSPAll\SN2011jn_B_comb_dup.fits,B,,,True,1,OBJECT,SN2011jn,0.23000000000000403,CRVAL1,194.298292,True,,,du Pont,
"(2469, 2467)",CRVAL2,-17.4095,,D:\Thesis\pd\CSPAll\SN2011jn_V_comb_dup.fits,V,,,True,1,OBJECT,SN2011jn,0.23000000000000403,CRVAL1,194.298292,True,,,du Pont,
"(2469, 2470)",CRVAL2,2.966528,,D:\Thesis\pd\CSPAll\SN2011jt_B_comb_dup.fits,B,,,True,1,OBJECT,SN2011jt,0.23000000000000403,CRVAL1,223.3475,True,,,du Pont,
"(2469, 2476)",CRVAL2,2.966528,,D:\Thesis\pd\CSPAll\SN2011jt_V_comb_dup.fits,V,,,True,1,OBJECT,SN2011jt,0.23000000000000403,CRVAL1,223.3475,True,,,du Pont,
"(2289, 2385)",CRVAL2,2.966528,,D:\Thesis\pd\CSPAll\SN2011jt_V_comb_swo.fits,V,,,True,1,OBJECT,SN2011jt,0.42999999999984,CRVAL1,223.3475,True,,,Swope,
"(2469, 2472)",CRVAL2,22.094639,,D:\Thesis\pd\CSPAll\SN2012aq_B_comb_dup.fits,B,,,True,1,OBJECT,SN2012aq,0.23000000000000403,CRVAL1,223.521417,True,,,du Pont,
"(2468, 2467)",CRVAL2,22.094639,,D:\Thesis\pd\CSPAll\SN2012aq_V_comb_dup.fits,V,,,True,1,OBJECT,SN2012aq,0.23000000000000403,CRVAL1,223.521417,True,,,du Pont,
"(2470, 2473)",CRVAL2,-10.468333,,D:\Thesis\pd\CSPAll\SN2012ar_B_comb_dup.fits,B,,,True,1,OBJECT,SN2012ar,0.23000000000000403,CRVAL1,245.152167,True,,,du Pont,
"(2467, 2467)",CRVAL2,-10.468333,,D:\Thesis\pd\CSPAll\SN2012ar_V_comb_dup.fits,V,,,True,1,OBJECT,SN2012ar,0.23000000000000403,CRVAL1,245.152167,True,,,du Pont,
"(1290, 1289)",CRVAL2,-10.468333,,D:\Thesis\pd\CSPAll\SN2012ar_V_comb_swo.fits,V,,,True,1,OBJECT,SN2012ar,0.42999999999984,CRVAL1,245.152167,True,,,Swope,
"(2471, 2474)",CRVAL2,-48.358806,,D:\Thesis\pd\CSPAll\SN2012bl_B_comb_dup.fits,B,,,True,1,OBJECT,SN2012bl,0.23000000000000403,CRVAL1,305.962542,True,,,du Pont,
"(2472, 2473)",CRVAL2,-48.358806,,D:\Thesis\pd\CSPAll\SN2012bl_V_comb_dup.fits,V,,,True,1,OBJECT,SN2012bl,0.23000000000000403,CRVAL1,305.962542,True,,,du Pont,
"(1300, 1359)",CRVAL2,-48.358806,,D:\Thesis\pd\CSPAll\SN2012bl_V_comb_swo.fits,V,,,True,1,OBJECT,SN2012bl,0.42999999999984,CRVAL1,305.962542,True,,,Swope,
"(2467, 2468)",CRVAL2,-14.268556,,D:\Thesis\pd\CSPAll\SN2012bo_B_comb_dup.fits,B,,,True,1,OBJECT,SN2012bo,0.23000000000000403,CRVAL1,192.691917,True,,,du Pont,
"(2465, 2465)",CRVAL2,-14.268556,,D:\Thesis\pd\CSPAll\SN2012bo_V_comb_dup.fits,V,,,True,1,OBJECT,SN2012bo,0.23000000000000403,CRVAL1,192.691917,True,,,du Pont,
"(2295, 2241)",CRVAL2,-14.268556,,D:\Thesis\pd\CSPAll\SN2012bo_V_comb_swo.fits,V,,,True,1,OBJECT,SN2012bo,0.42999999999984,CRVAL1,192.691917,True,,,Swope,
"(2518, 2697)",CRVAL2,9.601694,,D:\Thesis\pd\CSPAll\SN2012E_B_comb_dup.fits,B,,,True,1,OBJECT,SN2012E,0.23000000000000403,CRVAL1,38.344792,True,,,du Pont,
"(2518, 2687)",CRVAL2,9.601694,,D:\Thesis\pd\CSPAll\SN2012E_V_comb_dup.fits,V,,,True,1,OBJECT,SN2012E,0.23000000000000403,CRVAL1,38.344792,True,,,du Pont,
"(2193, 2204)",CRVAL2,9.601694,,D:\Thesis\pd\CSPAll\SN2012E_V_comb_swo.fits,V,,,True,1,OBJECT,SN2012E,0.42999999999984,CRVAL1,38.344792,True,,,Swope,
"(2507, 2502)",CRVAL2,-36.140389,,D:\Thesis\pd\CSPAll\SN2012fr_B_comb_dup.fits,B,,,True,1,OBJECT,SN2012fr,0.23000000000000403,CRVAL1,53.401542,True,,,du Pont,
"(2506, 2501)",CRVAL2,-36.140389,,D:\Thesis\pd\CSPAll\SN2012fr_V_comb_dup.fits,V,,,True,1,OBJECT,SN2012fr,0.23000000000000403,CRVAL1,53.401542,True,,,du Pont,
"(2333, 2245)",CRVAL2,-36.140389,,D:\Thesis\pd\CSPAll\SN2012fr_V_comb_swo.fits,V,,,True,1,OBJECT,SN2012fr,0.42999999999984,CRVAL1,53.401542,True,,,Swope,
"(2470, 2474)",CRVAL2,16.587833,,D:\Thesis\pd\CSPAll\SN2012G_B_comb_dup.fits,B,,,True,1,OBJECT,SN2012G,0.23000000000000403,CRVAL1,189.899417,True,,,du Pont,
"(2462, 2460)",CRVAL2,16.587833,,D:\Thesis\pd\CSPAll\SN2012G_V_comb_dup.fits,V,,,True,1,OBJECT,SN2012G,0.23000000000000403,CRVAL1,189.899417,True,,,du Pont,
"(2471, 2475)",CRVAL2,14.001194,,D:\Thesis\pd\CSPAll\SN2012gm_B_comb_dup.fits,B,,,True,1,OBJECT,SN2012gm,0.23000000000000403,CRVAL1,349.401667,True,,,du Pont,
"(2470, 2470)",CRVAL2,14.001194,,D:\Thesis\pd\CSPAll\SN2012gm_V_comb_dup.fits,V,,,True,1,OBJECT,SN2012gm,0.23000000000000403,CRVAL1,349.401667,True,,,du Pont,
"(2472, 2473)",CRVAL2,24.531778,,D:\Thesis\pd\CSPAll\SN2012hl_B_comb_dup.fits,B,,,True,1,OBJECT,SN2012hl,0.23000000000000403,CRVAL1,12.573708,True,,,du Pont,
"(2472, 2470)",CRVAL2,24.531778,,D:\Thesis\pd\CSPAll\SN2012hl_V_comb_dup.fits,V,,,True,1,OBJECT,SN2012hl,0.23000000000000403,CRVAL1,12.573708,True,,,du Pont,
"(2723, 2846)",CRVAL2,18.583417,,D:\Thesis\pd\CSPAll\SN2012id_B_comb_dup.fits,B,,,True,1,OBJECT,SN2012id,0.23000000000000403,CRVAL1,70.676917,True,,,du Pont,
"(2720, 2838)",CRVAL2,18.583417,,D:\Thesis\pd\CSPAll\SN2012id_V_comb_dup.fits,V,,,True,1,OBJECT,SN2012id,0.23000000000000403,CRVAL1,70.676917,True,,,du Pont,
"(2470, 2467)",CRVAL2,17.457222,,D:\Thesis\pd\CSPAll\SN2012ij_B_comb_dup.fits,B,,,True,1,OBJECT,SN2012ij,0.23000000000000403,CRVAL1,175.067042,True,,,du Pont,
"(2464, 2461)",CRVAL2,17.457222,,D:\Thesis\pd\CSPAll\SN2012ij_V_comb_dup.fits,V,,,True,1,OBJECT,SN2012ij,0.23000000000000403,CRVAL1,175.067042,True,,,du Pont,
"(2587, 2638)",CRVAL2,-55.193528,,D:\Thesis\pd\CSPAll\SN2012U_B_comb_dup.fits,B,,,True,1,OBJECT,SN2012U,0.23000000000000403,CRVAL1,31.514542,True,,,du Pont,
"(2587, 2631)",CRVAL2,-55.193528,,D:\Thesis\pd\CSPAll\SN2012U_V_comb_dup.fits,V,,,True,1,OBJECT,SN2012U,0.23000000000000403,CRVAL1,31.514542,True,,,du Pont,
"(3191, 3387)",CRVAL2,-55.193528,,D:\Thesis\pd\CSPAll\SN2012U_V_comb_swo.fits,V,,,True,1,OBJECT,SN2012U,0.42999999999984,CRVAL1,31.514542,True,,,Swope,
"(2471, 2471)",CRVAL2,-47.035833,,D:\Thesis\pd\CSPAll\SN2013fy_B_comb_dup.fits,B,,,True,1,OBJECT,CSP13aab,0.23000000000000403,CRVAL1,324.367417,True,,,du Pont,
"(2471, 2471)",CRVAL2,-47.035833,,D:\Thesis\pd\CSPAll\SN2013fy_V_comb_dup.fits,V,,,True,1,OBJECT,CSP13aab,0.23000000000000403,CRVAL1,324.367417,True,,,du Pont,
"(2219, 2215)",CRVAL2,-47.035833,,D:\Thesis\pd\CSPAll\SN2013fy_V_comb_swo.fits,V,,,True,1,OBJECT,SN2013fy,0.42999999999984,CRVAL1,324.367417,True,,,Swope,
"(2434, 2438)",CRVAL2,-30.295861,,D:\Thesis\pd\CSPAll\SN2013hn_B_comb_dup.fits,B,,,True,1,OBJECT,SN2013hn,0.23000000000000403,CRVAL1,207.272125,True,,,du Pont,
"(2433, 2432)",CRVAL2,-30.295861,,D:\Thesis\pd\CSPAll\SN2013hn_V_comb_dup.fits,V,,,True,1,OBJECT,SN2013hn,0.23000000000000403,CRVAL1,207.272125,True,,,du Pont,
