object,filter,telescope,file,z,x_pix,y_pix,nx,ny,edge_dist_pix,plate_scale_hdr,plate_scale_wcs,aperture_r_pix,annulus_out_pix,aperture_fits,annulus_fits,aperture_snr,centroid_dx_arcsec,centroid_dy_arcsec,status,note,centroid_disagreement_arcsec
ASAS14ad,B,duPont,ASAS14ad_B_comb_dup.fits,0.0264,1171.8275637868403,708.9600577479941,2469,2477,708.9600577479941,0.23,0.23,40.950493446212406,245.70296067727446,True,True,191.66774401184122,-1.8231016547365162,5.592083964901017,OK,,0.49021479878905583
ASAS14ad,V,duPont,ASAS14ad_V_comb_dup.fits,0.0264,1168.8275637868403,707.9600577479941,2468,2471,707.9600577479941,0.23,0.23,40.950493446212406,245.70296067727446,True,True,272.02006692258556,-1.5702775292861886,6.0120726677753575,OK,,0.49021479878905583
ASAS14hp,B,duPont,ASAS14hp_B_comb_dup.fits,0.03892,1128.9601783665885,1075.0475354237335,2441,2432,1075.0475354237335,0.23,0.23,28.19711350121887,169.18268100731322,True,True,11.549044341297261,3.833685386913559,-6.916492527751001,OK,,0.5742865042380921
ASAS14hp,V,duPont,ASAS14hp_V_comb_dup.fits,0.03892,1127.9601783665885,1074.0475354237335,2437,2434,1074.0475354237335,0.23,0.23,28.19711350121887,169.18268100731322,True,True,21.44222284652147,4.249372620014829,-7.312736282511399,OK,,0.5742865042380921
ASAS14hr,B,duPont,ASAS14hr_B_comb_dup.fits,0.03362,1113.545600510376,1027.7686947166512,2430,2433,1027.7686947166512,0.23,0.23,32.436105303451605,194.6166318207096,True,True,293.1506717484414,-0.4396911939562516,1.607986809005497,OK,,0.42829156276485125
ASAS14hr,V,duPont,ASAS14hr_V_comb_dup.fits,0.03362,1112.545600510376,1026.7686947166512,2429,2428,1026.7686947166512,0.23,0.23,32.436105303451605,194.6166318207096,True,True,460.9316456930951,-0.18014071897482484,1.9486731951034364,OK,,0.42829156276485125
ASAS14hu,B,duPont,ASAS14hu_B_comb_dup.fits,0.015,1186.1099311840485,1077.4340606539731,2489,2729,1077.4340606539731,0.23,0.23,71.08735248473448,426.5241149084069,True,True,31.57660712406197,5.220133076411406,-6.028214033304628,CENTROID_DISAGREE,,9.442643476770646
ASAS14hu,V,duPont,ASAS14hu_V_comb_dup.fits,0.015,1181.1099311840485,1082.4340606539731,2483,2735,1082.4340606539731,0.23,0.23,71.08735248473448,426.5241149084069,True,True,73.32453412453063,10.020405967559874,-9.072454588084272,CENTROID_DISAGREE,,9.442643476770646
ASAS14hu,V,Swope,ASAS14hu_V_comb_swo.fits,0.015,1064.8727538891171,1084.464730117255,2271,2247,1064.8727538891171,0.43,0.43,38.023467608128605,228.14080564877165,True,True,70.85556547129075,17.157214289996254,-11.731261109005859,CENTROID_DISAGREE,,9.442643476770646
ASAS14jc,B,duPont,ASAS14jc_B_comb_dup.fits,0.011325,1164.5413972193257,991.4799383801944,2449,2450,991.4799383801944,0.23,0.23,93.73632140581408,562.4179284348844,True,True,592.8076610906136,-2.6043485856003126,0.2088278508591608,OK,,0.4416254604686074
ASAS14jc,V,duPont,ASAS14jc_V_comb_dup.fits,0.011325,1165.5413972193257,990.4799383801944,2449,2450,990.4799383801944,0.23,0.23,93.73632140581408,562.4179284348844,True,True,1023.3644657645896,-2.53178732358937,0.518252601107651,OK,,0.4416254604686074
ASAS14jc,V,Swope,ASAS14jc_V_comb_swo.fits,0.011325,1061.0337706056876,1033.8381065754504,2211,2216,1033.8381065754504,0.43,0.43,50.13803237987358,300.8281942792415,True,True,668.5990413679515,-1.8589129586999233,-0.43378345234100524,OK,,0.4416254604686074
ASAS14jg,B,duPont,ASAS14jg_B_comb_dup.fits,0.014827,1199.4560712914504,1088.405862406254,2509,2461,1088.405862406254,0.23,0.23,71.90170913702747,431.4102548221648,True,True,250.3422594409508,5.374188346374973,-4.324694901106121,OK,,2.217230547879618
ASAS14jg,V,duPont,ASAS14jg_V_comb_dup.fits,0.014827,1202.4560712914504,1089.405862406254,2507,2461,1089.405862406254,0.23,0.23,71.90170913702747,431.4102548221648,True,True,480.0462246249862,7.203057491163433,-5.578229485268553,OK,,2.217230547879618
ASAS14jz,B,duPont,ASAS14jz_B_comb_dup.fits,0.012,1127.5678466640002,1048.1188579163481,2468,2474,1048.1188579163481,0.23,0.23,88.5362452172267,531.2174713033602,True,True,187.6620370560524,-6.30773448699477,-0.37430922773317976,OK,,1.7347641092356076
ASAS14jz,V,duPont,ASAS14jz_V_comb_dup.fits,0.012,1124.5678466640002,1048.1188579163481,2468,2474,1048.1188579163481,0.23,0.23,88.5362452172267,531.2174713033602,True,True,267.95616819893235,-5.533768873942123,-0.35818077292169165,OK,,1.7347641092356076
ASAS14jz,V,Swope,ASAS14jz_V_comb_swo.fits,0.012,1001.9083830993407,1031.1565984203849,2190,2185,1001.9083830993407,0.43,0.43,47.35659627900018,284.13957767400103,True,True,33.63698060509954,-3.6124163007603864,-0.4316199453843106,OK,,1.7347641092356076
ASAS14kd,V,Swope,ASAS14kd_V_comb_swo.fits,0.026,1105.0338120291997,1083.1413995957014,2311,2263,1083.1413995957014,0.43,0.43,22.23003112305925,133.38018673835546,True,True,632.5514606956715,2.319674575046773,0.9965726675987937,OK,,
ASAS14kq,B,duPont,ASAS14kq_B_comb_dup.fits,0.0336,1127.305692585393,1051.3699320084806,2431,2431,1051.3699320084806,0.23,0.23,32.45463533088535,194.72781198531214,True,True,149.32791752331886,6.600724065273308,0.5013586349955712,OK,,0.6987423357580103
ASAS14kq,V,duPont,ASAS14kq_V_comb_dup.fits,0.0336,1127.305692585393,1048.3699320084806,2427,2425,1048.3699320084806,0.23,0.23,32.45463533088535,194.72781198531214,True,True,185.48851170180254,7.296112245031038,0.4329763914392863,OK,,0.6987423357580103
ASAS14lo,V,Swope,ASAS14lo_V_comb_swo.fits,0.01993,1063.1477921882906,1031.376012781396,2332,2324,1031.376012781396,0.43,0.43,28.78904114419556,172.73424686517336,True,True,390.6617579496441,-0.8339742547835304,6.029914374181966,OK,,
ASAS14lp,V,Swope,ASAS14lp_V_comb_swo.fits,0.0051,1072.1847577711558,1071.935811322951,2320,2295,1071.935811322951,0.43,0.43,110.49491775355426,662.9695065213256,True,True,3693.3896948763854,9.795989347686609,-9.756636062164231,OK,,
ASAS14lq,B,duPont,ASAS14lq_B_comb_dup.fits,0.026191,1137.6587228317221,1561.571959742585,3525,3521,1137.6587228317221,0.159,0.159,59.694248233377415,358.16548940026445,True,True,236.55506043672148,0.3737239392769062,0.11823529808987027,OK,,0.5567666160816294
ASAS14lq,V,duPont,ASAS14lq_V_comb_dup.fits,0.026191,1137.6587228317221,1560.571959742585,3516,3518,1137.6587228317221,0.159,0.159,59.694248233377415,358.16548940026445,True,True,284.8155158675091,0.7676138624255561,0.14371246155363776,OK,,0.5567666160816294
ASAS14lq,V,Swope,ASAS14lq_V_comb_swo.fits,0.026191,2696.658722831722,2802.571959742585,5984,6014,2696.658722831722,0.159,0.159,59.694248233377415,358.16548940026445,True,True,30.452607003014553,0.276485609089653,-0.9805331080128279,OK,,0.5567666160816294
ASAS14lt,B,duPont,ASAS14lt_B_comb_dup.fits,0.032046,1107.6859878351445,1000.420869501225,2429,2427,1000.420869501225,0.23,0.23,33.96516263816716,203.79097582900295,True,True,580.0660776007393,0.03021527870120845,4.00386277265703,OK,,0.34020449904185973
ASAS14lt,V,duPont,ASAS14lt_V_comb_dup.fits,0.032046,1106.6859878351445,998.420869501225,2426,2422,998.420869501225,0.23,0.23,33.96516263816716,203.79097582900295,True,True,903.3861818569534,0.1473705456284799,4.420522214274745,OK,,0.34020449904185973
ASAS14lt,V,Swope,ASAS14lt_V_comb_swo.fits,0.032046,1085.366923725775,1052.062325547163,2247,2243,1052.062325547163,0.43,0.43,18.16741257391044,109.00447544346265,True,True,531.8350897897443,0.21675395444754522,4.196076383371778,OK,,0.34020449904185973
ASAS14lw,V,Swope,ASAS14lw_V_comb_swo.fits,0.016,1135.4599358277098,1066.2539088963572,2294,2208,1066.2539088963572,0.43,0.43,35.6902313012013,214.14138780720782,True,True,12.012489347664566,-0.1536461950965616,-1.0038859345476643,OK,,
ASAS14me,B,duPont,ASAS14me_B_comb_dup.fits,0.018,1158.3455873692915,1122.9756458880784,2469,2511,1122.9756458880784,0.23,0.23,59.45510044147098,356.7306026488259,True,True,225.93908474326372,1.6607722137928336,8.27857414898524,OK,,2.171663497158422
ASAS14me,V,duPont,ASAS14me_V_comb_dup.fits,0.018,1158.3455873692915,1122.9756458880784,2465,2508,1122.9756458880784,0.23,0.23,59.45510044147098,356.7306026488259,True,True,307.315015883203,2.2175715657255077,10.55789194422023,OK,,2.171663497158422
ASAS14me,V,Swope,ASAS14me_V_comb_swo.fits,0.018,1072.5801978952018,1069.1265082657171,2226,2221,1069.1265082657171,0.43,0.43,31.801565352427104,190.80939211456263,True,True,176.0765111240535,2.1862369030300863,10.205584196982624,OK,,2.171663497158422
ASAS14mf,B,duPont,ASAS14mf_B_comb_dup.fits,0.0311,1133.142691928914,1055.6538996736158,2433,2429,1055.6538996736158,0.23,0.23,34.95864263296068,209.75185579776408,True,True,150.6750195336263,-0.3919797247088099,-0.6931024968321057,OK,,0.7264255528195229
ASAS14mf,V,duPont,ASAS14mf_V_comb_dup.fits,0.0311,1134.142691928914,1055.6538996736158,2433,2425,1055.6538996736158,0.23,0.23,34.95864263296068,209.75185579776408,True,True,201.70271582963483,0.32334604101455283,-0.8196059856434199,OK,,0.7264255528195229
ASAS14mw,V,Swope,ASAS14mw_V_comb_swo.fits,0.027406,2832.528813268055,2795.420899874252,5981,5933,2795.420899874252,0.159,0.159,57.13123096801025,342.7873858080615,True,True,191.30293605261264,-10.477394404603304,4.875893607640848,OK,,
ASAS14my,B,duPont,ASAS14my_B_comb_dup.fits,0.020514,1225.371964760348,944.1582278183057,2457,2468,944.1582278183057,0.23,0.23,52.32764392847935,313.9658635708761,True,True,438.95199946907684,-3.8407846262207146,1.1813078879707763,OK,,0.6052319232102787
ASAS14my,V,duPont,ASAS14my_V_comb_dup.fits,0.020514,1223.371964760348,941.1582278183057,2456,2458,941.1582278183057,0.23,0.23,52.32764392847935,313.9658635708761,True,True,649.5855628670689,-4.435448941702714,1.068702236402404,OK,,0.6052319232102787
ASAS15aj,B,duPont,ASAS15aj_B_comb_dup.fits,0.01092,1199.8484354605168,1066.7372189588486,2552,2469,1066.7372189588486,0.23,0.23,97.16495677891733,582.9897406735039,True,True,2516.1350748641144,-6.1620726782441695,-4.025859479086382,OK,,0.3581895132357676
ASAS15aj,V,duPont,ASAS15aj_V_comb_dup.fits,0.01092,1198.8484354605168,1065.7372189588486,2549,2471,1065.7372189588486,0.23,0.23,97.16495677891733,582.9897406735039,True,True,3529.365348776414,-6.279201357381105,-3.896534688098074,OK,,0.3581895132357676
ASAS15aj,V,Swope,ASAS15aj_V_comb_swo.fits,0.01092,1127.68637245563,1061.557117117528,2195,2179,1061.557117117528,0.43,0.43,51.97195362595277,311.8317217557166,True,True,1467.5296867291254,-5.637713254021748,-4.744558539809486,OK,,0.3581895132357676
ASAS15al,B,duPont,ASAS15al_B_comb_dup.fits,0.032,1104.5714526622833,1011.0556456589298,2454,2461,1011.0556456589298,0.23,0.23,34.012112258123885,204.0726735487433,True,True,83.79164298032234,-0.8240998591325296,3.5875824590748158,CENTROID_DISAGREE,,3.6323831141904943
ASAS15al,V,duPont,ASAS15al_V_comb_dup.fits,0.032,1103.5714526622833,1009.0556456589298,2452,2455,1009.0556456589298,0.23,0.23,34.012112258123885,204.0726735487433,True,True,92.31055400555037,-3.603013288893635,6.025255049470104,CENTROID_DISAGREE,,3.6323831141904943
ASAS15al,V,Swope,ASAS15al_V_comb_swo.fits,0.032,1063.0963584007552,1043.4483686082583,2222,2203,1043.4483686082583,0.43,0.43,18.19252516132917,109.15515096797499,True,True,48.422912272489505,-3.3166447741197285,6.148765264928594,CENTROID_DISAGREE,,3.6323831141904943
ASAS15as,B,duPont,ASAS15as_B_comb_dup.fits,0.028,1182.052258080141,1005.4330486266142,2457,2623,1005.4330486266142,0.23,0.23,38.684820450522686,232.10892270313613,True,True,42.503707924603034,-0.16270557071857994,0.1198357284799938,OK,,0.42818010004365914
ASAS15as,V,duPont,ASAS15as_V_comb_dup.fits,0.028,1180.052258080141,1006.4330486266142,2458,2620,1006.4330486266142,0.23,0.23,38.684820450522686,232.10892270313613,True,True,52.0382527817537,-0.4615959180250199,0.5035907775230878,OK,,0.42818010004365914
ASAS15as,V,Swope,ASAS15as_V_comb_swo.fits,0.028,1036.8419054847284,983.8130260095819,2201,2192,983.8130260095819,0.43,0.43,20.691880706101593,124.15128423660956,True,True,10.536922955447904,-0.6825480346202216,-0.514975840384641,OK,,0.42818010004365914
ASAS15ba,B,duPont,ASAS15ba_B_comb_dup.fits,0.02313,1094.2471971902244,1100.2539139659325,2463,2461,1094.2471971902244,0.23,0.23,46.55614153719735,279.3368492231841,True,True,71.70069917450184,-0.4349588025426564,-0.43213734420722477,OK,,0.2288159544590728
ASAS15ba,V,duPont,ASAS15ba_V_comb_dup.fits,0.02313,1093.2471971902244,1102.2539139659325,2463,2461,1093.2471971902244,0.23,0.23,46.55614153719735,279.3368492231841,True,True,99.82626263906673,-0.8217794839406676,-0.4487042733148046,OK,,0.2288159544590728
ASAS15ba,V,Swope,ASAS15ba_V_comb_swo.fits,0.02313,797.7368729157022,947.2055818887551,2197,2191,797.7368729157022,0.43,0.43,24.902122217580377,149.41273330548225,True,True,10.457168471093327,-0.49869546944671117,-0.495726762016634,OK,,0.2288159544590728
ASAS15be,B,duPont,ASAS15be_B_comb_dup.fits,0.0219,1134.3949081679925,1057.9405360425906,2428,2435,1057.9405360425906,0.23,0.23,49.09803827621213,294.5882296572728,True,True,129.22099335094782,2.353981535478047,1.0440577686778225,OK,,1.0693120070019373
ASAS15be,V,duPont,ASAS15be_V_comb_dup.fits,0.0219,1133.3949081679925,1054.9405360425906,2425,2429,1054.9405360425906,0.23,0.23,49.09803827621213,294.5882296572728,True,True,162.37203036768662,1.7798564842513056,2.2207740631034723,OK,,1.0693120070019373
ASAS15be,V,Swope,ASAS15be_V_comb_swo.fits,0.0219,1016.1647183224084,1023.2240076506866,2199,2193,1016.1647183224084,0.43,0.43,26.261741403565555,157.57044842139334,True,True,74.24301457451918,1.7276553874651706,1.6372650860270448,OK,,1.0693120070019373
ASAS15bm,V,Swope,ASAS15bm_V_comb_swo.fits,0.0206,966.4410131761535,1008.338603433797,2195,2186,966.4410131761535,0.43,0.43,27.875252143787492,167.25151286272495,True,True,393.62817393760344,-4.5171666423653125,2.3021254329934915,OK,,
ASAS15cb,B,duPont,ASAS15cb_B_comb_dup.fits,0.04004,1245.0312356287525,957.2834782609566,2458,2462,957.2834782609566,0.23,0.23,27.445019250991347,164.67011550594808,True,True,436.1819380664866,-0.3387704244761724,-1.4640703323159852,OK,,0.2537209606890503
ASAS15cb,V,duPont,ASAS15cb_V_comb_dup.fits,0.04004,1243.0312356287525,956.2834782609566,2457,2456,956.2834782609566,0.23,0.23,27.445019250991347,164.67011550594808,True,True,570.7430242940015,-0.2444224311499801,-1.4288813241079787,OK,,0.2537209606890503
ASAS15cb,V,Swope,ASAS15cb_V_comb_swo.fits,0.04004,1112.0167074293327,873.6865116279538,2198,2192,873.6865116279538,0.43,0.43,14.679894017977835,88.07936410786701,True,True,174.91791210227092,-0.14734377767730183,-1.0799382718507262,OK,,0.2537209606890503
ASAS15cd,B,duPont,ASAS15cd_B_comb_dup.fits,0.03435,1165.3583472304854,1002.716549308093,2457,2461,1002.716549308093,0.23,0.23,31.77453221842274,190.6471933105364,True,True,825.409290011641,2.4110051811942848,-1.2110380850818294,OK,,0.607401547798756
ASAS15cd,V,duPont,ASAS15cd_V_comb_dup.fits,0.03435,1165.3583472304854,1001.716549308093,2455,2454,1001.716549308093,0.23,0.23,31.77453221842274,190.6471933105364,True,True,1120.1044140277909,2.6220969734647603,-1.7805790366422618,OK,,0.607401547798756
ASAS15da,B,duPont,ASAS15da_B_comb_dup.fits,0.048,1104.3680718181834,1018.915915236849,2451,2456,1018.915915236849,0.23,0.23,23.11144525636103,138.6686715381662,True,True,158.35284677032158,7.6026749248858705,-5.987904478840877,OK,,0.6197731554748874
ASAS15da,V,duPont,ASAS15da_V_comb_dup.fits,0.048,1104.3680718181834,1015.915915236849,2450,2448,1015.915915236849,0.23,0.23,23.11144525636103,138.6686715381662,True,True,274.975615207436,8.002620448293753,-6.531683228713233,OK,,0.6197731554748874
ASAS15da,V,Swope,ASAS15da_V_comb_swo.fits,0.048,1123.987573298088,1071.2340941964646,2279,2211,1071.2340941964646,0.43,0.43,12.361935834802576,74.17161500881546,True,True,119.38192168010944,7.700646049345271,-6.57927068392617,OK,,0.6197731554748874
ASAS15db,V,Swope,ASAS15db_V_comb_swo.fits,0.011,1052.3182698006738,1052.7107111015225,2205,2209,1052.3182698006738,0.43,0.43,51.59899412508069,309.59396475048413,True,True,783.8717604629351,1.7797385786335849,0.7167411883523033,OK,,
ASAS15dd,B,duPont,ASAS15dd_B_comb_dup.fits,0.02437,1090.4615016942075,800.8139346200902,2458,2461,800.8139346200902,0.23,0.23,44.25334860932087,265.52009165592517,True,True,693.6136359544117,1.9600019120810084,0.2117109545338724,OK,,0.15312817147748012
ASAS15dd,V,duPont,ASAS15dd_V_comb_dup.fits,0.02437,1091.4615016942075,802.8139346200902,2458,2460,802.8139346200902,0.23,0.23,44.25334860932087,265.52009165592517,True,True,1220.9213985979302,1.8853283159702021,0.25531430367432895,OK,,0.15312817147748012
ASAS15dd,V,Swope,ASAS15dd_V_comb_swo.fits,0.02437,1222.3631288131785,1051.4353603781879,2460,2446,1051.4353603781879,0.43,0.43,23.6703957677855,142.022374606713,True,True,354.2031801547818,1.7774013481824364,0.3342489734858178,OK,,0.15312817147748012
ASAS15eb,B,duPont,ASAS15eb_B_comb_dup.fits,0.01648,1137.8710210744682,996.9408640684616,2451,2448,996.9408640684616,0.23,0.23,64.81944163655328,388.9166498193197,True,True,1277.2671820662895,-2.0023990921075177,-2.936630235049128,OK,,1.3620194336566467
ASAS15eb,V,duPont,ASAS15eb_V_comb_dup.fits,0.01648,1136.8710210744682,998.9408640684616,2451,2448,998.9408640684616,0.23,0.23,64.81944163655328,388.9166498193197,True,True,2138.8252997657505,-2.409387955434513,-4.366284144647771,OK,,1.3620194336566467
ASAS15eb,V,Swope,ASAS15eb_V_comb_swo.fits,0.01648,1037.605429877042,1044.038136594759,2270,2217,1037.605429877042,0.43,0.43,34.67086413119317,208.02518478715902,True,True,822.8420988524243,-2.846305238693048,-3.9268212429626437,OK,,1.3620194336566467
ASAS15fr,B,duPont,ASAS15fr_B_comb_dup.fits,0.03344,1175.24105608584,1037.4730433614145,2472,2767,1037.4730433614145,0.23,0.23,32.60367379322017,195.622042759321,True,True,268.3603228096605,0.25422701358728805,1.749877398653668,OK,,0.4938912356670737
ASAS15fr,V,duPont,ASAS15fr_V_comb_dup.fits,0.03344,1174.24105608584,1035.4730433614145,2472,2759,1035.4730433614145,0.23,0.23,32.60367379322017,195.622042759321,True,True,365.8728650545349,0.2648314575895915,1.7320579918382173,OK,,0.4938912356670737
ASAS15fr,V,Swope,ASAS15fr_V_comb_swo.fits,0.03344,1040.6638206970774,1041.694883658428,2207,2200,1040.6638206970774,0.43,0.43,17.43917435451991,104.63504612711945,True,True,52.560388316812606,-0.045962119804548555,0.8233160992143989,OK,,0.4938912356670737
ASAS15ga,B,duPont,ASAS15ga_B_comb_dup.fits,0.00663,1093.332973789868,1113.9061001124355,2522,2494,1093.332973789868,0.23,0.23,159.20263321835677,955.2157993101407,True,True,4565.06404684734,8.353654643372462,3.039192236815018,OK,,1.8284095288465616
ASAS15ga,V,duPont,ASAS15ga_V_comb_dup.fits,0.00663,1091.332973789868,1115.9061001124355,2519,2491,1091.332973789868,0.23,0.23,159.20263321835677,955.2157993101407,True,True,7357.280232758177,6.548125756197605,2.245990818814225,OK,,1.8284095288465616
ASAS15ga,V,Swope,ASAS15ga_V_comb_swo.fits,0.00663,979.8292650503925,1020.9497744787446,2197,2190,979.8292650503925,0.43,0.43,85.1548968377589,510.92938102655336,True,True,2263.617516945868,6.932095871292248,2.1124428240676636,OK,,1.8284095288465616
ASAS15go,B,duPont,ASAS15go_B_comb_dup.fits,0.01892,1105.1986372001745,1126.405211053916,2502,2571,1105.1986372001745,0.23,0.23,56.62702855471367,339.76217132828197,True,True,1018.3056451507381,0.9933129051882293,4.638534185247801,OK,,0.6184315131572189
ASAS15go,V,duPont,ASAS15go_V_comb_dup.fits,0.01892,1105.1986372001745,1127.405211053916,2499,2567,1105.1986372001745,0.23,0.23,56.62702855471367,339.76217132828197,True,True,1751.9480860109754,1.2960150941929067,4.736034326227857,OK,,0.6184315131572189
ASAS15go,V,Swope,ASAS15go_V_comb_swo.fits,0.01892,1080.3155501303272,1039.3097640520982,2247,2197,1039.3097640520982,0.43,0.43,30.288875738579577,181.73325443147743,True,True,262.9498288283899,0.6752689309858164,3.304266169729172,OK,,0.6184315131572189
ASAS15gr,B,duPont,ASAS15gr_B_comb_dup.fits,0.024,1147.3524465356581,1158.762452713598,2532,2861,1147.3524465356581,0.23,0.23,44.91555944264866,269.4933566558919,True,True,139.42383884140057,2.4007287310012213,6.9969847055859296,OK,,0.8055698681277416
ASAS15gr,V,duPont,ASAS15gr_V_comb_dup.fits,0.024,1143.3524465356581,1158.762452713598,2528,2847,1143.3524465356581,0.23,0.23,44.91555944264866,269.4933566558919,True,True,159.62555704267848,2.9722944201066435,7.092480140962526,OK,,0.8055698681277416
ASAS15gr,V,Swope,ASAS15gr_V_comb_swo.fits,0.024,1111.4675876818744,1039.640381684004,2200,2190,1039.640381684004,0.43,0.43,24.024601562356313,144.1476093741379,True,True,49.62881920549471,3.1335274224864604,5.955759492530882,OK,,0.8055698681277416
ASAS15hf,B,duPont,ASAS15hf_B_comb_dup.fits,0.00618,1260.742331469704,1082.2677620865375,2622,2499,1082.2677620865375,0.23,0.23,170.70134953414376,1024.2080972048625,True,True,1525.377565090666,1.2537919338918668,-8.804438662753624,OK,,0.5563995801075912
ASAS15hf,V,duPont,ASAS15hf_V_comb_dup.fits,0.00618,1257.742331469704,1087.2677620865375,2615,2503,1087.2677620865375,0.23,0.23,170.70134953414376,1024.2080972048625,True,True,2778.7749154118806,2.5184763074606495,-8.909774272087567,OK,,0.5563995801075912
ASAS15hf,V,Swope,ASAS15hf_V_comb_swo.fits,0.00618,1155.8156656698443,1119.6781053021016,2353,2263,1119.6781053021016,0.43,0.43,91.3053730066706,547.8322380400236,True,True,742.755170703262,0.7843388115840557,-7.920688492922818,OK,,0.5563995801075912
ASAS15hg,B,duPont,ASAS15hg_B_comb_dup.fits,0.02977,1211.3230452712671,1115.6575308418128,2604,2585,1115.6575308418128,0.23,0.23,36.46221663470667,218.77329980824004,True,True,395.2519393979433,-7.93083963842091,-0.009166286098792558,OK,,0.46755394724194427
ASAS15hg,V,duPont,ASAS15hg_V_comb_dup.fits,0.02977,1208.3230452712671,1114.6575308418128,2599,2577,1114.6575308418128,0.23,0.23,36.46221663470667,218.77329980824004,True,True,713.5590635612313,-8.530122452887428,-0.1225093214458751,OK,,0.46755394724194427
ASAS15hg,V,Swope,ASAS15hg_V_comb_swo.fits,0.02977,987.0332567730126,1267.3517025432952,2278,2439,987.0332567730126,0.43,0.43,19.503046106943728,117.01827664166235,True,True,238.63388931778871,-8.2583424131683,-0.02030315254924074,OK,,0.46755394724194427
ASAS15hx,B,duPont,ASAS15hx_B_comb_dup.fits,0.0081,1265.001953261133,1056.3808572290636,2628,2575,1056.3808572290636,0.23,0.23,130.54397620316536,783.2638572189923,True,True,59.93214360862835,8.60453396869213,-27.533301094581024,OK,,1.9282874817040974
ASAS15hx,V,duPont,ASAS15hx_V_comb_dup.fits,0.0081,1265.001953261133,1053.3808572290636,2626,2568,1053.3808572290636,0.23,0.23,130.54397620316536,783.2638572189923,True,True,84.55850708906614,9.346958520693374,-28.180791646430958,OK,,1.9282874817040974
ASAS15hx,V,Swope,ASAS15hx_V_comb_swo.fits,0.0081,1201.2103470931654,1172.1804585178681,2401,2369,1172.1804585178681,0.43,0.43,69.82584773660403,418.9550864196242,True,True,20.09092304462099,6.916708065812061,-23.146908734159034,OK,,1.9282874817040974
CSP12G,B,duPont,CSP12G_B_comb_dup.fits,0.03697,1238.2930617607135,991.2852393067415,2899,2728,991.2852393067415,0.23,0.23,29.615356836660883,177.69214101996528,True,True,65.8914772603261,1.0067961318451508,-0.4742610632887908,OK,,0.1016881026078901
CSP12G,V,duPont,CSP12G_V_comb_dup.fits,0.03697,1234.2930617607135,992.2852393067415,2894,2726,992.2852393067415,0.23,0.23,29.615356836660883,177.69214101996528,True,True,88.49569193227879,1.391783623659495,-0.5452448010755265,OK,,0.1016881026078901
CSP12G,V,Swope,CSP12G_V_comb_swo.fits,0.03697,1031.1334981510763,928.2223373036059,2201,2195,928.2223373036059,0.43,0.43,15.840772261475946,95.04463356885567,True,True,18.98113602629043,0.4771767151800148,-0.2602966024589608,OK,,0.1016881026078901
CSP12J,B,duPont,CSP12J_B_comb_dup.fits,0.0147,1126.5817941097398,1071.506026000447,2541,2779,1071.506026000447,0.23,0.23,72.5117329992081,435.0703979952486,True,True,1029.769637291878,-1.3745559933817537,-3.4098963125116524,OK,,1.1161229874240057
CSP12J,V,duPont,CSP12J_V_comb_dup.fits,0.0147,1126.5817941097398,1071.506026000447,2539,2781,1071.506026000447,0.23,0.23,72.5117329992081,435.0703979952486,True,True,1883.6959675956293,-2.2365142030963474,-2.700841612391909,OK,,1.1161229874240057
CSP13aam,B,duPont,CSP13aam_B_comb_dup.fits,0.07495,1183.433850038758,1250.68913601632,2771,2538,1183.433850038758,0.23,0.23,15.277696558482457,91.66617935089474,True,True,1.0028426670619606,0.10138787388330307,-1.8903945649943503,NO_SIGNAL,,1.45091783836814
CSP13aam,V,duPont,CSP13aam_V_comb_dup.fits,0.07495,1181.433850038758,1247.68913601632,2768,2537,1181.433850038758,0.23,0.23,15.277696558482457,91.66617935089474,True,True,9.759808254770986,1.3865044015765156,-1.502262162091772,OK,,1.45091783836814
CSP13aam,V,Swope,CSP13aam_V_comb_swo.fits,0.07495,1037.1157802532825,1084.9034913575667,2235,2226,1037.1157802532825,0.43,0.43,8.17179118244729,49.03074709468373,True,True,7.621298580050772,1.6643235145840678,-1.7224252318037305,OK,,1.45091783836814
CSP13aao,B,duPont,CSP13aao_B_comb_dup.fits,0.0614,1192.013938273169,1260.4226086954936,2629,2923,1192.013938273169,0.23,0.23,18.355746537682933,110.13447922609761,True,True,163.5338689737376,-0.9020786999793755,-0.5143453866522646,OK,,0.4724941614709939
CSP13aao,V,duPont,CSP13aao_V_comb_dup.fits,0.0614,1188.013938273169,1261.4226086954936,2622,2921,1188.013938273169,0.23,0.23,18.355746537682933,110.13447922609761,True,True,373.1380451670412,-0.597424390680493,-0.5895356568684673,OK,,0.4724941614709939
CSP13aao,V,Swope,CSP13aao_V_comb_swo.fits,0.0614,1034.0074553554161,1064.2260465115432,2223,2213,1034.0074553554161,0.43,0.43,9.818190008531905,58.90914005119144,True,True,80.61438632948753,-0.3345486422814073,-0.07542807528705214,OK,,0.4724941614709939
CSP13abm,V,duPont,CSP13abm_V_comb_dup.fits,0.02818,1192.1175787601603,735.0191430472637,2460,2460,735.0191430472637,0.23,0.23,38.44603627891414,230.67621767348487,True,True,8.267961668538227,-0.3718906427485595,-0.2691494142106794,OK,,
CSP14aaq,B,duPont,CSP14aaq_B_comb_dup.fits,0.03591,1223.7527064862854,796.184345687761,2518,2478,796.184345687761,0.23,0.23,30.450951210171844,182.70570726103108,True,True,656.406007198429,-0.883999586065484,0.6872310511547773,OK,,0.34249051377825457
CSP14aaq,V,duPont,CSP14aaq_V_comb_dup.fits,0.03591,1223.7527064862854,793.184345687761,2519,2475,793.184345687761,0.23,0.23,30.450951210171844,182.70570726103108,True,True,851.6598023664967,-0.7971599135897971,0.35593266101017035,OK,,0.34249051377825457
CSP14acy,B,duPont,CSP14acy_B_comb_dup.fits,0.0664,1152.0231865985054,1147.5164029003013,2573,2790,1147.5164029003013,0.23,0.23,17.073453622243505,102.44072173346103,True,True,31.79614361372693,-0.5138180378592907,-0.3876052168719895,OK,,0.5666654743288128
CSP14acy,V,duPont,CSP14acy_V_comb_dup.fits,0.0664,1135.0231865985054,1153.5164029003013,2561,2795,1135.0231865985054,0.23,0.23,17.073453622243505,102.44072173346103,True,True,66.96945911898413,-0.9856442090739017,-0.7014361011922854,OK,,0.5666654743288128
CSP14ade,B,duPont,CSP14ade_B_comb_dup.fits,0.06246,1164.296481043602,967.6329820227268,2443,2449,967.6329820227268,0.23,0.23,18.066728639659107,108.40037183795462,True,True,129.22606798720133,-5.956390895267034,7.2531265647075225,OK,,0.8083602368977797
CSP14ade,V,duPont,CSP14ade_V_comb_dup.fits,0.06246,1161.296481043602,970.6329820227268,2443,2449,970.6329820227268,0.23,0.23,18.066728639659107,108.40037183795462,True,True,236.94144143704787,-5.641390714629763,6.665840318182228,OK,,0.8083602368977797
CSP14ade,V,Swope,CSP14ade_V_comb_swo.fits,0.06246,1075.8330014884393,1019.664153174946,2205,2195,1019.664153174946,0.43,0.43,9.663599039821428,57.98159423892856,True,True,98.20369376009361,-5.729782550657355,6.317112021575841,OK,,0.8083602368977797
CSP15aae,V,Swope,CSP15aae_V_comb_swo.fits,0.016,953.3378527482563,1151.8242668442251,2214,2338,953.3378527482563,0.43,0.43,35.6902313012013,214.14138780720782,True,True,697.9160468777856,6.2413251780905545,10.701222276587572,OK,,
KISS13j,V,Swope,KISS13j_V_comb_swo.fits,0.0766,902.6283456693217,911.6297691458499,1858,1858,902.6283456693217,0.43,0.43,8.01115212169319,48.06691273015914,True,True,121.11624882734252,0.6064609717286669,-1.5705146587365624,OK,,
KISS13l,B,duPont,KISS13l_B_comb_dup.fits,0.13201,1155.0272230187873,1018.8226086951801,2459,2462,1018.8226086951801,0.23,0.23,9.259864129146576,55.55918477487946,True,True,6.623217705847302,-0.06168293037255496,1.4161785808282874,OK,,0.8583563142788286
KISS13l,V,duPont,KISS13l_V_comb_dup.fits,0.13201,1154.0272230187873,1019.8226086951801,2459,2459,1019.8226086951801,0.23,0.23,9.259864129146576,55.55918477487946,True,True,8.869923311864799,-0.5356344246951852,0.8546202160055512,OK,,0.8583563142788286
KISS13l,V,Swope,KISS13l_V_comb_swo.fits,0.13201,1089.0145611495839,937.4865116276519,2203,2202,937.4865116276519,0.43,0.43,4.952950580708238,29.71770348424943,True,True,1.694792919160246,-0.19797648161639259,0.37314876377664596,NO_SIGNAL,,0.8583563142788286
KISS13v,B,duPont,KISS13v_B_comb_dup.fits,0.08,987.9510855047389,1049.5982629572543,2437,2437,987.9510855047389,0.23,0.23,14.397660959862781,86.38596575917668,True,True,6.436973921820163,1.4111064546447354,-1.2045271500640917,OK,,1.5247195700820249
KISS13v,V,duPont,KISS13v_V_comb_dup.fits,0.08,989.9510855047389,1051.5982629572543,2434,2431,989.9510855047389,0.23,0.23,14.397660959862781,86.38596575917668,True,True,8.551861630725968,0.38754035740199944,-0.27957801116779607,OK,,1.5247195700820249
KISS13v,V,Swope,KISS13v_V_comb_swo.fits,0.08,937.3691852699759,941.389768558532,1862,1861,918.610231441468,0.43,0.43,7.7010744669063484,46.206446801438084,True,True,3.8367096536696197,0.14404044946722924,-0.11649749102776098,OK,,1.5247195700820249
KISS15m,B,duPont,KISS15m_B_comb_dup.fits,0.0243,1287.0917063633622,926.0264678414151,2467,2468,926.0264678414151,0.23,0.23,44.3770847363079,266.2625084178474,True,True,1.4856475964533864,-8.780537123626473,4.033754347112433,NO_SIGNAL,,2.1108598893662123
KISS15m,V,duPont,KISS15m_V_comb_dup.fits,0.0243,1285.0917063633622,927.0264678414151,2459,2465,927.0264678414151,0.23,0.23,44.3770847363079,266.2625084178474,True,True,-2.103895672296835,-15.213374518139036,6.493761177950311,NO_SIGNAL,,2.1108598893662123
KISS15m,V,Swope,KISS15m_V_comb_swo.fits,0.0243,1142.0723080548607,1025.456017682614,2209,2201,1025.456017682614,0.43,0.43,23.736580207801847,142.41948124681107,True,True,-3.3532249850337226,-6.493968524328344,2.3683373274171475,NO_SIGNAL,,2.1108598893662123
KISS15n,V,Swope,KISS15n_V_comb_swo.fits,0.023,2808.3992063381975,2821.3018891580346,5960,5945,2808.3992063381975,0.159,0.159,67.71539415278824,406.29236491672935,True,True,753.1637645453872,-0.530667257880542,0.12874996979043335,OK,,
LSQ11bk,B,duPont,LSQ11bk_B_comb_dup.fits,0.037,1188.9226188247203,919.9843478256525,2433,2435,919.9843478256525,0.23,0.23,29.592404930551055,177.55442958330633,True,True,11.500961526584971,-0.1919587425702674,0.00594163834238312,OK,,0.5557062797556448
LSQ11bk,V,duPont,LSQ11bk_V_comb_dup.fits,0.037,1187.9226188247203,919.9843478256515,2428,2430,919.9843478256515,0.23,0.23,29.592404930551055,177.55442958330633,True,True,13.87950302348511,-0.40601185706654735,-0.06578402158807962,OK,,0.5557062797556448
LSQ11bk,V,Swope,LSQ11bk_V_comb_swo.fits,0.037,706.9586100690365,550.9916279067438,1294,1294,550.9916279067438,0.43,0.43,15.828495660533477,94.97097396320085,True,True,0.5970676753469908,-0.4163797804758003,-0.94359578982686,NO_SIGNAL,,0.5557062797556448
LSQ11ot,B,duPont,LSQ11ot_B_comb_dup.fits,0.027,1359.076551459893,947.5636434064166,2466,2464,947.5636434064166,0.23,0.23,40.06939070658076,240.41634423948457,True,True,164.32761903673187,3.5271471550916735,0.30620831456697767,OK,,0.7161828947740692
LSQ11ot,V,duPont,LSQ11ot_V_comb_dup.fits,0.027,1357.076551459893,950.5636434064177,2460,2465,950.5636434064177,0.23,0.23,40.06939070658076,240.41634423948457,True,True,274.78899584649207,3.545450340980717,1.0221572877160956,OK,,0.7161828947740692
LSQ11pn,B,duPont,LSQ11pn_B_comb_dup.fits,0.033,1349.424582830731,951.1895652211335,2540,2646,951.1895652211335,0.23,0.23,33.02098426565925,198.1259055939555,True,True,442.5390404680778,-1.074040612270709,6.29418360410191,OK,,0.3276313852871156
LSQ11pn,V,duPont,LSQ11pn_V_comb_dup.fits,0.033,1347.424582830731,961.1895652211335,2534,2656,961.1895652211335,0.23,0.23,33.02098426565925,198.1259055939555,True,True,616.2671584237189,-0.9452029318626333,6.5954196854936,OK,,0.3276313852871156
LSQ12agq,B,duPont,LSQ12agq_B_comb_dup.fits,0.064,1290.7318408798005,941.4521670405752,2472,2468,941.4521670405752,0.23,0.23,17.663915018269538,105.98349010961722,True,True,72.72313137705557,-1.285234808815248,0.8461163705335315,OK,,0.976644073599796
LSQ12agq,V,duPont,LSQ12agq_V_comb_dup.fits,0.064,1287.7318408798005,939.4521670405752,2465,2464,939.4521670405752,0.23,0.23,17.663915018269538,105.98349010961722,True,True,125.76221602614842,-1.4535622695853114,1.198825089001608,OK,,0.976644073599796
LSQ12agq,V,Swope,LSQ12agq_V_comb_swo.fits,0.064,609.2054032612906,599.8930195798406,1283,1283,599.8930195798406,0.43,0.43,9.448140591171107,56.68884354702664,True,True,1.1435368431837687,0.07110918189549388,-1.057060441955871,NO_SIGNAL,,0.976644073599796
LSQ12aor,B,duPont,LSQ12aor_B_comb_dup.fits,0.093,1252.0737683347281,936.3269559914579,2469,2466,936.3269559914579,0.23,0.23,12.572814752654509,75.43688851592705,True,True,77.12959049925885,-1.7478372291988342,2.72604833161636,OK,,0.4570272570410421
LSQ12aor,V,duPont,LSQ12aor_V_comb_dup.fits,0.093,1248.0737683347281,933.3269559914579,2464,2462,933.3269559914579,0.23,0.23,12.572814752654509,75.43688851592705,True,True,106.9264866215172,-2.1185170229154986,2.9933878240386917,OK,,0.4570272570410421
LSQ12bld,B,duPont,LSQ12bld_B_comb_dup.fits,0.083,1384.791575251046,859.4992966675599,2473,2468,859.4992966675599,0.23,0.23,13.92567603500464,83.55405621002785,True,True,17.576115189618584,-4.380929063839379,-0.2066383681745156,OK,,0.4731939422104174
LSQ12bld,V,duPont,LSQ12bld_V_comb_dup.fits,0.083,1382.791575251046,859.4992966675599,2470,2466,859.4992966675599,0.23,0.23,13.92567603500464,83.55405621002785,True,True,12.63045552381797,-6.0249076189155835,0.20636994494019262,OK,,0.4731939422104174
LSQ12bld,V,Swope,LSQ12bld_V_comb_swo.fits,0.083,1073.4931681575458,1077.5461354268361,2242,2211,1073.4931681575458,0.43,0.43,7.4486174140751515,44.69170448445091,True,True,-0.01448329875662161,-2.345962120057954,0.24219907502465302,NO_SIGNAL,,0.4731939422104174
LSQ12blp,V,Swope,LSQ12blp_V_comb_swo.fits,0.074,1232.840996703355,1065.8390588274221,2405,2265,1065.8390588274221,0.43,0.43,8.267536314332613,49.60521788599568,True,True,-1.5569882610186032,0.06851463584702715,-2.128935603951623,NO_SIGNAL,,
LSQ12btn,B,duPont,LSQ12btn_B_comb_dup.fits,0.054,1274.842874709829,898.3859202491717,2467,2466,898.3859202491717,0.23,0.23,20.68992963012817,124.13957778076903,True,True,14.271251477197078,-8.544331688271667,-2.9548585366073423,OK,,0.5816883850046776
LSQ12btn,V,duPont,LSQ12btn_V_comb_dup.fits,0.054,1272.842874709829,897.3859202491717,2463,2463,897.3859202491717,0.23,0.23,20.68992963012817,124.13957778076903,True,True,28.79020541731063,-9.147059691483541,-3.0398830486479045,OK,,0.5816883850046776
LSQ12btn,V,Swope,LSQ12btn_V_comb_swo.fits,0.054,1177.3810725192195,985.2296782728159,2346,2215,985.2296782728159,0.43,0.43,11.066706546351938,66.40023927811163,True,True,8.68631470515789,-8.989248076052945,-3.3756865119758928,OK,,0.5816883850046776
LSQ12ca,B,duPont,LSQ12ca_B_comb_dup.fits,0.098,1199.6627081574002,677.222608617765,2465,2463,677.222608617765,0.23,0.23,12.000194329181667,72.00116597509,True,True,23.65505517243769,-0.7394830994348536,-3.632005504200793,OK,,0.4362233569656329
LSQ12ca,V,duPont,LSQ12ca_V_comb_dup.fits,0.098,1199.6627081574002,676.222608617764,2459,2458,676.222608617764,0.23,0.23,12.000194329181667,72.00116597509,True,True,36.225307873556936,-0.7752027528810613,-4.02819663540483,OK,,0.4362233569656329
LSQ12ca,V,Swope,LSQ12ca_V_comb_swo.fits,0.098,1148.3544718051212,1037.6306976327635,2318,2202,1037.6306976327635,0.43,0.43,6.418708594681067,38.5122515680864,True,True,14.128235969551552,-0.7588831536843816,-4.106518161017114,OK,,0.4362233569656329
LSQ12cda,B,duPont,LSQ12cda_B_comb_dup.fits,0.13749,1353.475170171387,830.1600018784619,2469,2470,830.1600018784619,0.23,0.23,8.945713231766673,53.67427939060004,True,True,-0.4823692581630195,-1.109884472805592,2.522677820586151,NO_SIGNAL,,0.023260455493827735
LSQ12cda,V,duPont,LSQ12cda_V_comb_dup.fits,0.13749,1353.475170171387,830.1600018784619,2465,2467,830.1600018784619,0.23,0.23,8.945713231766673,53.67427939060004,True,True,1.9219719352911737,-1.6159216195870985,3.3427264940669152,NO_SIGNAL,,0.023260455493827735
LSQ12cda,V,Swope,LSQ12cda_V_comb_swo.fits,0.13749,1097.3936956730684,1048.8995358884727,2285,2262,1048.8995358884727,0.43,0.43,4.784916379784038,28.70949827870423,True,True,-2.117352703193457,-0.5584202718864171,1.692600293158166,NO_SIGNAL,,0.023260455493827735
LSQ12cdl,B,duPont,LSQ12cdl_B_comb_dup.fits,0.111,1185.2020466004626,990.8852087666104,2469,2468,990.8852087666104,0.23,0.23,10.753571413520568,64.52142848112341,True,True,65.21761995942632,1.2249731114362798,0.9106510586384258,OK,,0.174916206359032
LSQ12cdl,V,duPont,LSQ12cdl_V_comb_dup.fits,0.111,1184.2020466004626,990.8852087666104,2464,2466,990.8852087666104,0.23,0.23,10.753571413520568,64.52142848112341,True,True,93.25118835701683,1.180536262164028,1.0590950793764389,OK,,0.174916206359032
LSQ12cdl,V,Swope,LSQ12cdl_V_comb_swo.fits,0.111,1909.3638853909438,1210.333948875163,3204,2500,1210.333948875163,0.43,0.43,5.751910290955102,34.51146174573062,True,True,31.216711722267178,0.9908226706723893,0.9738006077896234,OK,,0.174916206359032
LSQ12fuk,B,duPont,LSQ12fuk_B_comb_dup.fits,0.02,1263.3540076592692,823.8626086281109,2465,2460,823.8626086281109,0.23,0.23,53.63914628061932,321.8348776837159,True,True,153.9412293774632,2.082633536251885,3.3529833488776637,OK,,2.930370195602446
LSQ12fuk,V,duPont,LSQ12fuk_V_comb_dup.fits,0.02,1264.3540076592692,824.8626086281109,2465,2460,824.8626086281109,0.23,0.23,53.63914628061932,321.8348776837159,True,True,364.9497644382784,1.8890461681100548,6.276952126783994,OK,,2.930370195602446
LSQ12fvl,B,duPont,LSQ12fvl_B_comb_dup.fits,0.056,1331.045196610284,857.4622061608907,2572,2481,857.4622061608907,0.23,0.23,19.998168425070894,119.98901055042535,True,True,45.82473234807037,-6.279851363003455,-4.400455835125691,OK,,0.47644681527876015
LSQ12fvl,V,duPont,LSQ12fvl_V_comb_dup.fits,0.056,1324.045196610284,857.4622061608907,2564,2474,857.4622061608907,0.23,0.23,19.998168425070894,119.98901055042535,True,True,58.27291904524845,-6.462008408990806,-4.840706193883563,OK,,0.47644681527876015
LSQ12fxd,B,duPont,LSQ12fxd_B_comb_dup.fits,0.031,1360.7163317540183,833.5495306836295,2580,2477,833.5495306836295,0.23,0.23,35.06720637531027,210.40323825186167,True,True,13.990099200844858,2.2615606797419074,-5.64090307613589,CENTROID_DISAGREE,,3.5621074549624865
LSQ12fxd,V,duPont,LSQ12fxd_V_comb_dup.fits,0.031,1358.7163317540183,833.5495306836295,2577,2477,833.5495306836295,0.23,0.23,35.06720637531027,210.40323825186167,True,True,22.023794171505838,0.730429258650156,-8.857150282437805,CENTROID_DISAGREE,,3.5621074549624865
LSQ12gdj,B,duPont,LSQ12gdj_B_comb_dup.fits,0.03,1306.733979169303,839.0246570106283,2538,2496,839.0246570106283,0.23,0.23,36.19266321493032,217.15597928958192,True,True,6.3316703732607245,-8.726012336800784,6.233105613810705,OK,,2.6536274875767765
LSQ12gdj,V,duPont,LSQ12gdj_V_comb_dup.fits,0.03,1300.733979169303,840.0246570106283,2534,2496,840.0246570106283,0.23,0.23,36.19266321493032,217.15597928958192,True,True,11.354370117038327,-11.171674178326983,7.26290025339945,OK,,2.6536274875767765
LSQ12gef,B,duPont,LSQ12gef_B_comb_dup.fits,0.065,1144.4193193817698,878.1565228293223,2457,2453,878.1565228293223,0.23,0.23,17.41258279931244,104.47549679587463,True,True,2.243525008356326,-0.7228903747667497,-0.5273805363613852,NO_SIGNAL,,0.8304040837470216
LSQ12gef,V,duPont,LSQ12gef_V_comb_dup.fits,0.065,1145.4193193817698,880.1565228293223,2457,2453,880.1565228293223,0.23,0.23,17.41258279931244,104.47549679587463,True,True,-2.1040654898138555,-1.2372635044841924,-1.1792940472878064,NO_SIGNAL,,0.8304040837470216
LSQ12gln,B,duPont,LSQ12gln_B_comb_dup.fits,0.112,1256.5548711374784,829.0591146067579,2466,2465,829.0591146067579,0.23,0.23,10.66970937563905,64.01825625383431,True,True,2.023808898100633,-0.7052676116161384,-2.0648938969151347,NO_SIGNAL,,0.2118164801797828
LSQ12gln,V,duPont,LSQ12gln_V_comb_dup.fits,0.112,1255.5548711374784,830.0591146067579,2466,2465,830.0591146067579,0.23,0.23,10.66970937563905,64.01825625383431,True,True,4.039498113987664,-0.7444857402696814,-2.2730480697310225,OK,,0.2118164801797828
LSQ12gpw,B,duPont,LSQ12gpw_B_comb_dup.fits,0.058,1416.1474624571492,821.0154468691161,2515,2475,821.0154468691161,0.23,0.23,19.354163456320357,116.12498073792214,True,True,47.718880578907715,-6.728013744684159,0.44360422215880224,OK,,0.3808870983936227
LSQ12gpw,V,duPont,LSQ12gpw_V_comb_dup.fits,0.058,1414.1474624571492,821.0154468691161,2511,2474,821.0154468691161,0.23,0.23,19.354163456320357,116.12498073792214,True,True,57.877578447395216,-7.097887867542821,0.534533397687059,OK,,0.3808870983936227
LSQ12gxj,B,duPont,LSQ12gxj_B_comb_dup.fits,0.036,1230.4132277463304,775.0991956692134,2466,2467,775.0991956692134,0.23,0.23,30.378092055254275,182.26855233152565,True,True,14.546649906280843,7.599218300818082,1.0456206309169425,OK,,1.9881206637978985
LSQ12gxj,V,duPont,LSQ12gxj_V_comb_dup.fits,0.036,1230.4132277463304,775.0991956692134,2466,2467,775.0991956692134,0.23,0.23,30.378092055254275,182.26855233152565,True,True,24.44117545955781,8.819338444997667,2.6153118768590815,OK,,1.9881206637978985
LSQ12gyc,B,duPont,LSQ12gyc_B_comb_dup.fits,0.093,1409.3931539328175,820.9356486922329,2519,2472,820.9356486922329,0.23,0.23,12.572814752654509,75.43688851592705,True,True,8.331083331502414,-0.8206379782803206,-0.8211650069885742,OK,,1.1308077776420649
LSQ12gyc,V,duPont,LSQ12gyc_V_comb_dup.fits,0.093,1408.3931539328175,820.9356486922329,2511,2469,820.9356486922329,0.23,0.23,12.572814752654509,75.43688851592705,True,True,11.560777457108932,0.30168166385075795,-0.6312756633312621,OK,,1.1308077776420649
LSQ12gyc,V,Swope,LSQ12gyc_V_comb_swo.fits,0.093,1084.3498265222056,1057.4306958121238,2312,2254,1057.4306958121238,0.43,0.43,6.7249939374689855,40.34996362481391,True,True,2.9548643151176948,0.17548749251109222,-0.21916090867407897,NO_SIGNAL,,1.1308077776420649
LSQ12gzm,B,duPont,LSQ12gzm_B_comb_dup.fits,0.1,1224.0702379556267,840.5859010155889,2466,2465,840.5859010155889,0.23,0.23,11.787229975198992,70.72337985119395,True,True,-2.5193526510927744,3.168484545641067,-0.41277231701142464,NO_SIGNAL,,0.2538784757783133
LSQ12gzm,V,duPont,LSQ12gzm_V_comb_dup.fits,0.1,1224.0702379556267,841.5859010155889,2466,2465,841.5859010155889,0.23,0.23,11.787229975198992,70.72337985119395,True,True,-1.9093883449271265,4.1295103296408575,-0.5750189218787459,NO_SIGNAL,,0.2538784757783133
LSQ12gzm,V,Swope,LSQ12gzm_V_comb_swo.fits,0.1,1046.2701272785864,1028.638970310663,2210,2196,1028.638970310663,0.43,0.43,6.304797428597266,37.8287845715836,True,True,-1.4850809395111149,2.4359322377872092,-0.7039758114404563,NO_SIGNAL,,0.2538784757783133
LSQ12hjm,B,duPont,LSQ12hjm_B_comb_dup.fits,0.07,1242.594515141931,806.8016769636322,2475,2463,806.8016769636322,0.23,0.23,16.263787334962494,97.58272400977496,True,True,39.35154097783384,4.294661758650765,3.2148883492626963,OK,,0.334974931496115
LSQ12hjm,V,duPont,LSQ12hjm_V_comb_dup.fits,0.07,1243.594515141931,807.8016769636322,2475,2463,807.8016769636322,0.23,0.23,16.263787334962494,97.58272400977496,True,True,54.82662810745696,4.576015836096557,3.3966796797365504,OK,,0.334974931496115
LSQ12hno,B,duPont,LSQ12hno_B_comb_dup.fits,0.048,1268.6566779682707,827.7721739016378,2463,2457,827.7721739016378,0.23,0.23,23.11144525636103,138.6686715381662,True,True,61.59141340246529,-1.653759445984626,0.6900133143216985,OK,,0.598341729065201
LSQ12hno,V,duPont,LSQ12hno_V_comb_dup.fits,0.048,1270.6566779682707,828.7721739016378,2463,2457,828.7721739016378,0.23,0.23,23.11144525636103,138.6686715381662,True,True,85.4629968909405,-1.9272491324734984,0.15783269073140593,OK,,0.598341729065201
LSQ12hnr,B,duPont,LSQ12hnr_B_comb_dup.fits,0.1243,1157.0199886983712,774.4521735757149,2478,2471,774.4521735757149,0.23,0.23,9.749055102850539,58.49433061710322,True,True,1.3718354974216902,-0.06481431441755216,-0.15909495928150702,NO_SIGNAL,,0.13227959273176107
LSQ12hnr,V,duPont,LSQ12hnr_V_comb_dup.fits,0.1243,1154.0199886983712,772.4521735757149,2477,2464,772.4521735757149,0.23,0.23,9.749055102850539,58.49433061710322,True,True,4.92253117602936,0.07611659791569404,0.08843780309920503,OK,,0.13227959273176107
LSQ12hnr,V,Swope,LSQ12hnr_V_comb_swo.fits,0.1243,1207.9409241875005,969.7069765637549,2347,2224,969.7069765637549,0.43,0.43,5.214610868968599,31.28766521381159,True,True,2.1522229435174647,-0.440694883291804,-0.2850126670662284,NO_SIGNAL,,0.13227959273176107
LSQ12hvj,B,duPont,LSQ12hvj_B_comb_dup.fits,0.071,1168.1147428965087,914.0365213381463,2431,2430,914.0365213381463,0.23,0.23,16.053474480530213,96.32084688318129,True,True,64.29374954496954,0.5144903269370196,2.2741300479518607,OK,,0.3534206457048549
LSQ12hvj,V,duPont,LSQ12hvj_V_comb_dup.fits,0.071,1167.1147428965087,912.0365213381463,2428,2426,912.0365213381463,0.23,0.23,16.053474480530213,96.32084688318129,True,True,91.28514576659754,0.5815372963556827,2.5367507400001044,OK,,0.3534206457048549
LSQ12hvj,V,Swope,LSQ12hvj_V_comb_swo.fits,0.071,908.5962578283654,906.1823253669105,1852,1856,906.1823253669105,0.43,0.43,8.586742164007878,51.520452984047274,True,True,21.828979035358998,0.36780018085139615,1.3091692846759093,OK,,0.3534206457048549
LSQ12hxx,B,duPont,LSQ12hxx_B_comb_dup.fits,0.069,1240.0278906143778,844.8365217346109,2546,2468,844.8365217346109,0.23,0.23,16.480206504021673,98.88123902413005,True,True,102.96375030532171,0.41633281621671947,4.7119553239291205,OK,,0.18185793410586454
LSQ12hxx,V,duPont,LSQ12hxx_V_comb_dup.fits,0.069,1242.0278906143778,841.8365217346109,2547,2465,841.8365217346109,0.23,0.23,16.480206504021673,98.88123902413005,True,True,134.87975679781482,0.3413265524671599,4.877624779760859,OK,,0.18185793410586454
LSQ12hzj,B,duPont,LSQ12hzj_B_comb_dup.fits,0.029,1188.5070642015517,1093.5878223634625,2836,2653,1093.5878223634625,0.23,0.23,37.39576166400425,224.37456998402547,True,True,276.9840663058207,-5.061084382145682,-1.177643030670405,CENTROID_DISAGREE,,3.393869334117942
LSQ12hzj,V,duPont,LSQ12hzj_V_comb_dup.fits,0.029,1188.5070642015517,1094.5878223634625,2834,2650,1094.5878223634625,0.23,0.23,37.39576166400425,224.37456998402547,True,True,488.7786208684128,-8.31129339136259,-1.0698339719742065,CENTROID_DISAGREE,,3.393869334117942
LSQ12hzj,V,Swope,LSQ12hzj_V_comb_swo.fits,0.029,909.5270343403635,916.9888352176671,1855,1856,909.5270343403635,0.43,0.43,20.00238414587053,120.01430487522317,True,True,241.04020308559512,-8.59844707589341,-1.3330609685635837,CENTROID_DISAGREE,,3.393869334117942
LSQ12hzs,B,duPont,LSQ12hzs_B_comb_dup.fits,0.072,1258.6065045438804,819.7303595402869,2562,2479,819.7303595402869,0.23,0.23,15.849013516582385,95.0940810994943,True,True,53.058190993010804,3.7844770025510233,2.3572247039157395,OK,,0.14542118251682246
LSQ12hzs,V,duPont,LSQ12hzs_V_comb_dup.fits,0.072,1259.6065045438804,817.7303595402859,2561,2473,817.7303595402859,0.23,0.23,15.849013516582385,95.0940810994943,True,True,63.85573422733562,3.9048250400660627,2.4388560103543213,OK,,0.14542118251682246
LSQ13abo,V,Swope,LSQ13abo_V_comb_swo.fits,0.067,894.0243773564887,941.3850621251618,1861,1887,894.0243773564887,0.43,0.43,9.056895834666394,54.341375007998366,True,True,8.224280542265218,4.2636113982681625,-6.371195747292007,OK,,
LSQ13aiz,V,Swope,LSQ13aiz_V_comb_swo.fits,0.009,896.3661132127627,914.1166388579054,1863,1961,896.3661132127627,0.43,0.43,62.91217704207987,377.4730622524792,True,True,56.32460987836899,0.42306116562008017,-1.180584687001002,OK,,
LSQ13cwp,B,duPont,LSQ13cwp_B_comb_dup.fits,0.0665,1236.99837707831,1242.8051999398551,2570,2653,1236.99837707831,0.23,0.23,17.04977730351395,102.2986638210837,True,True,-1.0141344066934224,3.707467328579568,-5.781643095667159,NO_SIGNAL,,2.1479510002526303
LSQ13cwp,V,duPont,LSQ13cwp_V_comb_dup.fits,0.0665,1232.99837707831,1243.8051999398551,2567,2648,1232.99837707831,0.23,0.23,17.04977730351395,102.2986638210837,True,True,8.464286757959188,5.067024374587642,-7.444561655950878,OK,,2.1479510002526303
LSQ13dby,B,duPont,LSQ13dby_B_comb_dup.fits,0.09993,1220.5454124603632,1267.3078251672532,2470,2467,1198.6921748327468,0.23,0.23,11.794539281682047,70.76723569009229,True,True,-0.9040247694314728,-0.21024535969232658,-0.19518695302553185,NO_SIGNAL,,0.1959259143204835
LSQ13dby,V,duPont,LSQ13dby_V_comb_dup.fits,0.09993,1216.5454124603632,1266.3078251672532,2467,2467,1199.6921748327468,0.23,0.23,11.794539281682047,70.76723569009229,True,True,1.008409536592302,-0.08121448941684442,-0.047748835775381325,NO_SIGNAL,,0.1959259143204835
LSQ13dcy,V,Swope,LSQ13dcy_V_comb_swo.fits,0.083,1057.8671230751204,1016.6464881293173,2231,2195,1016.6464881293173,0.43,0.43,7.4486174140751515,44.69170448445091,True,True,6.203326390453522,-4.486863928593736,5.189598587453446,OK,,
LSQ13dhj,B,duPont,LSQ13dhj_B_comb_dup.fits,0.0935,1210.2017253877743,1366.8625971850752,2476,2468,1100.1374028149248,0.23,0.23,12.512788122496598,75.07672873497958,True,True,11.315612183691712,-0.08434468930821487,-0.024220526949892258,OK,,0.19397046224323775
LSQ13dhj,V,duPont,LSQ13dhj_V_comb_dup.fits,0.0935,1207.2017253877743,1366.8625971850752,2475,2468,1100.1374028149248,0.23,0.23,12.512788122496598,75.07672873497958,True,True,21.14002934886691,-0.0398859400923429,-0.05279179588218043,OK,,0.19397046224323775
LSQ13dhj,V,Swope,LSQ13dhj_V_comb_swo.fits,0.0935,1050.782318230671,1038.3683659361996,2213,2194,1038.3683659361996,0.43,0.43,6.6928866701752066,40.157320021051234,True,True,18.37139764741212,-0.05714292702711612,-0.3769141685239525,OK,,0.19397046224323775
LSQ13dkp,B,duPont,LSQ13dkp_B_comb_dup.fits,0.06894,864.2694858067815,1132.5937353102127,2434,2432,864.2694858067815,0.23,0.23,16.493391637169026,98.96034982301416,True,True,0.49861716981519577,-1.9395503249863608,-2.473862420536947,NO_SIGNAL,,2.982973823748337
LSQ13dkp,V,duPont,LSQ13dkp_V_comb_dup.fits,0.06894,862.2694858067815,1131.5937353102127,2428,2428,862.2694858067815,0.23,0.23,16.493391637169026,98.96034982301416,True,True,-2.263065260420886,-3.8123341283037835,-4.795675001086829,NO_SIGNAL,,2.982973823748337
LSQ13dpm,B,duPont,LSQ13dpm_B_comb_dup.fits,0.05086,808.2605659645593,1084.6729980904847,2437,2433,808.2605659645593,0.23,0.23,21.88586592576623,131.31519555459735,True,True,54.62395092572382,-2.030994765172841,-2.478420882682644,OK,,0.9579668315414495
LSQ13dpm,V,duPont,LSQ13dpm_V_comb_dup.fits,0.05086,806.2605659645593,1084.6729980904847,2431,2431,806.2605659645593,0.23,0.23,21.88586592576623,131.31519555459735,True,True,83.66625569214095,-2.6808547682024706,-2.99727738212025,OK,,0.9579668315414495
LSQ13dpm,V,Swope,LSQ13dpm_V_comb_swo.fits,0.05086,1056.6975120275583,1058.9878826995655,2206,2201,1056.6975120275583,0.43,0.43,11.70639340215859,70.23836041295154,True,True,42.316860898615126,-2.943363944660343,-3.068727032555819,OK,,0.9579668315414495
LSQ13dqh,B,duPont,LSQ13dqh_B_comb_dup.fits,0.1038,778.6721874474123,1108.109565204664,2434,2429,778.6721874474123,0.23,0.23,11.405283863336678,68.43170318002007,True,True,2.369269705198549,-0.35574676385221554,0.12701296253061745,NO_SIGNAL,,0.4176222550848737
LSQ13dqh,V,duPont,LSQ13dqh_V_comb_dup.fits,0.1038,775.6721874474123,1108.109565204664,2427,2428,775.6721874474123,0.23,0.23,11.405283863336678,68.43170318002007,True,True,5.1295508045965486,0.06020207487130448,0.08966444841384892,OK,,0.4176222550848737
LSQ13pf,V,Swope,LSQ13pf_V_comb_swo.fits,0.085,1121.5307350351507,1050.373947058522,2284,2265,1050.373947058522,0.43,0.43,7.290235487509493,43.741412925056956,True,True,18.737761141291674,1.0173263286254626,3.0421364936752195,OK,,
LSQ13ry,V,Swope,LSQ13ry_V_comb_swo.fits,0.03,901.4307940680382,909.5507000517321,1858,1855,901.4307940680382,0.43,0.43,19.358866370784224,116.15319822470536,True,True,168.68365197076065,1.4011335078972063,-4.712444067767047,OK,,
LSQ13vy,V,Swope,LSQ13vy_V_comb_swo.fits,0.032,915.2609927639984,881.6725583047414,1863,1859,881.6725583047414,0.43,0.43,18.19252516132917,109.15515096797499,True,True,115.26255690779249,1.7306819315227788,-0.5657039918639938,OK,,
LSQ14act,B,duPont,LSQ14act_B_comb_dup.fits,0.0591,1150.9415494084708,743.3025540499584,2472,2477,743.3025540499584,0.23,0.23,19.018560222370002,114.11136133422,True,True,21.680853971722446,2.043295932713806,0.4121653683824678,OK,,1.7880849628996178
LSQ14act,V,duPont,LSQ14act_V_comb_dup.fits,0.0591,1148.9415494084708,740.3025540499584,2473,2470,740.3025540499584,0.23,0.23,19.018560222370002,114.11136133422,True,True,75.54863341885178,3.792146675207311,0.7846823680316686,OK,,1.7880849628996178
LSQ14age,B,duPont,LSQ14age_B_comb_dup.fits,0.08054,1148.7821210009743,768.4452171943238,2467,2489,768.4452171943238,0.23,0.23,14.310102860331654,85.86061716198992,True,True,48.55467612853326,0.2792816087307174,-2.906725704400778,OK,,0.11987884616085814
LSQ14age,V,duPont,LSQ14age_V_comb_dup.fits,0.08054,1146.7821210009743,766.4452171943238,2466,2483,766.4452171943238,0.23,0.23,14.310102860331654,85.86061716198992,True,True,67.8780123028549,0.31065915065466987,-3.022425261961165,OK,,0.11987884616085814
LSQ14ahc,B,duPont,LSQ14ahc_B_comb_dup.fits,0.05086,1146.9335150779007,781.1509994996424,2470,2476,781.1509994996424,0.23,0.23,21.88586592576623,131.31519555459735,True,True,113.91256213984732,0.5899077907358462,-1.0228029332361401,OK,,0.3055584211691135
LSQ14ahc,V,duPont,LSQ14ahc_V_comb_dup.fits,0.05086,1142.9335150779007,778.1509994996424,2466,2464,778.1509994996424,0.23,0.23,21.88586592576623,131.31519555459735,True,True,184.94161622825266,0.31048298306300104,-1.1464464757458679,OK,,0.3055584211691135
LSQ14ahm,B,duPont,LSQ14ahm_B_comb_dup.fits,0.04977,1151.7647158369675,1042.0591104619255,2507,2756,1042.0591104619255,0.23,0.23,22.336332303455254,134.01799382073153,True,True,33.383985917234114,-0.3254114635591799,-0.04202322249460866,OK,,0.4054883776715773
LSQ14ahm,V,duPont,LSQ14ahm_V_comb_dup.fits,0.04977,1147.7647158369675,1043.0591104619255,2499,2757,1043.0591104619255,0.23,0.23,22.336332303455254,134.01799382073153,True,True,60.764460918081575,-0.6543497261423539,-0.2791317289541842,OK,,0.4054883776715773
LSQ14ajn,B,duPont,LSQ14ajn_B_comb_dup.fits,0.02101,1156.6432064593669,723.2121739617692,2461,2469,723.2121739617692,0.23,0.23,51.12291700941452,306.7375020564872,True,True,427.95127049822304,-0.3837140923994146,-0.5448463633519613,OK,,0.21463992403659185
LSQ14ajn,V,duPont,LSQ14ajn_V_comb_dup.fits,0.02101,1153.6432064593669,720.2121739617692,2457,2466,720.2121739617692,0.23,0.23,51.12291700941452,306.7375020564872,True,True,776.3630771834809,-0.2860487360264303,-0.3428452452751887,OK,,0.21463992403659185
LSQ14ajn,V,Swope,LSQ14ajn_V_comb_swo.fits,0.02101,1050.3440406643126,1040.7879070028077,2199,2190,1040.7879070028077,0.43,0.43,27.34481607481377,164.06889644888264,True,True,423.54580252068166,-0.1275939031336297,-0.5037076540478337,OK,,0.21463992403659185
LSQ14asu,B,duPont,LSQ14asu_B_comb_dup.fits,0.0684,1162.4912020531551,751.6242053613487,2460,2461,751.6242053613487,0.23,0.23,16.61310044746608,99.67860268479647,True,True,58.61894165505294,-4.413460549478184,0.05370409100602311,OK,,0.5971964315756526
LSQ14asu,V,duPont,LSQ14asu_V_comb_dup.fits,0.0684,1162.4912020531551,750.6242053613487,2460,2461,750.6242053613487,0.23,0.23,16.61310044746608,99.67860268479647,True,True,123.33594622549171,-4.766427838112136,-0.18736490024895183,OK,,0.5971964315756526
LSQ14asu,V,Swope,LSQ14asu_V_comb_swo.fits,0.0684,1056.6348290051812,1043.7989935653725,2208,2195,1043.7989935653725,0.43,0.43,8.886076983531831,53.31646190119098,True,True,53.735007377729744,-5.254665355940882,0.317736506205266,OK,,0.5971964315756526
LSQ14auy,B,duPont,LSQ14auy_B_comb_dup.fits,0.0825,1158.3055897547013,750.0451834479018,2464,2472,750.0451834479018,0.23,0.23,14.001951012203138,84.01170607321883,True,True,17.28295941371584,-4.261149252650925,2.533231823690249,OK,,1.0191680022010945
LSQ14auy,V,duPont,LSQ14auy_V_comb_dup.fits,0.0825,1154.3055897547013,748.0451834479018,2462,2466,748.0451834479018,0.23,0.23,14.001951012203138,84.01170607321883,True,True,32.69797369260789,-5.277157300788813,2.6134257313741127,OK,,1.0191680022010945
LSQ14azy,B,duPont,LSQ14azy_B_comb_dup.fits,0.0458,1183.790691722985,743.766970410767,2502,2495,743.766970410767,0.23,0.23,24.158439487789572,144.95063692673742,True,True,366.6969916772436,-2.0808606156285334,-3.7553444835747496,OK,,0.19038806718410245
LSQ14azy,V,duPont,LSQ14azy_V_comb_dup.fits,0.0458,1181.790691722985,741.766970410767,2504,2488,741.766970410767,0.23,0.23,24.158439487789572,144.95063692673742,True,True,415.54693903567994,-2.064539416160078,-3.945031685499416,OK,,0.19038806718410245
LSQ14ba,B,duPont,LSQ14ba_B_comb_dup.fits,0.07755,1162.3761227782745,765.5791167296518,2484,2477,765.5791167296518,0.23,0.23,14.810265459044748,88.86159275426847,True,True,44.7278560315844,-2.9424656580263027,2.465517978863949,OK,,0.7216075169396873
LSQ14ba,V,duPont,LSQ14ba_V_comb_dup.fits,0.07755,1160.3761227782745,762.5791167296518,2483,2474,762.5791167296518,0.23,0.23,14.810265459044748,88.86159275426847,True,True,60.81624874459156,-2.548762062153887,3.070261632903403,OK,,0.7216075169396873
LSQ14bbv,B,duPont,LSQ14bbv_B_comb_dup.fits,0.0588,548683.229883556,-1712426.9063543945,2468,2476,-1712426.9063543945,0.23,0.23,,,False,False,,,,OFF_IMAGE,,
LSQ14bbv,V,duPont,LSQ14bbv_V_comb_dup.fits,0.0588,548678.229883556,-1712426.9063543945,2465,2474,-1712426.9063543945,0.23,0.23,,,False,False,,,,OFF_IMAGE,,
LSQ14bjj,B,duPont,LSQ14bjj_B_comb_dup.fits,0.08114,1201.6029450677936,865.9599996530254,2523,2599,865.9599996530254,0.23,0.23,14.214185952375104,85.28511571425064,True,True,78.92268447492138,-0.5757782868390573,0.2652457235998033,OK,,0.060922014948254895
LSQ14bjj,V,duPont,LSQ14bjj_V_comb_dup.fits,0.08114,1202.6029450677936,863.9599996530254,2526,2593,863.9599996530254,0.23,0.23,14.214185952375104,85.28511571425064,True,True,103.30895771817409,-0.5546525862512122,0.32238762311345365,OK,,0.060922014948254895
LSQ14fms,B,duPont,LSQ14fms_B_comb_dup.fits,0.078,1143.9575288287742,1065.4727064260862,2432,2432,1065.4727064260862,0.23,0.23,14.732533650977292,88.39520190586376,True,True,16.620328283436603,3.643732639133588,1.0755638091517685,OK,,0.8692633446248413
LSQ14fms,V,duPont,LSQ14fms_V_comb_dup.fits,0.078,1145.9575288287742,1063.4727064260862,2428,2427,1063.4727064260862,0.23,0.23,14.732533650977292,88.39520190586376,True,True,33.39772913839295,4.349802719007753,1.5825981320677376,OK,,0.8692633446248413
LSQ14foj,B,duPont,LSQ14foj_B_comb_dup.fits,0.04607,1122.893785542,826.7373826895906,2425,2426,826.7373826895906,0.23,0.23,24.024557779835348,144.1473466790121,True,True,7.317065344242311,-0.34263277242297796,1.2275134648525163,OK,,0.63000390066404
LSQ14foj,V,duPont,LSQ14foj_V_comb_dup.fits,0.04607,1113.893785542,825.7373826895906,2425,2426,825.7373826895906,0.23,0.23,24.024557779835348,144.1473466790121,True,True,10.110525102787623,-0.4038673583581143,1.8545343898121687,OK,,0.63000390066404
LSQ14fom,V,Swope,LSQ14fom_V_comb_swo.fits,0.05626,1066.6594780066164,1144.3888304211953,2246,2342,1066.6594780066164,0.43,0.43,10.65052743970077,63.90316463820462,True,True,75.05203437640802,0.5983202035303282,-1.4390639777889482,OK,,
LSQ14gfb,B,duPont,LSQ14gfb_B_comb_dup.fits,0.0527,1123.1639839750267,805.48171997985,2431,2433,805.48171997985,0.23,0.23,21.167759171434383,127.0065550286063,True,True,218.50311636156945,0.9646166431139277,3.9302599864803436,OK,,0.26271488486598676
LSQ14gfb,V,duPont,LSQ14gfb_V_comb_dup.fits,0.0527,1125.1639839750267,803.48171997985,2428,2427,803.48171997985,0.23,0.23,21.167759171434383,127.0065550286063,True,True,351.8662382329653,1.2821130567621761,4.341336255624052,OK,,0.26271488486598676
LSQ14gfb,V,Swope,LSQ14gfb_V_comb_swo.fits,0.0527,1106.3435263122221,1081.55998975666,2266,2250,1081.55998975666,0.43,0.43,11.322289789376292,67.93373873625774,True,True,99.0465575264228,1.1054738237094561,3.7760658412074997,OK,,0.26271488486598676
LSQ14gfn,B,duPont,LSQ14gfn_B_comb_dup.fits,0.1217,1126.490604655074,790.3234765236913,2428,2433,790.3234765236913,0.23,0.23,9.928078204214241,59.568469225285455,True,True,28.775705807481007,1.5472446346620459,2.66466073776832,OK,,0.4399311545295397
LSQ14gfn,V,duPont,LSQ14gfn_V_comb_dup.fits,0.1217,1124.490604655074,802.3234765236913,2424,2424,802.3234765236913,0.23,0.23,9.928078204214241,59.568469225285455,True,True,35.914620502730415,1.54875932766542,2.7430707814027864,OK,,0.4399311545295397
LSQ14gfn,V,Swope,LSQ14gfn_V_comb_swo.fits,0.1217,1075.5182303968988,1002.7544176754603,2202,2192,1002.7544176754603,0.43,0.43,5.3103674115585235,31.862204469351145,True,True,17.09853335013578,1.028375024071757,1.8745614556656778,OK,,0.4399311545295397
LSQ14gov,B,duPont,LSQ14gov_B_comb_dup.fits,0.0896,1109.5614997264033,1017.0747573350773,2430,2438,1017.0747573350773,0.23,0.23,12.99881583042348,77.99289498254088,True,True,17.369245162495464,-1.7764340973956239,1.5926964709909985,OK,,0.6993539632953528
LSQ14gov,V,duPont,LSQ14gov_V_comb_dup.fits,0.0896,1108.5614997264033,1016.0747573350773,2427,2434,1016.0747573350773,0.23,0.23,12.99881583042348,77.99289498254088,True,True,29.11314676746636,-2.3153647660168883,2.0383978288488747,OK,,0.6993539632953528
LSQ14ie,B,duPont,LSQ14ie_B_comb_dup.fits,0.08954,1190.6681780342885,1029.7965207336306,2494,2737,1029.7965207336306,0.23,0.23,13.00662482635295,78.0397489581177,True,True,43.891635000750526,-0.02797089873007777,-0.44781802244038615,OK,,0.49572146758103564
LSQ14ie,V,duPont,LSQ14ie_V_comb_dup.fits,0.08954,1187.6681780342885,1031.7965207336306,2494,2736,1031.7965207336306,0.23,0.23,13.00662482635295,78.0397489581177,True,True,66.26650961444022,0.22717292773081035,-0.8728373175783739,OK,,0.49572146758103564
LSQ14ip,B,duPont,LSQ14ip_B_comb_dup.fits,0.0613,1141.9079248693056,777.9235536067063,2469,2469,777.9235536067063,0.23,0.23,18.383529006104858,110.30117403662915,True,True,0.607495034570259,-2.1593210522206063,-2.320188394722603,"NO_SIGNAL,CENTROID_DISAGREE",,3.338848695597518
LSQ14ip,V,duPont,LSQ14ip_V_comb_dup.fits,0.0613,1136.9079248693056,775.9235536067052,2465,2465,775.9235536067052,0.23,0.23,18.383529006104858,110.30117403662915,True,True,-3.193330454733115,-4.296724100941253,-4.885226176006327,"NO_SIGNAL,CENTROID_DISAGREE",,3.338848695597518
LSQ14jp,B,duPont,LSQ14jp_B_comb_dup.fits,0.0454,1154.341197088712,774.4643275593498,2471,2497,774.4643275593498,0.23,0.23,24.359711916869948,146.15827150121967,True,True,64.36678071829475,-2.827973450830793,-6.507758682738533,OK,,0.5713426918997927
LSQ14jp,V,duPont,LSQ14jp_V_comb_dup.fits,0.0454,1154.341197088712,771.4643275593498,2473,2491,771.4643275593498,0.23,0.23,24.359711916869948,146.15827150121967,True,True,94.00852430266416,-3.1334474060993127,-6.990581770670239,OK,,0.5713426918997927
LSQ14mc,B,duPont,LSQ14mc_B_comb_dup.fits,0.05662,1136.4186431975272,749.0278314172352,2460,2467,749.0278314172352,0.23,0.23,19.79365569528122,118.76193417168733,True,True,36.78554746248628,0.2784570276174177,-0.6476192740171659,OK,,0.38715400678467987
LSQ14mc,V,duPont,LSQ14mc_V_comb_dup.fits,0.05662,1134.4186431975272,748.0278314172352,2459,2458,748.0278314172352,0.23,0.23,19.79365569528122,118.76193417168733,True,True,57.222567136202834,0.5049960111165475,-0.9615751848145467,OK,,0.38715400678467987
LSQ14q,B,duPont,LSQ14q_B_comb_dup.fits,0.06695,1134.4942183059914,762.2748957620315,2462,2468,762.2748957620315,0.23,0.23,16.94411044250573,101.66466265503438,True,True,11.914202169632112,4.552626059959061,3.7934776191042454,OK,,0.532760660554829
LSQ14q,V,duPont,LSQ14q_V_comb_dup.fits,0.06695,1130.4942183059914,761.2748957620315,2458,2462,761.2748957620315,0.23,0.23,16.94411044250573,101.66466265503438,True,True,14.944517029004542,4.75963119782377,4.28437760314624,OK,,0.532760660554829
LSQ14wp,B,duPont,LSQ14wp_B_comb_dup.fits,0.06945,1195.4415173796644,898.9513089968024,2527,2619,898.9513089968024,0.23,0.23,16.38204535698169,98.29227214189012,True,True,43.77438634845154,-0.6327434629438892,0.7265608529892716,OK,,0.2741415323923049
LSQ14wp,V,duPont,LSQ14wp_V_comb_dup.fits,0.06945,1194.4415173796644,899.9513089968024,2529,2619,899.9513089968024,0.23,0.23,16.38204535698169,98.29227214189012,True,True,62.748357533491664,-0.6357378221785351,0.8555462437236065,OK,,0.2741415323923049
LSQ14wp,V,Swope,LSQ14wp_V_comb_swo.fits,0.06945,982.5152302263339,905.6251187657289,2200,2191,905.6251187657289,0.43,0.43,8.762489376993619,52.57493626196171,True,True,5.127544245833253,-0.6420906772002659,0.0494313163467912,OK,,0.2741415323923049
LSQ14xi,B,duPont,LSQ14xi_B_comb_dup.fits,0.0508,1146.651021101631,737.2643018139927,2460,2464,737.2643018139927,0.23,0.23,21.910159053279624,131.4609543196777,True,True,214.1139913205816,2.7424318905171856,-1.10649721659431,OK,,0.6613826717436673
LSQ14xi,V,duPont,LSQ14xi_V_comb_dup.fits,0.0508,1146.651021101631,738.2643018139927,2460,2464,738.2643018139927,0.23,0.23,21.910159053279624,131.4609543196777,True,True,388.61158195091645,3.287136060905532,-1.4816297335057809,OK,,0.6613826717436673
LSQ15aae,B,duPont,LSQ15aae_B_comb_dup.fits,0.0516,1108.5031410875426,1121.1809599658452,2468,2470,1108.5031410875426,0.23,0.23,21.59089991177768,129.5453994706661,True,True,11.653009511962185,6.332378103952521,-4.714879027764668,OK,,1.4998019572267554
LSQ15aae,V,duPont,LSQ15aae_V_comb_dup.fits,0.0516,1103.5031410875426,1121.1809599658452,2459,2467,1103.5031410875426,0.23,0.23,21.59089991177768,129.5453994706661,True,True,25.30070440031286,7.484040368488629,-5.675649520309463,OK,,1.4998019572267554
LSQ15agh,B,duPont,LSQ15agh_B_comb_dup.fits,0.0603,1331.3787328268056,1131.0887026984897,2663,2659,1131.0887026984897,0.23,0.23,18.666428244581716,111.99856946749028,True,True,252.09440569659245,-1.4354985041049415,-1.44434923190948,OK,,0.022937546933844994
LSQ15agh,V,duPont,LSQ15agh_V_comb_dup.fits,0.0603,1329.3787328268056,1132.0887026984897,2658,2652,1132.0887026984897,0.23,0.23,18.666428244581716,111.99856946749028,True,True,347.0327065817386,-1.458435667567918,-1.4442165985236413,OK,,0.022937546933844994
LSQ15aja,B,duPont,LSQ15aja_B_comb_dup.fits,0.07,1182.56548669998,947.8591304741354,2439,2471,947.8591304741354,0.23,0.23,16.263787334962494,97.58272400977496,True,True,7.195262925002061,2.891275034242959,-3.099975011162922,OK,,0.8169488012735502
LSQ15aja,V,duPont,LSQ15aja_V_comb_dup.fits,0.07,1180.56548669998,953.8591304741354,2435,2472,953.8591304741354,0.23,0.23,16.263787334962494,97.58272400977496,True,True,10.355032850683559,2.9449841194182387,-3.583048960529864,OK,,0.8169488012735502
LSQ15aja,V,Swope,LSQ15aja_V_comb_swo.fits,0.07,1115.302469630222,1013.9246511838393,2205,2198,1013.9246511838393,0.43,0.43,8.69923508614612,52.19541051687671,True,True,2.5479162761307173,1.5359194856481655,-1.6293091117089846,NO_SIGNAL,,0.8169488012735502
LSQ15alq,B,duPont,LSQ15alq_B_comb_dup.fits,0.0471,1081.6891788961918,1041.422571648821,2465,2465,1041.422571648821,0.23,0.23,23.527930498709786,141.1675829922587,True,True,63.9877214302192,-1.4978067271743276,8.01211018700262,OK,,0.9314664347082473
LSQ15alq,V,duPont,LSQ15alq_V_comb_dup.fits,0.0471,1077.6891788961918,1040.422571648821,2460,2462,1040.422571648821,0.23,0.23,23.527930498709786,141.1675829922587,True,True,81.20096540623588,-1.6533935493980407,8.882064975989087,OK,,0.9314664347082473
LSQ15alq,V,Swope,LSQ15alq_V_comb_swo.fits,0.0471,1082.2523515026166,1052.5283522772634,2272,2234,1052.5283522772634,0.43,0.43,12.584707010942696,75.50824206565616,True,True,38.22559594026123,-1.708791053618481,8.968666955306906,OK,,0.9314664347082473
LSQ15bv,B,duPont,LSQ15bv_B_comb_dup.fits,0.0689,1105.1529600176966,1097.2399920972234,2498,2617,1097.2399920972234,0.23,0.23,16.50219450428007,99.01316702568042,True,True,166.46754861611603,1.3896444808036603,3.140320370348956,OK,,0.05468772872392691
LSQ15bv,V,duPont,LSQ15bv_V_comb_dup.fits,0.0689,1105.1529600176966,1098.2399920972234,2494,2613,1098.2399920972234,0.23,0.23,16.50219450428007,99.01316702568042,True,True,265.4238796107112,1.5375113013377464,3.2091256252032747,OK,,0.05468772872392691
LSQ15bv,V,Swope,LSQ15bv_V_comb_swo.fits,0.0689,1037.3376297769062,1025.105112052,2197,2190,1025.105112052,0.43,0.43,8.826755199967199,52.960531199803185,True,True,118.58102845565253,1.3511427482165013,3.0730211799979705,OK,,0.05468772872392691
PS1-14xw,V,Swope,PS1-14xw_V_comb_swo.fits,0.024,1040.1790422146635,1033.6531041347655,2190,2182,1033.6531041347655,0.43,0.43,24.024601562356313,144.1476093741379,True,True,42.94621297417291,-13.231405288288096,15.758475531262176,OK,,
PS15sv,B,duPont,PS15sv_B_comb_dup.fits,0.0333,1193.683019917924,1059.17913060559,2615,2617,1059.17913060559,0.23,0.23,32.73525773849116,196.41154643094694,True,True,125.82819130448259,1.8910094948304499,-0.7282557543444212,OK,,1.1450634178378867
PS15sv,V,duPont,PS15sv_V_comb_dup.fits,0.0333,1192.683019917924,1094.17913060559,2565,2646,1094.17913060559,0.23,0.23,32.73525773849116,196.41154643094694,True,True,235.3857619736272,0.6754744988917109,-0.376597973292724,OK,,1.1450634178378867
PS15sv,V,Swope,PS15sv_V_comb_swo.fits,0.0333,1111.225801351447,1076.4213954401982,2269,2314,1076.4213954401982,0.43,0.43,17.509556464781163,105.05733878868696,True,True,94.8791288637775,0.9603233490173108,-0.28090431506158814,OK,,1.1450634178378867
SN04dt,B,duPont,SN04dt_B_comb_dup.fits,0.02,1566.7791713650556,1072.7843471116007,2432,2438,864.2208286349444,0.23,0.23,53.63914628061932,321.8348776837159,True,True,1054.4133346131969,1.4789286708503684,-9.276828772516359,OK,,0.24783702057121063
SN04dt,V,duPont,SN04dt_V_comb_dup.fits,0.02,1568.7791713650556,1071.7843471116007,2428,2435,858.2208286349444,0.23,0.23,53.63914628061932,321.8348776837159,True,True,1291.0909956168725,1.2313379902402044,-9.265781436158193,OK,,0.24783702057121063
SN04ef,B,duPont,SN04ef_B_comb_dup.fits,0.031,1766.0352482171052,1140.2471395085015,2642,2467,874.9647517828948,0.23,0.23,35.06720637531027,210.40323825186167,True,True,71.468765446812,-6.783906771995549,9.10682838073426,OK,,0.34015303230055643
SN04ef,V,duPont,SN04ef_V_comb_dup.fits,0.031,1768.0352482171052,1143.2471395085015,2726,2469,956.9647517828948,0.23,0.23,35.06720637531027,210.40323825186167,True,True,93.69269664772624,-6.969642123577152,8.821860900912226,OK,,0.34015303230055643
SN04eo,B,duPont,SN04eo_B_comb_dup.fits,0.016,1533.9902329034364,1197.0793898771817,2449,2459,914.0097670965636,0.23,0.23,66.72521504135035,400.3512902481021,True,True,31.878058799469027,-10.136019336436267,15.358997840133062,OK,,2.3427848319856297
SN04eo,V,duPont,SN04eo_V_comb_dup.fits,0.016,1532.9902329034364,1196.0793898771817,2449,2454,915.0097670965636,0.23,0.23,66.72521504135035,400.3512902481021,True,True,34.220992524072635,-8.183536795340732,14.064218825899722,OK,,2.3427848319856297
SN04ey,B,duPont,SN04ey_B_comb_dup.fits,0.016,1623.4270959603734,1100.3373961289144,2458,2468,833.5729040396266,0.23,0.23,66.72521504135035,400.3512902481021,True,True,640.8241989554497,6.954246494338407,11.301879975353337,OK,,0.3300346543761724
SN04ey,V,duPont,SN04ey_V_comb_dup.fits,0.016,1628.4270959603734,1101.3373961289144,2459,2470,829.5729040396266,0.23,0.23,66.72521504135035,400.3512902481021,True,True,882.3471654961213,7.281260157605289,11.346432608563662,OK,,0.3300346543761724
SN04gs,B,duPont,SN04gs_B_comb_dup.fits,0.027,1652.5593600730804,1152.4803059084336,2443,2450,789.4406399269196,0.23,0.23,40.06939070658076,240.41634423948457,True,True,198.47775432833515,-7.9609333539879605,11.674093444573025,OK,,0.1753645126185972
SN04gs,V,duPont,SN04gs_V_comb_dup.fits,0.027,1734.5593600730804,1196.4803059084336,2521,2491,785.4406399269196,0.23,0.23,40.06939070658076,240.41634423948457,True,True,231.52946337687484,-8.007335146375533,11.843207565654556,OK,,0.1753645126185972
SN04gu,B,duPont,SN04gu_B_comb_dup.fits,0.046,1533.3855341369165,1199.045222201863,2437,2449,902.6144658630835,0.23,0.23,24.059116832393087,144.35470099435852,True,True,276.4049214668667,-1.7414042334207742,1.0001299844312863,OK,,0.1496668278796479
SN04gu,V,duPont,SN04gu_V_comb_dup.fits,0.046,1684.3855341369165,1198.045222201863,2586,2604,900.6144658630835,0.23,0.23,24.059116832393087,144.35470099435852,True,True,357.6867992958786,-1.8772323655935197,1.0629859935156956,OK,,0.1496668278796479
SN05A,B,duPont,SN05A_B_comb_dup.fits,0.019,1492.613456402318,1201.6608480976847,2457,2473,963.386543597682,0.23,0.23,56.39405382916227,338.3643229749736,True,True,434.49713309175485,7.537425030361541,-1.9766041628589495,OK,,0.46912817505617593
SN05A,V,duPont,SN05A_V_comb_dup.fits,0.019,1492.613456402318,1201.6608480976847,2457,2473,963.386543597682,0.23,0.23,56.39405382916227,338.3643229749736,True,True,532.0955913446022,7.842520530900573,-1.6202364031185719,OK,,0.46912817505617593
SN05ag,B,duPont,SN05ag_B_comb_dup.fits,0.08,1521.6117618559051,1097.4835520757765,2440,2448,917.3882381440949,0.23,0.23,14.397660959862781,86.38596575917668,True,True,29.396437507524293,5.306727934815797,-5.434996236038296,OK,,0.10204715830945373
SN05ag,V,duPont,SN05ag_V_comb_dup.fits,0.08,1550.6117618559051,1096.4835520757765,2464,2490,912.3882381440949,0.23,0.23,14.397660959862781,86.38596575917668,True,True,36.15175747575056,5.391807556251984,-5.4913440890170016,OK,,0.10204715830945373
SN05al,B,duPont,SN05al_B_comb_dup.fits,0.012,1438.6433962318795,1132.029927827588,2444,2450,1004.3566037681205,0.23,0.23,88.5362452172267,531.2174713033602,True,True,2369.0237217634403,-17.697695447732663,-20.14152049758831,CENTROID_DISAGREE,,9.174513629308988
SN05al,V,duPont,SN05al_V_comb_dup.fits,0.012,1416.6433962318795,1123.029927827588,2441,2448,1023.3566037681205,0.23,0.23,88.5362452172267,531.2174713033602,True,True,2701.0153356973956,-25.014405788568872,-14.60640982817285,CENTROID_DISAGREE,,9.174513629308988
SN05am,B,duPont,SN05am_B_comb_dup.fits,0.008,1677.8513416188016,1248.6301228603124,2432,2440,753.1486583811984,0.23,0.23,132.15967525480545,792.9580515288327,True,False,4259.4483824135195,9.196705660561472,-18.347445176085607,"ANNULUS_TRUNCATED,CENTROID_DISAGREE",,5.580952143606311
SN05am,V,duPont,SN05am_V_comb_dup.fits,0.008,1675.8513416188016,1247.6301228603124,2553,2625,876.1486583811984,0.23,0.23,132.15967525480545,792.9580515288327,True,True,5903.200951012227,12.805815864906853,-22.604363117755838,CENTROID_DISAGREE,,5.580952143606311
SN05be,B,duPont,SN05be_B_comb_dup.fits,0.034,1612.341605176663,1092.457474639977,2457,2447,843.658394823337,0.23,0.23,32.08817834108241,192.5290700464945,True,True,1155.5734572462381,-3.214169206710866,-4.148320361142436,OK,,1.5942776823721079
SN05be,V,duPont,SN05be_V_comb_dup.fits,0.034,1635.341605176663,1092.457474639977,2454,2441,817.658394823337,0.23,0.23,32.08817834108241,192.5290700464945,True,True,1050.5942045805327,-4.808424104829883,-4.1568437603060095,OK,,1.5942776823721079
SN05bg,B,duPont,SN05bg_B_comb_dup.fits,0.023,1725.1837186728387,1077.9391320948819,2449,2453,722.8162813271613,0.23,0.23,46.8119463925824,280.87167835549434,True,True,2092.0378631951617,-0.7579425599501868,0.6161907335800092,OK,,0.45837218935141405
SN05bg,V,duPont,SN05bg_V_comb_dup.fits,0.023,1729.1837186728387,1080.9391320948819,2450,2456,719.8162813271613,0.23,0.23,46.8119463925824,280.87167835549434,True,True,1901.8591131353696,-1.1030994137526293,0.9178060684753157,OK,,0.45837218935141405
SN05bl,B,duPont,SN05bl_B_comb_dup.fits,0.024,1566.1152439863895,1125.8737626557022,2440,2447,872.8847560136105,0.23,0.23,44.91555944264866,269.4933566558919,True,True,164.13623676770686,13.29955389597422,10.467794581756898,OK,,0.12537780067177473
SN05bl,V,duPont,SN05bl_V_comb_dup.fits,0.024,1581.1152439863895,1133.8737626557022,2440,2444,857.8847560136105,0.23,0.23,44.91555944264866,269.4933566558919,True,True,181.58219950211574,13.421890941246982,10.495239804569286,OK,,0.12537780067177473
SN05bo,B,duPont,SN05bo_B_comb_dup.fits,0.014,1783.7684354554285,1165.1251268271415,2685,2577,900.2315645445715,0.23,0.23,76.07270143603981,456.43620861623884,True,True,2555.3835806131824,-3.002989927168072,10.713882173024054,OK,,0.5829655099841003
SN05bo,V,duPont,SN05bo_V_comb_dup.fits,0.014,1787.7684354554285,1163.1251268271415,2703,2632,914.2315645445715,0.23,0.23,76.07270143603981,456.43620861623884,True,True,2399.80447611206,-3.371068360020041,11.165951916648044,OK,,0.5829655099841003
SN05el,B,duPont,SN05el_B_comb_dup.fits,0.015,1675.430100529965,1366.9075097320151,2451,2461,774.5698994700349,0.23,0.23,71.08735248473448,426.5241149084069,True,True,57.460605518310835,30.316366450194543,12.345540756669612,CENTROID_DISAGREE,,5.5489033750935635
SN05el,V,duPont,SN05el_V_comb_dup.fits,0.015,1674.430100529965,1364.9075097320151,2448,2456,772.5698994700349,0.23,0.23,71.08735248473448,426.5241149084069,True,True,97.46435845747843,31.818224684577594,17.687333574623203,CENTROID_DISAGREE,,5.5489033750935635
SN05eq,B,duPont,SN05eq_B_comb_dup.fits,0.029,1685.0759623326417,1346.293632602832,2458,2459,771.9240376673583,0.23,0.23,37.39576166400425,224.37456998402547,True,True,119.71130538914518,10.94398353758263,-11.468736550434569,OK,,1.3257614791449839
SN05eq,V,duPont,SN05eq_V_comb_dup.fits,0.029,1684.0759623326417,1343.293632602832,2456,2454,770.9240376673583,0.23,0.23,37.39576166400425,224.37456998402547,True,True,153.48857097527633,11.501521144095157,-12.671564600036413,OK,,1.3257614791449839
SN05gj,V,duPont,SN05gj_V_comb_dup.fits,0.062,1668.9268197684157,1376.5286956057294,2450,2457,780.0731802315843,0.23,0.23,18.19093615845832,109.14561695074993,True,True,150.54366053814263,0.019818511942255618,-0.1467692956722884,OK,,
SN05hc,B,duPont,SN05hc_B_comb_dup.fits,0.046,1661.015652066157,1397.906086956403,2449,2463,786.9843479338431,0.23,0.23,24.059116832393087,144.35470099435852,True,True,191.26978644042913,0.5511092678954862,0.34625361915121455,OK,,0.12494890959832261
SN05hc,V,duPont,SN05hc_V_comb_dup.fits,0.046,1707.015652066157,1230.906086956403,2453,2453,744.9843479338431,0.23,0.23,24.059116832393087,144.35470099435852,True,True,310.2247540003186,0.5541036156311836,0.22134059384381308,OK,,0.12494890959832261
SN05hj,B,duPont,SN05hj_B_comb_dup.fits,0.0574,1680.1922979823835,1373.2973911814618,2456,2464,774.8077020176165,0.23,0.23,19.54264755915233,117.25588535491396,True,True,124.59320059199416,-0.136566641599805,0.41872792852220453,OK,,0.7782986067500532
SN05hj,V,duPont,SN05hj_V_comb_dup.fits,0.0574,1773.1922979823835,1251.2973911814618,2417,2460,642.8077020176165,0.23,0.23,19.54264755915233,117.25588535491396,True,True,211.4836030001304,-0.2506499059554634,1.1886199534601376,OK,,0.7782986067500532
SN05hk,B,duPont,SN05hk_B_comb_dup.fits,0.013,1672.901640061989,1398.956455986142,2456,2469,782.0983599380111,0.23,0.23,81.82507990024246,490.9504794014548,True,True,350.75020727669147,10.28864368100494,-4.741565899893244,OK,,2.360613347121841
SN05hk,V,duPont,SN05hk_V_comb_dup.fits,0.013,1608.901640061989,1248.956455986142,2435,2440,825.0983599380111,0.23,0.23,81.82507990024246,490.9504794014548,True,True,229.188205235532,8.065237309404685,-3.948496242588686,OK,,2.360613347121841
SN05iq,B,duPont,SN05iq_B_comb_dup.fits,0.034,1652.2970029493245,1315.8344544137703,2487,2530,833.7029970506755,0.23,0.23,32.08817834108241,192.5290700464945,True,True,33.4789501051111,7.240741298638343,-12.007474056812118,OK,,1.944640567924883
SN05iq,V,duPont,SN05iq_V_comb_dup.fits,0.034,1653.2970029493245,1314.8344544137703,2487,2526,832.7029970506755,0.23,0.23,32.08817834108241,192.5290700464945,True,True,61.20625870282382,8.306077770614374,-13.634337646636684,OK,,1.944640567924883
SN05ir,B,duPont,SN05ir_B_comb_dup.fits,0.0764,1618.5699952364614,1268.949565380653,2446,2444,826.4300047635386,0.23,0.23,15.013082164790115,90.07849298874068,True,True,59.53441779932544,-0.21680955228702953,-2.160819064774525,OK,,0.5011607178659316
SN05ir,V,duPont,SN05ir_V_comb_dup.fits,0.0764,1614.5699952364614,1270.949565380653,2440,2442,824.4300047635386,0.23,0.23,15.013082164790115,90.07849298874068,True,True,110.97649376321115,-0.21233073606250907,-2.661959768905733,OK,,0.5011607178659316
SN05kc,B,duPont,SN05kc_B_comb_dup.fits,0.015,1673.1069313853761,1344.9287865442743,2449,2458,774.8930686146239,0.23,0.23,71.08735248473448,426.5241149084069,True,True,2111.0378915287138,8.157666713427975,7.402455635676303,OK,,0.2220238384782088
SN05kc,V,duPont,SN05kc_V_comb_dup.fits,0.015,1672.1069313853761,1342.9287865442743,2447,2453,773.8930686146239,0.23,0.23,71.08735248473448,426.5241149084069,True,True,2846.797155180642,8.113793690572967,7.620101547005144,OK,,0.2220238384782088
SN05ke,V,Swope,SN05ke_V_comb_swo.fits,0.005,1104.144184632611,1024.743099269805,2400,2397,1024.743099269805,0.23,0.23,210.6832839265528,1264.0997035593168,True,False,1015.9096271684806,-3.184078567675499,48.880555660806316,ANNULUS_TRUNCATED,,
SN05ki,V,Swope,SN05ki_V_comb_swo.fits,0.019,1235.9039164163482,1229.568716807742,2440,2399,1168.431283192258,0.23,0.23,56.39405382916227,338.3643229749736,True,True,-28.108962258362126,7.526105318410835,-21.864427435138147,NO_SIGNAL,,
SN05ku,V,Swope,SN05ku_V_comb_swo.fits,0.04541,1214.4000001036177,1103.3547826070676,2486,2448,1103.3547826070676,0.23,0.23,24.354636860806888,146.12782116484132,True,True,738.9702065030689,1.6242819145867857,1.1753332824514602,OK,,
SN05lu,B,duPont,SN05lu_B_comb_dup.fits,0.032,1630.9927507797843,1381.1930391327337,2449,2459,817.0072492202157,0.23,0.23,34.012112258123885,204.0726735487433,True,True,453.7827513315804,-4.211039029885084,1.497163071801298,OK,,0.37436943473525036
SN05lu,V,duPont,SN05lu_V_comb_dup.fits,0.032,1630.9927507797843,1381.1930391327337,2449,2459,817.0072492202157,0.23,0.23,34.012112258123885,204.0726735487433,True,True,574.5951660743657,-3.9369935284662008,1.752215099466368,OK,,0.37436943473525036
SN05M,B,duPont,SN05M_B_comb_dup.fits,0.025,1596.4295446292153,1179.6087453998862,2440,2452,842.5704553707847,0.23,0.23,43.17091106120852,259.0254663672511,True,True,721.1770337028391,-3.947392102298053,10.857289441983298,OK,,0.22440185163222667
SN05M,V,duPont,SN05M_V_comb_dup.fits,0.025,1586.4295446292153,1118.6087453998862,2458,2445,870.5704553707847,0.23,0.23,43.17091106120852,259.0254663672511,True,True,764.2430587925288,-4.170159026986668,10.884328086193923,OK,,0.22440185163222667
SN05mc,V,Swope,SN05mc_V_comb_swo.fits,0.025,1348.8496683128724,1135.1131725272928,2664,2705,1135.1131725272928,0.23,0.23,43.17091106120852,259.0254663672511,True,True,484.95164031934667,5.148862417399887,-2.0271108670033424,OK,,
SN05na,V,Swope,SN05na_V_comb_swo.fits,0.026,1302.9097149779955,1038.6956633056918,2489,2482,1038.6956633056918,0.23,0.23,41.56049296918153,249.36295781508917,True,True,880.4500110773296,1.2162993097225285,6.443919393345193,OK,,
SN05W,B,duPont,SN05W_B_comb_dup.fits,0.009,1692.8238988680985,1146.5906599206755,2474,2485,780.1761011319015,0.23,0.23,117.61841794819046,705.7105076891428,True,True,336.9137271207493,-16.612504487518468,58.1874354770598,CENTROID_DISAGREE,,9.011682172256279
SN05W,V,duPont,SN05W_V_comb_dup.fits,0.009,1692.8238988680985,1148.5906599206755,2472,2486,778.1761011319015,0.23,0.23,117.61841794819046,705.7105076891428,True,True,416.52260700585475,-12.874354515817304,49.98763972577232,CENTROID_DISAGREE,,9.011682172256279
SN06ax,B,duPont,SN06ax_B_comb_dup.fits,0.017,1424.7343598298235,1220.3172593988495,2506,2507,1080.2656401701765,0.23,0.23,62.876310631434706,377.2578637886083,True,True,149.3703376295206,15.375387233123158,4.122434603125509,OK,,1.5722367436282128
SN06ax,V,duPont,SN06ax_V_comb_dup.fits,0.017,1422.7343598298235,1224.3172593988495,2500,2505,1076.2656401701765,0.23,0.23,62.876310631434706,377.2578637886083,True,True,219.8569216302349,16.52900791843466,3.054217540709792,OK,,1.5722367436282128
SN06bd,B,duPont,SN06bd_B_comb_dup.fits,0.026,1601.4188888259848,1000.6164396126701,2567,2514,964.5811111740152,0.23,0.23,41.56049296918153,249.36295781508917,True,True,97.27461855297905,-11.685399084295385,4.589335915595171,OK,,1.1850702313883816
SN06bd,V,duPont,SN06bd_V_comb_dup.fits,0.026,1572.4188888259848,1222.61643961267,2504,2567,930.5811111740152,0.23,0.23,41.56049296918153,249.36295781508917,True,True,164.69471688466325,-12.552705821328313,5.39690664142679,OK,,1.1850702313883816
SN06bh,V,Swope,SN06bh_V_comb_swo.fits,0.011,1384.3129864130758,1188.3393058341985,2506,2524,1120.6870135869242,0.23,0.23,96.46768466859153,578.8061080115491,True,True,100.50919237896021,-17.833098646381018,11.30991311452826,OK,,
SN06br,B,duPont,SN06br_B_comb_dup.fits,0.025,1673.5469830571728,1236.6801083742828,2540,2593,865.4530169428272,0.23,0.23,43.17091106120852,259.0254663672511,True,True,411.02521414704154,-4.25462472842167,-0.3065197030941385,OK,,
SN06bt,V,Swope,SN06bt_V_comb_swo.fits,0.032,1177.7244096688694,1069.318860005163,2405,2401,1069.318860005163,0.23,0.23,34.012112258123885,204.0726735487433,True,True,-9.042640635956024,-1.7206977349731445,2.5196858353212717,NO_SIGNAL,,
SN06D,B,duPont,SN06D_B_comb_dup.fits,0.009,1437.436889768507,1237.0710695945186,2516,2534,1077.563110231493,0.23,0.23,117.61841794819046,705.7105076891428,True,True,1744.7137350324153,-42.61221255887323,-3.347369744302643,CENTROID_DISAGREE,,3.0896697785975293
SN06D,V,duPont,SN06D_V_comb_dup.fits,0.009,1436.436889768507,1230.0710695945186,2509,2521,1071.563110231493,0.23,0.23,117.61841794819046,705.7105076891428,True,True,2790.9505358323945,-39.80463914187569,-2.0575671047691158,CENTROID_DISAGREE,,3.0896697785975293
SN06dd,V,Swope,SN06dd_V_comb_swo.fits,0.006,1160.0490655716462,1251.2660763227932,2398,2398,1145.7339236772068,0.23,0.23,175.78378859235443,1054.7027315541266,True,True,8902.116183489325,-0.2891337211464571,-16.6483937885519,OK,,
SN06ef,B,duPont,SN06ef_B_comb_dup.fits,0.018,1599.174996615264,1203.0468532330442,2447,2467,846.825003384736,0.23,0.23,59.45510044147098,356.7306026488259,True,True,57.10021298165492,6.901066178742,-19.105813084831134,OK,,2.930110805562282
SN06ef,V,duPont,SN06ef_V_comb_dup.fits,0.018,1598.174996615264,1202.0468532330442,2444,2461,844.825003384736,0.23,0.23,59.45510044147098,356.7306026488259,True,True,104.35774743007286,8.01419110583162,-21.816256264380296,OK,,2.930110805562282
SN06ej,B,duPont,SN06ej_B_comb_dup.fits,0.02,1563.422913107074,1103.172092034495,2444,2454,879.577086892926,0.23,0.23,53.63914628061932,321.8348776837159,True,True,641.9289382438765,-8.20738325714682,12.775979979561193,OK,,1.3018320888032864
SN06ej,V,duPont,SN06ej_V_comb_dup.fits,0.02,1563.422913107074,1101.172092034495,2442,2448,877.577086892926,0.23,0.23,53.63914628061932,321.8348776837159,True,True,907.6490502318752,-8.277578262301923,14.075918227590384,OK,,1.3018320888032864
SN06eq,V,Swope,SN06eq_V_comb_swo.fits,0.05,1275.4723101757727,1042.6452307668073,2396,2397,1042.6452307668073,0.23,0.23,22.239643473267517,133.43786083960512,True,True,48.927841560165334,-6.1846480260797,6.128269295414509,OK,,
SN06et,B,duPont,SN06et_B_comb_dup.fits,0.023,1469.956957168821,1076.7200000391417,2448,2452,977.043042831179,0.23,0.23,46.8119463925824,280.87167835549434,True,True,366.7216738859564,0.6439307520362046,-9.665764835491212,OK,,0.3806354239572949
SN06et,V,duPont,SN06et_V_comb_dup.fits,0.023,1470.956957168821,1075.7200000391417,2446,2447,974.043042831179,0.23,0.23,46.8119463925824,280.87167835549434,True,True,585.5731897829897,0.5991796588629299,-10.043760424924404,OK,,0.3806354239572949
SN06ev,V,Swope,SN06ev_V_comb_swo.fits,0.029,1235.159987828949,1104.102367314542,2552,2454,1104.102367314542,0.23,0.23,37.39576166400425,224.37456998402547,True,True,244.70953801771398,12.684858260835671,-6.233022024652965,OK,,
SN06fw,B,duPont,SN06fw_B_comb_dup.fits,0.0835,1571.3113066107442,1096.9530434777366,2445,2455,872.6886933892558,0.23,0.23,13.85031667190639,83.10190003143833,True,True,111.21037034675761,0.05344545061332334,0.1196469642902144,OK,,0.26488155430462823
SN06fw,V,duPont,SN06fw_V_comb_dup.fits,0.0835,1572.3113066107442,1095.9530434777366,2443,2449,869.6886933892558,0.23,0.23,13.85031667190639,83.10190003143833,True,True,199.2962459762658,0.25980016625322366,-0.04642521623383242,OK,,0.26488155430462823
SN06gj,V,Swope,SN06gj_V_comb_swo.fits,0.028,1281.9036291428172,1064.6381388694926,2522,2414,1064.6381388694926,0.23,0.23,38.684820450522686,232.10892270313613,True,True,128.7498464470814,-0.6783900583185015,-1.2949644621917824,OK,,
SN06gt,V,Swope,SN06gt_V_comb_swo.fits,0.045,1327.5530585813995,1074.5425664695117,2398,2401,1069.4469414186005,0.23,0.23,24.564565010371332,147.38739006222798,True,True,-5.703228674646527,-8.669480722919571,8.80504397088067,NO_SIGNAL,,
SN06hb,V,Swope,SN06hb_V_comb_swo.fits,0.015,1137.2527949919474,1215.8692744210216,2401,2400,1137.2527949919474,0.23,0.23,71.08735248473448,426.5241149084069,True,True,335.6048082708829,6.325147280612246,-15.838434208490105,OK,,
SN06hx,B,duPont,SN06hx_B_comb_dup.fits,0.045,1629.4540928497588,1200.9756524379827,2446,2459,815.5459071502412,0.23,0.23,24.564565010371332,147.38739006222798,True,True,294.0074811685084,1.4117361342038766,-0.8302672519176112,OK,,0.42756543460027796
SN06hx,V,duPont,SN06hx_V_comb_dup.fits,0.045,1629.4540928497588,1198.9756524379827,2445,2453,814.5459071502412,0.23,0.23,24.564565010371332,147.38739006222798,True,True,655.2369423288175,1.7822777882417549,-1.0436005205087944,OK,,0.42756543460027796
SN06is,V,Swope,SN06is_V_comb_swo.fits,0.031,1305.988453394099,1099.6121386110265,2401,2397,1094.011546605901,0.23,0.23,35.06720637531027,210.40323825186167,True,True,50.70988735613508,-1.1884778244091854,0.49596554152794115,OK,,
SN06kf,B,duPont,SN06kf_B_comb_dup.fits,0.021,1597.5886972985304,1132.718309147491,2443,2453,844.4113027014696,0.23,0.23,51.146643665508755,306.87986199305254,True,True,135.49648404325166,-3.0660035364473956,5.350392621292396,OK,,2.555954939404604
SN06kf,V,duPont,SN06kf_V_comb_dup.fits,0.021,1597.5886972985304,1131.718309147491,2441,2448,842.4113027014696,0.23,0.23,51.146643665508755,306.87986199305254,True,True,279.10675441862446,-4.538467868863201,7.439592095260851,OK,,2.555954939404604
SN06lu,B,duPont,SN06lu_B_comb_dup.fits,0.068,1283.7983235848087,1207.0468364449894,2514,2517,1207.0468364449894,0.23,0.23,16.70300137796143,100.21800826776858,True,True,71.56209467154171,3.155858021233913,-0.6862796987545001,OK,,0.4469033081758123
SN06lu,V,duPont,SN06lu_V_comb_dup.fits,0.068,1282.7983235848087,1205.0468364449894,2509,2515,1205.0468364449894,0.23,0.23,16.70300137796143,100.21800826776858,True,True,98.96178020434827,3.570540149140219,-0.5196624737938642,OK,,0.4469033081758123
SN06ob,V,Swope,SN06ob_V_comb_swo.fits,0.059,1322.0449421352466,1023.5826104342116,2397,2403,1023.5826104342116,0.23,0.23,19.048551901301863,114.29131140781116,True,True,79.61471748424187,-5.022964913190411,1.4646919917587216,OK,,
SN06os,B,duPont,SN06os_B_comb_dup.fits,0.033,1724.3922288284293,1250.003600157279,2585,2515,859.6077711715707,0.23,0.23,33.02098426565925,198.1259055939555,True,True,112.09369108486489,3.1762228927950398,9.700993631701383,OK,,0.8736481606238635
SN06os,V,duPont,SN06os_V_comb_dup.fits,0.033,1716.3922288284293,1249.003600157279,2574,2513,856.6077711715707,0.23,0.23,33.02098426565925,198.1259055939555,True,True,189.20997131581225,3.5617666959339878,10.484968812700512,OK,,0.8736481606238635
SN06ot,B,duPont,SN06ot_B_comb_dup.fits,0.053,1317.3061253373287,1013.9321282727033,2519,2516,1013.9321282727033,0.23,0.23,21.055408290948655,126.33244974569196,True,True,95.2341867296681,3.448885772248049,-4.802736548793646,OK,,0.3329859025720698
SN06ot,V,duPont,SN06ot_V_comb_dup.fits,0.053,1317.3061253373287,1011.9321282727033,2510,2514,1011.9321282727033,0.23,0.23,21.055408290948655,126.33244974569196,True,True,156.70787454675656,3.681023309039967,-5.04146605120991,OK,,0.3329859025720698
SN06py,V,Swope,SN06py_V_comb_swo.fits,0.058,1231.7808701915237,1011.1878260867318,2396,2400,1011.1878260867318,0.23,0.23,19.354163456320357,116.12498073792214,True,True,175.12541223840793,-0.09571662772768019,0.07869367677891861,OK,,
SN07af,B,duPont,SN07af_B_comb_dup.fits,0.005,1686.4149200246836,1160.349442878894,2510,2516,822.5850799753164,0.23,0.23,210.6832839265528,1264.0997035593168,True,False,1038.105076596189,-86.31470005801947,17.064684211276322,"ANNULUS_TRUNCATED,CENTROID_DISAGREE",,10.01467135338888
SN07af,V,duPont,SN07af_V_comb_dup.fits,0.005,1685.4149200246836,1160.349442878894,2504,2514,817.5850799753164,0.23,0.23,210.6832839265528,1264.0997035593168,True,False,1493.4635930583986,-81.06935539303744,25.59580381317691,"ANNULUS_TRUNCATED,CENTROID_DISAGREE",,10.01467135338888
SN07ai,V,Swope,SN07ai_V_comb_swo.fits,0.032,1160.9091733489574,1035.6729250873045,2395,2393,1035.6729250873045,0.23,0.23,34.012112258123885,204.0726735487433,True,True,12.692568047282922,1.8911861969222088,13.513708635347255,OK,,
SN07al,B,duPont,SN07al_B_comb_dup.fits,0.012,1545.7567734621618,1041.1843048943279,2571,2510,1024.2432265378382,0.23,0.23,88.5362452172267,531.2174713033602,True,True,665.3240965351944,12.430316050997972,25.3944408545278,OK,,1.8476220487607455
SN07al,V,duPont,SN07al_V_comb_dup.fits,0.012,1546.7567734621618,1106.1843048943279,2500,2567,952.2432265378382,0.23,0.23,88.5362452172267,531.2174713033602,True,True,1306.3817938392353,13.23314853746478,27.058522353054954,OK,,1.8476220487607455
SN07as,B,duPont,SN07as_B_comb_dup.fits,0.018,1553.291692431165,1172.3069584397074,2505,2500,950.7083075688349,0.23,0.23,59.45510044147098,356.7306026488259,True,True,362.36949186580694,-10.385433823735896,-6.014674919102341,OK,,0.8940272422244812
SN07as,V,duPont,SN07as_V_comb_dup.fits,0.018,1549.291692431165,1170.3069584397074,2498,2497,947.7083075688349,0.23,0.23,59.45510044147098,356.7306026488259,True,True,596.0517670917342,-11.127634790486876,-6.513094857300465,OK,,0.8940272422244812
SN07ax,V,Swope,SN07ax_V_comb_swo.fits,0.007,1222.1737143223274,1150.2469854391916,2487,2413,1150.2469854391916,0.23,0.23,150.85567507626286,905.1340504575771,True,True,1615.3790664308171,-4.7491969385281605,4.478163188023817,OK,,
SN07ba,B,duPont,SN07ba_B_comb_dup.fits,0.039,1528.2720079856108,1099.3202012273869,2518,2523,988.7279920143892,0.23,0.23,28.141959179303175,168.85175507581906,True,True,37.61650934801614,11.212487151237088,0.5926754521803055,OK,,0.042321674900867544
SN07ba,V,duPont,SN07ba_V_comb_dup.fits,0.039,1528.2720079856108,1100.3202012273869,2512,2522,982.7279920143892,0.23,0.23,28.141959179303175,168.85175507581906,True,True,47.746755284479015,11.241913020381487,0.6230932494626767,OK,,0.042321674900867544
SN07bc,B,duPont,SN07bc_B_comb_dup.fits,0.021,1705.7454238599123,1176.1146014865799,2515,2511,808.2545761400877,0.23,0.23,51.146643665508755,306.87986199305254,True,True,41.7864225364268,-24.24098883851155,14.593117244220517,OK,,0.5916157620388507
SN07bc,V,duPont,SN07bc_V_comb_dup.fits,0.021,1990.7454238599123,1282.1146014865799,2566,2546,574.2545761400877,0.23,0.23,51.146643665508755,306.87986199305254,True,True,74.29839716527442,-24.42944174328411,15.15391552575818,OK,,0.5916157620388507
SN07bd,B,duPont,SN07bd_B_comb_dup.fits,0.031,1686.866596940081,1201.1095572367271,2502,2506,814.1334030599189,0.23,0.23,35.06720637531027,210.40323825186167,True,True,170.01032039394613,5.961922235932806,5.254145998436443,OK,,0.164006663873165
SN07bd,V,duPont,SN07bd_V_comb_dup.fits,0.031,1686.866596940081,1203.1095572367271,2502,2509,814.1334030599189,0.23,0.23,35.06720637531027,210.40323825186167,True,True,209.39034278275886,5.9420239013051805,5.416941090726882,OK,,0.164006663873165
SN07bm,B,duPont,SN07bm_B_comb_dup.fits,0.006,1555.9817853243067,1119.7495535666765,2518,2520,961.0182146756933,0.23,0.23,175.78378859235443,1054.7027315541266,True,False,2387.5123529155317,-46.1884288455895,29.52524484560353,"ANNULUS_TRUNCATED,CENTROID_DISAGREE",,25.599995067315174
SN07bm,V,duPont,SN07bm_V_comb_dup.fits,0.006,1575.9817853243067,1128.7495535666765,2523,2517,946.0182146756933,0.23,0.23,175.78378859235443,1054.7027315541266,True,False,3606.644796242501,-25.476138465421517,14.479954065623167,"ANNULUS_TRUNCATED,CENTROID_DISAGREE",,25.599995067315174
SN07ca,B,duPont,SN07ca_B_comb_dup.fits,0.014,1660.7825215680678,1202.9333306740662,2546,2592,884.2174784319322,0.23,0.23,76.07270143603981,456.43620861623884,True,True,813.9700476720097,19.985805952226276,0.7379564843740453,OK,,0.8637989141396506
SN07ca,V,duPont,SN07ca_V_comb_dup.fits,0.014,1658.7825215680678,1202.9333306740662,2540,2629,880.2174784319322,0.23,0.23,76.07270143603981,456.43620861623884,True,True,1144.151875770657,20.42728048490257,1.4804177972160586,OK,,0.8637989141396506
SN07cg,B,duPont,SN07cg_B_comb_dup.fits,0.033,1393.5099461162329,1181.1756122570223,2515,2518,1120.4900538837671,0.23,0.23,33.02098426565925,198.1259055939555,True,True,736.9583177405821,1.7768230005594499,0.2209386667649952,OK,,0.33824380718588
SN07cg,V,duPont,SN07cg_V_comb_dup.fits,0.033,1391.5099461162329,1179.1756122570223,2509,2519,1116.4900538837671,0.23,0.23,33.02098426565925,198.1259055939555,True,True,1234.5668408838258,2.1150622224501636,0.21917745287586513,OK,,0.33824380718588
SN07hj,B,duPont,SN07hj_B_comb_dup.fits,0.014,1790.6655231802947,1326.0470756617551,2533,2544,741.3344768197053,0.23,0.23,76.07270143603981,456.43620861623884,True,True,721.3532289606887,-4.590396430372982,-9.277266424442285,OK,,2.300872863971646
SN07hj,V,duPont,SN07hj_V_comb_dup.fits,0.014,1785.6655231802947,1319.0470756617551,2520,2530,733.3344768197053,0.23,0.23,76.07270143603981,456.43620861623884,True,True,1378.8136053450344,-5.8185782700607165,-11.222924489165461,OK,,2.300872863971646
SN07hx,B,duPont,SN07hx_B_comb_dup.fits,0.0798,1840.6235871647805,1080.7408181217195,2582,2532,740.3764128352195,0.23,0.23,14.430391267137352,86.58234760282413,True,True,67.9728324462678,-2.5903498662514255,2.1579407967489024,OK,,0.9423882730156667
SN07hx,V,duPont,SN07hx_V_comb_dup.fits,0.0798,1651.6235871647805,1205.7408181217195,2532,2526,879.3764128352195,0.23,0.23,14.430391267137352,86.58234760282413,True,True,24.168990877533012,-1.8944427195259637,1.5224811990923108,OK,,0.9423882730156667
SN07jd,B,duPont,SN07jd_B_comb_dup.fits,0.0727,1592.3905983735913,1105.921743826908,2567,2531,973.6094016264087,0.23,0.23,15.709243406542184,94.2554604392531,True,True,115.82021353814356,-3.7133951003490195,-1.5229984685419842,OK,,0.30127695808820276
SN07jd,V,duPont,SN07jd_V_comb_dup.fits,0.0727,1592.3905983735913,1107.921743826908,2568,2528,974.6094016264087,0.23,0.23,15.709243406542184,94.2554604392531,True,True,181.73993254568103,-3.974333047323448,-1.6735945949983146,OK,,0.30127695808820276
SN07jg,B,duPont,SN07jg_B_comb_dup.fits,0.037,1663.4399992927097,1084.5026087185613,2507,2511,842.5600007072903,0.23,0.23,29.592404930551055,177.55442958330633,True,True,13.512610758229384,0.12470193641669985,-2.4314377065573627,OK,,2.2206741101293352
SN07jg,V,duPont,SN07jg_V_comb_dup.fits,0.037,1687.4399992927097,1101.5026087185613,2533,2529,844.5600007072903,0.23,0.23,29.592404930551055,177.55442958330633,True,True,44.70856035220514,0.1994247898223366,-4.650854296244309,OK,,2.2206741101293352
SN07jh,B,duPont,SN07jh_B_comb_dup.fits,0.04077,1569.0046601482786,1087.6034783536782,2520,2539,949.9953398517214,0.23,0.23,26.97707026872589,161.86242161235535,True,True,630.5526388499936,-0.4824893239320587,5.162370440143122,OK,,0.12728107518052498
SN07jh,V,duPont,SN07jh_V_comb_dup.fits,0.04077,1569.0046601482786,1088.6034783536782,2517,2537,946.9953398517214,0.23,0.23,26.97707026872589,161.86242161235535,True,True,819.3547360491814,-0.4940353537170259,5.289126746871092,OK,,0.12728107518052498
SN07le,B,duPont,SN07le_B_comb_dup.fits,0.007,1570.5197583182119,1223.1373757830668,2579,2534,1007.4802416817881,0.23,0.23,150.85567507626286,905.1340504575771,True,True,1953.0021584567858,-49.89750969294143,4.309591529709774,CENTROID_DISAGREE,,13.23524851553416
SN07le,V,duPont,SN07le_V_comb_dup.fits,0.007,1568.5197583182119,1224.1373757830668,2569,2531,999.4802416817881,0.23,0.23,150.85567507626286,905.1340504575771,True,True,2706.2040789851935,-36.754255628657035,5.867370676322294,CENTROID_DISAGREE,,13.23524851553416
SN07N,B,duPont,SN07N_B_comb_dup.fits,0.013,1501.338710528496,1235.7077982973697,2577,2515,1074.661289471504,0.23,0.23,81.82507990024246,490.9504794014548,True,True,474.2038808193353,-43.37266008215123,-26.642275298572848,CENTROID_DISAGREE,,16.41065337580755
SN07N,V,duPont,SN07N_V_comb_dup.fits,0.013,1494.338710528496,1235.7077982973697,2565,2506,1069.661289471504,0.23,0.23,81.82507990024246,490.9504794014548,True,True,870.9208803180879,-27.138448723100193,-24.242290763088924,CENTROID_DISAGREE,,16.41065337580755
SN07nq,B,duPont,SN07nq_B_comb_dup.fits,0.045,1509.6733759271685,1202.801635270046,2569,2537,1058.3266240728315,0.23,0.23,24.564565010371332,147.38739006222798,True,True,11.993390031814483,-11.81203978481439,-6.436918743334709,OK,,0.5995458809638622
SN07nq,V,duPont,SN07nq_V_comb_dup.fits,0.045,1550.6733759271685,1205.801635270046,2565,2536,1013.3266240728315,0.23,0.23,24.564565010371332,147.38739006222798,True,True,25.126942558064872,-12.294646466500787,-6.792651865453494,OK,,0.5995458809638622
SN07ol,B,duPont,SN07ol_B_comb_dup.fits,0.056,1524.9946937285013,1174.6486955428163,2578,2556,1052.0053062714987,0.23,0.23,19.998168425070894,119.98901055042535,True,True,466.1515254368367,-0.9629784724827846,0.529741369297875,OK,,0.6675526256773155
SN07ol,V,duPont,SN07ol_V_comb_dup.fits,0.056,1522.9946937285013,1162.6486955428163,2577,2531,1053.0053062714987,0.23,0.23,19.998168425070894,119.98901055042535,True,True,787.6498055256737,-0.8320991090593615,1.1843382683728383,OK,,0.6675526256773155
SN07on,B,duPont,SN07on_B_comb_dup.fits,0.006,1444.7968512691161,1173.6268875452606,2527,2537,1081.2031487308839,0.23,0.23,175.78378859235443,1054.7027315541266,True,True,505.24140971696926,-43.59145401630287,-56.75372213079205,CENTROID_DISAGREE,,28.170170730034055
SN07on,V,duPont,SN07on_V_comb_dup.fits,0.006,1443.7968512691161,1172.6268875452606,2523,2533,1078.2031487308839,0.23,0.23,175.78378859235443,1054.7027315541266,True,True,664.5729287453946,-60.17786756895457,-33.98423806945066,CENTROID_DISAGREE,,28.170170730034055
SN07S,B,duPont,SN07S_B_comb_dup.fits,0.014,1446.3014537747117,1180.3496613626057,2514,2518,1066.6985462252883,0.23,0.23,76.07270143603981,456.43620861623884,True,True,1277.5195144386898,-7.716245506851227,-0.7362113701911478,CENTROID_DISAGREE,,18.81891056467825
SN07S,V,duPont,SN07S_V_comb_dup.fits,0.014,1445.3014537747117,1182.3496613626057,2612,2520,1165.6985462252883,0.23,0.23,76.07270143603981,456.43620861623884,True,True,1873.438171293403,-26.311777031377357,-3.6271631445577945,CENTROID_DISAGREE,,18.81891056467825
SN07so,B,duPont,SN07so_B_comb_dup.fits,0.03,1640.5356121336736,1185.8574982362543,2571,2624,929.4643878663264,0.23,0.23,36.19266321493032,217.15597928958192,True,True,621.9951711352444,-5.891975340019449,4.607201711946007,OK,,0.06536777838135777
SN07so,V,duPont,SN07so_V_comb_dup.fits,0.03,1612.5356121336736,1190.8574982362543,2585,2625,971.4643878663264,0.23,0.23,36.19266321493032,217.15597928958192,True,True,871.7444247104931,-5.957284288408955,4.609974384081528,OK,,0.06536777838135777
SN07st,B,duPont,SN07st_B_comb_dup.fits,0.021,1550.2976310277297,1251.0692937056344,2576,2527,1024.7023689722703,0.23,0.23,51.146643665508755,306.87986199305254,True,True,878.4818909153935,4.530236365765013,3.1004823727818387,OK,,0.37805701979930345
SN07st,V,duPont,SN07st_V_comb_dup.fits,0.021,1547.2976310277297,1251.0692937056344,2570,2523,1021.7023689722703,0.23,0.23,51.146643665508755,306.87986199305254,True,True,1115.7427912768433,4.73817247304829,2.7847456382902553,OK,,0.37805701979930345
SN07ux,B,duPont,SN07ux_B_comb_dup.fits,0.031,1782.8567518924006,1364.4783100251498,2529,2515,745.1432481075994,0.23,0.23,35.06720637531027,210.40323825186167,True,True,759.3234030728712,3.6201196729794365,-4.957374963119525,OK,,0.7056253503832121
SN07ux,V,duPont,SN07ux_V_comb_dup.fits,0.031,1776.8567518924006,1364.4783100251498,2528,2515,750.1432481075994,0.23,0.23,35.06720637531027,210.40323825186167,True,True,993.3159174705364,4.304516887857056,-5.12915268976413,OK,,0.7056253503832121
SN08ae,B,duPont,SN08ae_B_comb_dup.fits,0.03,1707.4021993620327,1174.7880782721402,2518,2514,809.5978006379673,0.23,0.23,36.19266321493032,217.15597928958192,True,True,257.0661686323375,-9.173309376293927,-9.951601316783949,OK,,0.2838421649864878
SN08ae,V,duPont,SN08ae_V_comb_dup.fits,0.03,1690.4021993620327,1101.7880782721402,2511,2512,819.5978006379673,0.23,0.23,36.19266321493032,217.15597928958192,True,True,251.72581632828314,-9.274924723440236,-9.686571703629962,OK,,0.2838421649864878
SN08ar,B,duPont,SN08ar_B_comb_dup.fits,0.026,1650.9097936787443,1265.367013430185,2516,2518,864.0902063212557,0.23,0.23,41.56049296918153,249.36295781508917,True,True,857.9657950304114,4.996463474810373,3.246650886426124,OK,,0.21646155314651302
SN08ar,V,duPont,SN08ar_V_comb_dup.fits,0.026,1650.9097936787443,1265.367013430185,2516,2518,864.0902063212557,0.23,0.23,41.56049296918153,249.36295781508917,True,True,1115.8429666603247,5.097231084465664,3.438227223260712,OK,,0.21646155314651302
SN08bc,B,duPont,SN08bc_B_comb_dup.fits,0.015,1190.4491226795044,949.9070208730694,2559,2517,949.9070208730694,0.23,0.23,71.08735248473448,426.5241149084069,True,True,594.1944852657349,-13.162075530321529,-4.008866122439961,CENTROID_DISAGREE,,3.7968682859399565
SN08bc,V,duPont,SN08bc_V_comb_dup.fits,0.015,1190.4491226795044,946.9070208730705,2562,2513,946.9070208730705,0.23,0.23,71.08735248473448,426.5241149084069,True,True,892.6455717330275,-9.407964173238785,-3.440661318342897,CENTROID_DISAGREE,,3.7968682859399565
SN08bd,B,duPont,SN08bd_B_comb_dup.fits,0.03,1682.299480431963,1373.0382343382446,2522,2518,838.700519568037,0.23,0.23,36.19266321493032,217.15597928958192,True,True,1114.2868168830755,-2.922929385969997,-4.581319669134067,OK,,0.136959143681533
SN08bd,V,duPont,SN08bd_V_comb_dup.fits,0.03,1681.299480431963,1376.0382343382446,2521,2521,838.700519568037,0.23,0.23,36.19266321493032,217.15597928958192,True,True,1286.190093048331,-2.8055297287246317,-4.651854252968166,OK,,0.136959143681533
SN08bi,B,duPont,SN08bi_B_comb_dup.fits,0.013,1674.7818651641664,1157.168696309542,2511,2508,835.2181348358336,0.23,0.23,81.82507990024246,490.9504794014548,True,True,948.0111086166079,-1.3259810651779835,4.367454600651735,OK,,0.6624257475387851
SN08bi,V,duPont,SN08bi_V_comb_dup.fits,0.013,1672.7818651641664,1160.168696309542,2502,2511,828.2181348358336,0.23,0.23,81.82507990024246,490.9504794014548,True,True,1170.0983387327767,-1.202919888432369,5.018349229436074,OK,,0.6624257475387851
SN08bq,B,duPont,SN08bq_B_comb_dup.fits,0.034,1451.2888759925013,1185.9352519564336,2506,2504,1053.7111240074987,0.23,0.23,32.08817834108241,192.5290700464945,True,True,72.74917010180066,-3.88124817367021,8.96792675666209,OK,,0.4469372589623817
SN08bq,V,duPont,SN08bq_V_comb_dup.fits,0.034,1451.2888759925013,1184.9352519564336,2500,2501,1047.7111240074987,0.23,0.23,32.08817834108241,192.5290700464945,True,True,85.70519262930549,-4.320956515799787,9.047986030393908,OK,,0.4469372589623817
SN08bt,B,duPont,SN08bt_B_comb_dup.fits,0.015,1670.1990995727072,1164.3698453262364,2515,2510,843.8009004272928,0.23,0.23,71.08735248473448,426.5241149084069,True,True,1697.991365479397,-12.227960309267862,1.301951702163822,OK,,0.5066381735900175
SN08bt,V,duPont,SN08bt_V_comb_dup.fits,0.015,1672.1990995727072,1166.3698453262364,2516,2514,842.8009004272928,0.23,0.23,71.08735248473448,426.5241149084069,True,True,2698.608886105438,-12.661376338681226,1.5643117303430076,OK,,0.5066381735900175
SN08bz,B,duPont,SN08bz_B_comb_dup.fits,0.06,1761.8028629853436,1389.4400674726924,2521,2519,758.1971370146564,0.23,0.23,18.75313915604273,112.5188349362564,True,True,43.03319826858561,-3.8095184986394584,3.5215184721475663,OK,,0.6290898281202185
SN08bz,V,duPont,SN08bz_V_comb_dup.fits,0.06,1761.8028629853436,1390.4400674726924,2519,2517,756.1971370146564,0.23,0.23,18.75313915604273,112.5188349362564,True,True,87.42832246543563,-4.129093771780217,4.063390834093934,OK,,0.6290898281202185
SN08C,B,duPont,SN08C_B_comb_dup.fits,0.017,1231.913655811837,705.071356960987,2478,2561,705.071356960987,0.23,0.23,62.876310631434706,377.2578637886083,True,True,1806.3432658808802,3.860298174055576,7.286690118279738,OK,,1.342666916198735
SN08C,V,duPont,SN08C_V_comb_dup.fits,0.017,1233.913655811837,713.071356960988,2478,2566,713.071356960988,0.23,0.23,62.876310631434706,377.2578637886083,True,True,2681.535991701651,2.7178740400426986,6.5812671629688495,OK,,1.342666916198735
SN08cc,B,duPont,SN08cc_B_comb_dup.fits,0.0104,1064.9817912565836,869.8904347626941,2473,2467,869.8904347626941,0.23,0.23,101.9587128015664,611.7522768093985,True,True,4012.813043287226,13.824986137769297,-7.642021358055844,CENTROID_DISAGREE,,3.7358454653507964
SN08cc,V,duPont,SN08cc_V_comb_dup.fits,0.0104,1065.9817912565836,867.8904347626941,2473,2467,867.8904347626941,0.23,0.23,101.9587128015664,611.7522768093985,True,True,5112.285372723679,11.594316021517107,-4.645247730729023,CENTROID_DISAGREE,,3.7358454653507964
SN08cd,B,duPont,SN08cd_B_comb_dup.fits,0.007,1831.1979458802607,1196.1547040824826,2808,2620,975.8020541197393,0.23,0.23,150.85567507626286,905.1340504575771,True,True,6555.445269789481,-37.66185952805277,0.6327820352632878,CENTROID_DISAGREE,,14.265365169262527
SN08cd,V,duPont,SN08cd_V_comb_dup.fits,0.007,1831.1979458802607,1196.1547040824826,2803,2618,970.8020541197393,0.23,0.23,150.85567507626286,905.1340504575771,True,True,10681.206872119188,-23.39969725836149,0.9350580769913835,CENTROID_DISAGREE,,14.265365169262527
SN08cf,B,duPont,SN08cf_B_comb_dup.fits,0.046,1454.0568862050932,1196.7025689546122,2654,2476,1196.7025689546122,0.23,0.23,24.059116832393087,144.35470099435852,True,True,126.37727942974249,13.092357824503452,12.576455252038961,OK,,0.354769438044226
SN08cf,V,duPont,SN08cf_V_comb_dup.fits,0.046,1452.0568862050932,1196.7025689546122,2649,2475,1195.9431137949068,0.23,0.23,24.059116832393087,144.35470099435852,True,True,134.08306780695776,12.738841215971798,12.606243868362869,OK,,0.354769438044226
SN08fl,B,duPont,SN08fl_B_comb_dup.fits,0.02,1143.0204923608778,928.6930443753034,2466,2459,928.6930443753034,0.23,0.23,53.63914628061932,321.8348776837159,True,True,433.0509665927348,-7.271636734310889,-6.226311640595909,OK,,1.019580387585933
SN08fl,V,duPont,SN08fl_V_comb_dup.fits,0.02,1141.0204923608778,928.6930443753034,2465,2458,928.6930443753034,0.23,0.23,53.63914628061932,321.8348776837159,True,True,520.8474103475072,-7.857688440044882,-7.060630263758642,OK,,1.019580387585933
SN08fp,B,duPont,SN08fp_B_comb_dup.fits,0.006,1459.7964481900892,1227.1962960987698,2641,2462,1180.2035518099108,0.23,0.23,175.78378859235443,1054.7027315541266,True,True,3464.8465825042053,62.24161185852262,-40.67688668329075,CENTROID_DISAGREE,,9.959829438641114
SN08fp,V,duPont,SN08fp_V_comb_dup.fits,0.006,1455.7964481900892,1228.1962960987698,2646,2462,1189.2035518099108,0.23,0.23,175.78378859235443,1054.7027315541266,True,True,5565.592460805476,52.359780939648644,-39.43285286638363,CENTROID_DISAGREE,,9.959829438641114
SN08fr,B,duPont,SN08fr_B_comb_dup.fits,0.048,1387.7254084531196,979.0660889776933,2464,2458,979.0660889776933,0.23,0.23,23.11144525636103,138.6686715381662,True,True,29.44350332016765,-0.025175316450911554,0.09352179283491645,OK,,0.2914517494978354
SN08fr,V,duPont,SN08fr_V_comb_dup.fits,0.048,1391.7254084531196,991.0660889776943,2470,2467,991.0660889776943,0.23,0.23,23.11144525636103,138.6686715381662,True,True,36.240093884643414,0.26509064429316237,0.11978572853901011,OK,,0.2914517494978354
SN08fu,B,duPont,SN08fu_B_comb_dup.fits,0.052,1288.2843018528815,1042.8556198859242,2562,2511,1042.8556198859242,0.23,0.23,21.434957341785324,128.60974405071195,True,True,125.36732751038913,-3.352406606306504,0.7906744566920508,OK,,0.573152810454059
SN08fu,V,duPont,SN08fu_V_comb_dup.fits,0.052,1289.2843018528815,1041.8556198859242,2554,2507,1041.8556198859242,0.23,0.23,21.434957341785324,128.60974405071195,True,True,172.63996399914961,-2.8872947375018208,1.125599961287329,OK,,0.573152810454059
SN08fw,B,duPont,SN08fw_B_comb_dup.fits,0.009,1236.6267215072119,996.2460101172873,2481,2550,996.2460101172873,0.23,0.23,117.61841794819046,705.7105076891428,True,True,4299.515428457129,-0.2984361083580764,-10.248916259446567,CENTROID_DISAGREE,,3.399196725136106
SN08fw,V,duPont,SN08fw_V_comb_dup.fits,0.009,1082.6267215072107,789.2460101172873,2495,2489,789.2460101172873,0.23,0.23,117.61841794819046,705.7105076891428,True,True,3675.2299861363736,-1.302630625916906,-7.001435428543816,CENTROID_DISAGREE,,3.399196725136106
SN08gg,B,duPont,SN08gg_B_comb_dup.fits,0.032,1154.7719883382856,1190.6248784439701,2563,2468,1154.7719883382856,0.23,0.23,34.012112258123885,204.0726735487433,True,True,-0.8022859444555166,11.628994448242896,12.507718522996893,NO_SIGNAL,,1.5775295888154146
SN08gg,V,duPont,SN08gg_V_comb_dup.fits,0.032,1241.7719883382856,1190.6248784439701,2557,2469,1190.6248784439701,0.23,0.23,34.012112258123885,204.0726735487433,True,True,0.5038675431288712,12.274852300343195,13.946977790282853,NO_SIGNAL,,1.5775295888154146
SN08gl,B,duPont,SN08gl_B_comb_dup.fits,0.034,1119.2035966416652,1126.155143988853,2557,2462,1119.2035966416652,0.23,0.23,32.08817834108241,192.5290700464945,True,True,61.567347378815676,16.16526227590167,-11.216463196685671,OK,,0.7514568843787246
SN08gl,V,duPont,SN08gl_V_comb_dup.fits,0.034,1304.2035966416652,1138.155143988853,2554,2465,1138.155143988853,0.23,0.23,32.08817834108241,192.5290700464945,True,True,84.37391313293733,16.697860556035355,-11.746582542756745,OK,,0.7514568843787246
SN08go,B,duPont,SN08go_B_comb_dup.fits,0.062,1241.2423460859727,920.2376938979708,2473,2470,920.2376938979708,0.23,0.23,18.19093615845832,109.14561695074993,True,True,2.4923147360672586,8.865214153247003,-6.228622802500618,NO_SIGNAL,,1.0408937834171925
SN08go,V,duPont,SN08go_V_comb_dup.fits,0.062,1241.2423460859727,920.2376938979708,2470,2465,920.2376938979708,0.23,0.23,18.19093615845832,109.14561695074993,True,True,7.592978946070112,9.685568548269494,-6.869308790269852,OK,,1.0408937834171925
SN08gp,B,duPont,SN08gp_B_comb_dup.fits,0.033,808.4308323056508,1165.1443777257566,2552,2664,808.4308323056508,0.23,0.23,33.02098426565925,198.1259055939555,True,True,87.36795116658135,8.643969493355723,12.4637379695934,OK,,0.7114401313563576
SN08gp,V,duPont,SN08gp_V_comb_dup.fits,0.033,801.4308323056508,1230.1443777257566,2671,2594,801.4308323056508,0.23,0.23,33.02098426565925,198.1259055939555,True,True,99.16400730383097,9.343406327780373,12.333602750861592,OK,,0.7114401313563576
SN08ha,V,Swope,SN08ha_V_comb_swo.fits,0.005,1147.2054034275382,1198.6995931985928,2402,2404,1147.2054034275382,0.23,0.23,210.6832839265528,1264.0997035593168,True,False,263.5574319007133,6.298027875053593,1.7839852588099638,ANNULUS_TRUNCATED,,
SN08hj,B,duPont,SN08hj_B_comb_dup.fits,0.038,1077.4308213599877,857.4312381667562,2563,2471,857.4312381667562,0.23,0.23,28.848088077700062,173.08852846620036,True,True,19.559470435982778,4.750904489031765,-11.925751241960723,OK,,0.478004288914733
SN08hj,V,duPont,SN08hj_V_comb_dup.fits,0.038,1167.4308213599877,858.4312381667552,2560,2469,858.4312381667552,0.23,0.23,28.848088077700062,173.08852846620036,True,True,24.699038259791486,4.9337512650953,-12.367401733530755,OK,,0.478004288914733
SN08hu,B,duPont,SN08hu_B_comb_dup.fits,0.05,1263.7215364865756,968.895539326252,2477,2638,968.895539326252,0.23,0.23,22.239643473267517,133.43786083960512,True,True,51.550017033126124,-7.921945562958643,-10.307143942880268,OK,,1.6554319786498792
SN08hu,V,duPont,SN08hu_V_comb_dup.fits,0.05,1263.7215364865756,968.895539326253,2477,2552,968.895539326253,0.23,0.23,22.239643473267517,133.43786083960512,True,True,58.09361140043341,-6.375324269293713,-9.716874843300364,OK,,1.6554319786498792
SN08hv,V,duPont,SN08hv_V_comb_dup.fits,0.013,1201.0754249436006,816.764411845945,2541,2473,816.764411845945,0.23,0.23,81.82507990024246,490.9504794014548,True,True,662.0585577574456,-32.89356559918692,3.2881789041448615,OK,,
SN08ia,B,duPont,SN08ia_B_comb_dup.fits,0.022,1293.9261261986928,975.6395108654922,2555,2512,975.6395108654922,0.23,0.23,48.88076351351002,293.2845810810601,True,True,1292.426448232623,-1.27435810364401,-12.712996874358563,CENTROID_DISAGREE,,3.6449602307055113
SN08ia,V,duPont,SN08ia_V_comb_dup.fits,0.022,1291.9261261986928,975.6395108654922,2558,2510,975.6395108654922,0.23,0.23,48.88076351351002,293.2845810810601,True,True,1638.580752550021,-2.0286421133763266,-9.146935921978905,CENTROID_DISAGREE,,3.6449602307055113
SN08J,B,duPont,SN08J_B_comb_dup.fits,0.016,1304.5938290299118,897.1442664905104,2568,2528,897.1442664905104,0.23,0.23,66.72521504135035,400.3512902481021,True,True,1535.0581860850705,-3.9655874821783774,4.919455339773855,OK,,0.69918392138948
SN08J,V,duPont,SN08J_V_comb_dup.fits,0.016,1304.5938290299118,899.1442664905114,2563,2522,899.1442664905114,0.23,0.23,66.72521504135035,400.3512902481021,True,True,1961.5959359468643,-4.631113885730206,4.705136040351382,OK,,0.69918392138948
SN08O,B,duPont,SN08O_B_comb_dup.fits,0.0389,1396.0345095647467,1203.709047813198,2505,2509,1107.9654904352533,0.23,0.23,28.21093754583677,169.2656252750206,True,True,198.6404611251583,-7.524225475777634,-0.46176139020838575,OK,,0.5693931260192943
SN08O,V,duPont,SN08O_V_comb_dup.fits,0.0389,1395.0345095647467,1201.709047813198,2499,2506,1102.9654904352533,0.23,0.23,28.21093754583677,169.2656252750206,True,True,207.60533679804553,-7.407198725544073,0.09547578702209632,OK,,0.5693931260192943
SN08R,B,duPont,SN08R_B_comb_dup.fits,0.013,1546.7589988858876,1088.2762284382918,2536,2526,988.2410011141124,0.23,0.23,81.82507990024246,490.9504794014548,True,True,2050.9080876577145,-10.463197332461114,5.4948680017668465,OK,,1.1632744735511098
SN08R,V,duPont,SN08R_V_comb_dup.fits,0.013,1543.7589988858876,1090.2762284382918,2531,2524,986.2410011141124,0.23,0.23,81.82507990024246,490.9504794014548,True,True,2555.674382257749,-11.041530032591927,6.504193909873348,OK,,1.1632744735511098
SN09aa,V,Swope,SN09aa_V_comb_swo.fits,0.027,1193.2913570859369,1078.0246362758003,2416,2415,1078.0246362758003,0.23,0.23,40.06939070658076,240.41634423948457,True,True,37.997576000813716,12.974575062846789,1.6506523375081688,OK,,
SN09ab,B,duPont,SN09ab_B_comb_dup.fits,0.011,1148.9376231567428,923.6231072473099,2542,2455,923.6231072473099,0.23,0.23,96.46768466859153,578.8061080115491,True,True,270.22377437515416,25.178002096102187,-14.933598216323167,CENTROID_DISAGREE,,3.641807279596176
SN09ab,V,duPont,SN09ab_V_comb_dup.fits,0.011,1242.9376231567428,936.6231072473109,2548,2455,936.6231072473109,0.23,0.23,96.46768466859153,578.8061080115491,True,True,448.96278116689786,27.842753841297753,-17.41590730227457,CENTROID_DISAGREE,,3.641807279596176
SN09ad,B,duPont,SN09ad_B_comb_dup.fits,0.028,1294.1068873848094,885.523487496803,2558,2466,885.523487496803,0.23,0.23,38.684820450522686,232.10892270313613,True,True,332.3120267513203,-1.9347001179826968,-2.674227080153535,OK,,1.4321720394503747
SN09ad,V,duPont,SN09ad_V_comb_dup.fits,0.028,1272.1068873848094,844.523487496803,2560,2464,844.523487496803,0.23,0.23,38.684820450522686,232.10892270313613,True,True,444.34977171732385,-1.2490230828701823,-3.931590891507575,OK,,1.4321720394503747
SN09ag,B,duPont,SN09ag_B_comb_dup.fits,0.009,1342.4630444285358,1056.6677087736443,2557,2467,1056.6677087736443,0.23,0.23,117.61841794819046,705.7105076891428,True,True,647.3666631478452,0.1927717852003991,-35.34586325053727,OK,,1.0963800699208581
SN09ag,V,duPont,SN09ag_V_comb_dup.fits,0.009,1257.4630444285358,1056.6677087736443,2558,2468,1056.6677087736443,0.23,0.23,117.61841794819046,705.7105076891428,True,True,1042.0599715386452,1.2857301214540249,-35.432415737118376,OK,,1.0963800699208581
SN09al,B,duPont,SN09al_B_comb_dup.fits,0.022,1308.8232821243676,1154.1415695113062,2559,2469,1154.1415695113062,0.23,0.23,48.88076351351002,293.2845810810601,True,True,-6.48735738782733,-0.4234730804220979,-2.0147736082812315,NO_SIGNAL,,0.6418054311897088
SN09al,V,duPont,SN09al_V_comb_dup.fits,0.022,1314.8232821243676,1154.141569511305,2563,2468,1154.141569511305,0.23,0.23,48.88076351351002,293.2845810810601,True,True,-5.293424019624013,-0.4979471313493433,-2.6522434720733123,NO_SIGNAL,,0.6418054311897088
SN09cz,B,duPont,SN09cz_B_comb_dup.fits,0.021,1370.7219448463727,1095.7618702867178,2483,2533,1095.7618702867178,0.23,0.23,51.146643665508755,306.87986199305254,True,True,278.5138857915127,3.7496206325731243,-16.74190367069516,OK,,0.09220203873873703
SN09cz,V,duPont,SN09cz_V_comb_dup.fits,0.021,1369.7219448463727,1229.7618702867178,2487,2600,1116.2780551536273,0.23,0.23,51.146643665508755,306.87986199305254,True,True,313.3272572093904,3.6580210609184665,-16.752426713043395,OK,,0.09220203873873703
SN09D,B,duPont,SN09D_B_comb_dup.fits,0.025,1075.2687631409094,935.3870778162311,2553,2460,935.3870778162311,0.23,0.23,43.17091106120852,259.0254663672511,True,True,-13.215368665683098,22.27644688971154,-18.472713625852197,NO_SIGNAL,,2.211813104343271
SN09D,V,duPont,SN09D_V_comb_dup.fits,0.025,1160.2687631409085,936.3870778162311,2548,2459,936.3870778162311,0.23,0.23,43.17091106120852,259.0254663672511,True,True,-14.461933995562168,20.10870023292383,-18.912021764327147,NO_SIGNAL,,2.211813104343271
SN09dc,B,duPont,SN09dc_B_comb_dup.fits,0.021,1544.088765157816,880.7855925494528,2479,2473,880.7855925494528,0.23,0.23,51.146643665508755,306.87986199305254,True,True,12.70286194964936,-14.420943042783058,-15.770104035188757,OK,,1.7716416367975139
SN09dc,V,duPont,SN09dc_V_comb_dup.fits,0.021,1543.088765157816,885.7855925494528,2557,2475,885.7855925494528,0.23,0.23,51.146643665508755,306.87986199305254,True,True,33.67929994542665,-15.60775223606512,-17.085473955772223,OK,,1.7716416367975139
SN09ds,B,duPont,SN09ds_B_comb_dup.fits,0.019,1314.7715970939746,1015.6936049499013,2481,2549,1015.6936049499013,0.23,0.23,56.39405382916227,338.3643229749736,True,True,254.0277516294677,-11.133489145152183,-1.4698810377814793,OK,,0.8133331878029698
SN09ds,V,duPont,SN09ds_V_comb_dup.fits,0.019,1317.7715970939746,1101.6936049499013,2481,2557,1101.6936049499013,0.23,0.23,56.39405382916227,338.3643229749736,True,True,292.09011115229555,-11.415190924483923,-2.232871851555192,OK,,0.8133331878029698
SN09F,B,duPont,SN09F_B_comb_dup.fits,0.013,1230.0750804847626,980.0154500668049,2558,2514,980.0154500668049,0.23,0.23,81.82507990024246,490.9504794014548,True,True,1654.3776716174816,2.343204152956243,-2.2221216065855094,OK,,0.3605176307193462
SN09F,V,duPont,SN09F_V_comb_dup.fits,0.013,1232.0750804847626,980.0154500668049,2554,2558,980.0154500668049,0.23,0.23,81.82507990024246,490.9504794014548,True,True,3001.6991409012912,2.0075475919226515,-2.090563121132864,OK,,0.3605176307193462
SN09I,B,duPont,SN09I_B_comb_dup.fits,0.026,1183.1586650221232,840.9512633687302,2565,2467,840.9512633687302,0.23,0.23,41.56049296918153,249.36295781508917,True,True,260.8686161923352,5.368850960947754,9.524739598219817,OK,,0.6440138778900074
SN09I,V,duPont,SN09I_V_comb_dup.fits,0.026,1412.1586650221232,1077.9512633687293,2552,2468,1077.9512633687293,0.23,0.23,41.56049296918153,249.36295781508917,True,True,251.3139720088443,5.347953107838511,10.168414325586326,OK,,0.6440138778900074
SN09le,B,duPont,SN09le_B_comb_dup.fits,0.018,1141.2043952352917,1175.3679330798632,2513,2507,1141.2043952352917,0.23,0.23,59.45510044147098,356.7306026488259,True,True,566.8071400972815,-12.619274204170534,-8.626207658435781,OK,,0.35564298765622243
SN09le,V,duPont,SN09le_V_comb_dup.fits,0.018,1144.2043952352917,1135.3679330798632,2468,2548,1135.3679330798632,0.23,0.23,59.45510044147098,356.7306026488259,True,True,657.9719382856676,-12.308280354072393,-8.798732322962854,OK,,0.35564298765622243
SN09P,B,duPont,SN09P_B_comb_dup.fits,0.025,1120.2829890809105,1115.2382576072225,2570,2479,1115.2382576072225,0.23,0.23,43.17091106120852,259.0254663672511,True,True,1337.02763842832,3.4970652528858857,0.6317873227650841,OK,,0.09146359710773892
SN09P,V,duPont,SN09P_V_comb_dup.fits,0.025,1210.2829890809105,1117.2382576072225,2573,2480,1117.2382576072225,0.23,0.23,43.17091106120852,259.0254663672511,True,True,1489.473103622416,3.5880782814598726,0.6227198961358017,OK,,0.09146359710773892
SN09Y,B,duPont,SN09Y_B_comb_dup.fits,0.009,1312.4433443870435,1083.9805711571348,2516,2472,1083.9805711571348,0.23,0.23,117.61841794819046,705.7105076891428,True,True,2440.98292485516,9.1706178772187,-26.178319052589494,OK,,0.3629985819554689
SN09Y,V,duPont,SN09Y_V_comb_dup.fits,0.009,1272.4433443870435,1082.9805711571348,2562,2470,1082.9805711571348,0.23,0.23,117.61841794819046,705.7105076891428,True,True,3021.088267449533,9.087031059009757,-25.825075207174763,OK,,0.3629985819554689
SN10ae,B,duPont,SN10ae_B_comb_dup.fits,0.003662,1093.7601508748146,1111.7478104493036,2554,2463,1093.7601508748146,0.23,0.23,287.19180783454766,1723.1508470072858,True,False,3235.2332452076207,7.946128504625287,1.849837016207577,"ANNULUS_TRUNCATED,CENTROID_DISAGREE",,7.581700538376166
SN10ae,V,duPont,SN10ae_V_comb_dup.fits,0.003662,1095.7601508748146,1110.7478104493036,2556,2462,1095.7601508748146,0.23,0.23,287.19180783454766,1723.1508470072858,True,False,3075.4813367048628,5.58133170186558,-5.3536287562710365,"ANNULUS_TRUNCATED,CENTROID_DISAGREE",,7.581700538376166
SN2011im,V,Swope,SN2011im_V_comb_swo.fits,0.016228,593.1006177984578,613.9925541036272,1304,1355,593.1006177984578,0.43,0.43,35.19851225017153,211.1910735010292,True,True,62.08340420801886,14.835177669697252,17.92879940531543,OK,,
SN2011iv,B,duPont,SN2011iv_B_comb_dup.fits,0.006,1252.203619068667,928.9492012042527,2466,2465,928.9492012042527,0.23,0.23,175.78378859235443,1054.7027315541266,True,False,7540.3907725358695,-10.940501428525494,-11.211389219404541,"ANNULUS_TRUNCATED,CENTROID_DISAGREE",,11.905884994859083
SN2011iv,V,duPont,SN2011iv_V_comb_dup.fits,0.006,1250.203619068667,926.9492012042527,2460,2461,926.9492012042527,0.23,0.23,175.78378859235443,1054.7027315541266,True,False,18657.997870566567,-7.749933448191158,-9.211800472332447,"ANNULUS_TRUNCATED,CENTROID_DISAGREE",,11.905884994859083
SN2011iv,V,Swope,SN2011iv_V_comb_swo.fits,0.006,692.1554241530152,650.1588750627479,1475,1372,650.1588750627479,0.43,0.43,94.02388692152853,564.1433215291712,True,True,6793.492969964872,-26.20054817651131,-33.73725557154796,CENTROID_DISAGREE,,11.905884994859083
SN2011iy,B,duPont,SN2011iy_B_comb_dup.fits,0.0043,1245.12565788932,963.4583083111588,2469,2468,963.4583083111588,0.23,0.23,244.7712574097646,1468.6275444585874,True,False,4447.101614650612,-8.473571033495483,13.260660466496713,"ANNULUS_TRUNCATED,CENTROID_DISAGREE",,8.237580587004508
SN2011iy,V,duPont,SN2011iy_V_comb_dup.fits,0.0043,1243.12565788932,964.4583083111588,2464,2467,964.4583083111588,0.23,0.23,244.7712574097646,1468.6275444585874,True,False,7811.50587785123,-12.006409806766568,16.684378324164793,"ANNULUS_TRUNCATED,CENTROID_DISAGREE",,8.237580587004508
SN2011iy,V,Swope,SN2011iy_V_comb_swo.fits,0.0043,648.0207007314827,597.4079323524765,1373,1370,597.4079323524765,0.43,0.43,130.92416094015763,785.5449656409457,True,False,7697.995132448505,-17.093789737196825,20.960526998357878,"ANNULUS_TRUNCATED,CENTROID_DISAGREE",,8.237580587004508
SN2011jh,B,duPont,SN2011jh_B_comb_dup.fits,0.008,1223.765567230158,778.7577930012467,2471,2467,778.7577930012467,0.23,0.23,132.15967525480545,792.9580515288327,True,False,1194.4001328759714,-10.989989164423347,1.1885434925339802,ANNULUS_TRUNCATED,,2.206029479946822
SN2011jh,V,duPont,SN2011jh_V_comb_dup.fits,0.008,1222.765567230158,777.7577930012467,2463,2465,777.7577930012467,0.23,0.23,132.15967525480545,792.9580515288327,True,False,1836.1934426964933,-12.046935914060093,2.8208637344915095,ANNULUS_TRUNCATED,,2.206029479946822
SN2011jh,V,Swope,SN2011jh_V_comb_swo.fits,0.008,649.7815824719603,605.5448660239236,1325,1300,605.5448660239236,0.43,0.43,70.69005885724907,424.14035314349434,True,True,924.8177624682195,-13.533547022559496,2.106248904365827,OK,,2.206029479946822
SN2011jn,B,duPont,SN2011jn_B_comb_dup.fits,0.047,1206.9339973003143,966.497425349112,2472,2470,966.497425349112,0.23,0.23,23.575191980712205,141.4511518842732,True,True,1.729803647513692,1.2764689256658488,-0.3781927080319317,NO_SIGNAL,,2.3812618155326724
SN2011jn,V,duPont,SN2011jn_V_comb_dup.fits,0.047,1205.9339973003143,966.497425349112,2467,2469,966.497425349112,0.23,0.23,23.575191980712205,141.4511518842732,True,True,0.05788781902875501,3.4028120144891236,-1.4501408890217842,NO_SIGNAL,,2.3812618155326724
SN2011jt,B,duPont,SN2011jt_B_comb_dup.fits,0.028,1129.322646849191,859.6574096523558,2470,2469,859.6574096523558,0.23,0.23,38.684820450522686,232.10892270313613,True,True,37.580575805642056,-2.103480552082489,11.244084048407993,OK,,0.6327769597437167
SN2011jt,V,duPont,SN2011jt_V_comb_dup.fits,0.028,1142.322646849191,862.6574096523558,2476,2469,862.6574096523558,0.23,0.23,38.684820450522686,232.10892270313613,True,True,51.3620195651595,-2.909871224766283,12.013262956408465,OK,,0.6327769597437167
SN2011jt,V,Swope,SN2011jt_V_comb_swo.fits,0.028,1221.5446715705027,1039.8400098140353,2385,2289,1039.8400098140353,0.43,0.43,20.691880706101593,124.15128423660956,True,True,13.502429359020509,-2.4932346581203872,10.88826260249916,OK,,0.6327769597437167
SN2012aq,B,duPont,SN2012aq_B_comb_dup.fits,0.052,1404.5366014237177,836.5460870216234,2472,2469,836.5460870216234,0.23,0.23,21.434957341785324,128.60974405071195,True,True,7.493906727589554,-0.7911638084403974,-1.277256862078188,OK,,0.7001308872526293
SN2012aq,V,duPont,SN2012aq_V_comb_dup.fits,0.052,1403.5366014237177,838.5460870216234,2467,2468,838.5460870216234,0.23,0.23,21.434957341785324,128.60974405071195,True,True,11.588998562274975,-0.7183972277015959,-0.5809176602428056,OK,,0.7001308872526293
SN2012ar,B,duPont,SN2012ar_B_comb_dup.fits,0.0283,1312.123172463151,878.4120684160725,2473,2470,878.4120684160725,0.23,0.23,38.288534792076156,229.73120875245692,True,True,-3.951684366233184,-4.201738393501003,-12.549596774938546,"NO_SIGNAL,CENTROID_DISAGREE",,4.8712479288464525
SN2012ar,V,duPont,SN2012ar_V_comb_dup.fits,0.0283,1310.123172463151,877.4120684160725,2467,2467,877.4120684160725,0.23,0.23,38.288534792076156,229.73120875245692,True,True,0.7942788553168815,-5.865284238491355,-16.392855610436715,"NO_SIGNAL,CENTROID_DISAGREE",,4.8712479288464525
SN2012ar,V,Swope,SN2012ar_V_comb_swo.fits,0.0283,622.1821620151815,671.4064551993207,1289,1290,617.5935448006793,0.43,0.43,20.479913958560342,122.87948375136205,True,True,1.2354028149920444,-6.3483305433394905,-17.672891011693125,"NO_SIGNAL,CENTROID_DISAGREE",,4.8712479288464525
SN2012bl,B,duPont,SN2012bl_B_comb_dup.fits,0.0187,1065.9849302822397,997.5246254828091,2474,2471,997.5246254828091,0.23,0.23,57.27798856081276,343.66793136487655,True,True,40.460829512789005,7.798943160451236,-6.509257758479361,CENTROID_DISAGREE,,4.724644951809506
SN2012bl,V,duPont,SN2012bl_V_comb_dup.fits,0.0187,1065.9849302822397,997.5246254828091,2473,2472,997.5246254828091,0.23,0.23,57.27798856081276,343.66793136487655,True,True,60.69354486399931,9.852545814344357,-8.82925681545999,CENTROID_DISAGREE,,4.724644951809506
SN2012bl,V,Swope,SN2012bl_V_comb_swo.fits,0.0187,614.0384510811605,620.4434043280282,1359,1300,614.0384510811605,0.43,0.43,30.63706364881876,183.82238189291257,True,True,61.90582765431915,13.061133415864246,-10.169915336917818,CENTROID_DISAGREE,,4.724644951809506
SN2012bo,B,duPont,SN2012bo_B_comb_dup.fits,0.0254,1245.440236482857,1021.5804796369335,2468,2467,1021.5804796369335,0.23,0.23,42.51152401106367,255.06914406638202,True,True,342.3647225933706,-8.240263186622643,1.104292939897576,OK,,1.117032614433155
SN2012bo,V,duPont,SN2012bo_V_comb_dup.fits,0.0254,1243.440236482857,1021.5804796369335,2465,2465,1021.5804796369335,0.23,0.23,42.51152401106367,255.06914406638202,True,True,552.5371732123889,-9.858886907360528,1.035996596416365,OK,,1.117032614433155
SN2012bo,V,Swope,SN2012bo_V_comb_swo.fits,0.0254,1074.049428816423,1046.031419340684,2241,2295,1046.031419340684,0.43,0.43,22.73872214546152,136.4323328727691,True,True,47.77083392043943,-4.3999019081883155,1.4069600826489277,OK,,1.117032614433155
SN2012E,B,duPont,SN2012E_B_comb_dup.fits,0.02,1453.4071434464245,821.9808626570084,2697,2518,821.9808626570084,0.23,0.23,53.63914628061932,321.8348776837159,True,True,-7.100195468827515,0.09552519415367439,6.904585160299135,NO_SIGNAL,,0.6465643353266801
SN2012E,V,duPont,SN2012E_V_comb_dup.fits,0.02,1449.4071434464245,822.9808626570084,2687,2518,822.9808626570084,0.23,0.23,53.63914628061932,321.8348776837159,True,True,-10.008600084067464,-0.04187454328840533,12.035020062306332,NO_SIGNAL,,0.6465643353266801
SN2012E,V,Swope,SN2012E_V_comb_swo.fits,0.02,1121.6131232387847,955.315345142066,2204,2193,955.315345142066,0.43,0.43,28.690706150109886,172.1442369006593,True,True,0.7962268533937029,0.07520287884903838,0.49067625662961806,NO_SIGNAL,,0.6465643353266801
SN2012fr,B,duPont,SN2012fr_B_comb_dup.fits,0.005457,1250.0003222166172,812.3754930782399,2502,2507,812.3754930782399,0.23,0.23,193.1471833578649,1158.8831001471892,True,False,1251.5733849872904,1.726559908742084,-27.66871293629342,"ANNULUS_TRUNCATED,CENTROID_DISAGREE",,4.9320755602400075
SN2012fr,V,duPont,SN2012fr_V_comb_dup.fits,0.005457,1250.0003222166172,812.3754930782399,2501,2506,812.3754930782399,0.23,0.23,193.1471833578649,1158.8831001471892,True,False,1652.9345571220724,0.15094807198028812,-33.36538921117278,"ANNULUS_TRUNCATED,CENTROID_DISAGREE",,4.9320755602400075
SN2012fr,V,Swope,SN2012fr_V_comb_swo.fits,0.005457,1100.697846767032,1084.9217753674743,2245,2333,1084.9217753674743,0.43,0.43,103.3112841216889,619.8677047301335,True,True,713.568889056336,2.5241949476982506,-31.805460756292877,CENTROID_DISAGREE,,4.9320755602400075
SN2012G,B,duPont,SN2012G_B_comb_dup.fits,0.0258,1389.9076985083539,856.5186262735991,2474,2470,856.5186262735991,0.23,0.23,41.872587355913254,251.2355241354795,True,True,132.045178549378,-11.210653701090024,4.664027519153621,OK,,0.32688132438084566
SN2012G,V,duPont,SN2012G_V_comb_dup.fits,0.0258,1387.9076985083539,851.5186262735991,2460,2462,851.5186262735991,0.23,0.23,41.872587355913254,251.2355241354795,True,True,125.03059273714709,-11.193073774582864,4.9904357702947015,OK,,0.32688132438084566
SN2012gm,B,duPont,SN2012gm_B_comb_dup.fits,0.0148,1252.1643043336915,1199.9723945480603,2475,2471,1199.9723945480603,0.23,0.23,72.0305229023251,432.1831374139506,True,True,203.1071649058023,1.9413960402773514,-1.372081448475883,OK,,1.8353221529630395
SN2012gm,V,duPont,SN2012gm_V_comb_dup.fits,0.0148,1248.1643043336915,1199.9723945480603,2470,2470,1199.9723945480603,0.23,0.23,72.0305229023251,432.1831374139506,True,True,370.7279234997448,3.448780048396079,-2.4190775598463152,OK,,1.8353221529630395
SN2012hl,B,duPont,SN2012hl_B_comb_dup.fits,0.0332,1210.126899843023,1282.483482077261,2473,2472,1188.516517922739,0.23,0.23,32.8299259570113,196.97955574206776,True,True,29.143943473887553,-0.6111951745856026,0.15933769805501763,OK,,0.8026040758294273
SN2012hl,V,duPont,SN2012hl_V_comb_dup.fits,0.0332,1209.126899843023,1284.483482077261,2470,2472,1186.516517922739,0.23,0.23,32.8299259570113,196.97955574206776,True,True,48.283802924560185,-0.295797859366996,0.8973741714700542,OK,,0.8026040758294273
SN2012id,B,duPont,SN2012id_B_comb_dup.fits,0.0157,1220.5540135603137,1029.3873336975928,2846,2723,1029.3873336975928,0.23,0.23,67.97550462189055,407.85302773134333,True,True,146.76148040865797,-2.0652419348519135,-1.872873027100844,OK,,2.2350841076815717
SN2012id,V,duPont,SN2012id_V_comb_dup.fits,0.0157,1217.5540135603137,1031.3873336975928,2838,2720,1031.3873336975928,0.23,0.23,67.97550462189055,407.85302773134333,True,True,388.0099476274281,-4.261765373399817,-2.2862563266188833,OK,,2.2350841076815717
SN2012ij,B,duPont,SN2012ij_B_comb_dup.fits,0.01,1238.5584560020154,704.5339554807642,2467,2470,704.5339554807642,0.23,0.23,105.98548044844124,635.9128826906475,True,True,727.4457567720963,-2.3459093811430907,2.7377627610914788,OK,,2.201204452145878
SN2012ij,V,duPont,SN2012ij_V_comb_dup.fits,0.01,1235.5584560020154,704.5339554807632,2461,2464,704.5339554807632,0.23,0.23,105.98548044844124,635.9128826906475,True,True,1685.6702171172817,-4.05429142635159,4.125830420737816,OK,,2.201204452145878
SN2012U,B,duPont,SN2012U_B_comb_dup.fits,0.01972,1317.7477836813873,841.5244340753534,2638,2587,841.5244340753534,0.23,0.23,54.38235311512583,326.294118690755,True,True,836.1577714817714,8.782970139236044,-0.4547979237642071,OK,,0.3303483037332167
SN2012U,V,duPont,SN2012U_V_comb_dup.fits,0.01972,1314.7477836813873,841.5244340753534,2631,2587,841.5244340753534,0.23,0.23,54.38235311512583,326.294118690755,True,True,1018.0848088814461,8.531836318286931,-0.48882206749524676,OK,,0.3303483037332167
SN2012U,V,Swope,SN2012U_V_comb_swo.fits,0.01972,1070.2836982481774,1997.1409763658855,3387,3191,1070.2836982481774,0.43,0.43,29.08823538717166,174.52941232302996,True,True,432.12805652161643,8.375747562923499,-0.4763333093895471,OK,,0.3303483037332167
SN2013fy,B,duPont,SN2013fy_B_comb_dup.fits,0.0309,1190.5489871717878,1256.7151685677006,2471,2471,1190.5489871717878,0.23,0.23,35.176473020016005,211.05883812009606,True,True,14.858994542758575,-5.757352220394165,-6.363266050973527,CENTROID_DISAGREE,,4.871354006488092
SN2013fy,V,duPont,SN2013fy_V_comb_dup.fits,0.0309,1189.5489871717878,1254.7151685677006,2471,2471,1189.5489871717878,0.23,0.23,35.176473020016005,211.05883812009606,True,True,32.39718482992918,-8.562851622796622,-10.182241418468557,CENTROID_DISAGREE,,4.871354006488092
SN2013fy,V,Swope,SN2013fy_V_comb_swo.fits,0.0309,1094.4331791849197,1060.0104390013412,2215,2219,1060.0104390013412,0.43,0.43,18.815322778155426,112.89193666893257,True,True,27.09647189450617,-9.068834153474798,-10.127357264187244,CENTROID_DISAGREE,,4.871354006488092
SN2013hn,B,duPont,SN2013hn_B_comb_dup.fits,0.0151,837.7889741202748,1103.8984504338882,2438,2434,837.7889741202748,0.23,0.23,70.62513720016265,423.75082320097596,True,True,-9.850180608160127,-1.2698334208895248,-1.5483128962340826,"NO_SIGNAL,CENTROID_DISAGREE",,4.110657688274613
SN2013hn,V,duPont,SN2013hn_V_comb_dup.fits,0.0151,832.7889741202748,1103.8984504338882,2432,2433,832.7889741202748,0.23,0.23,70.62513720016265,423.75082320097596,True,True,-16.894454333286525,-4.69296055870458,-3.8242099124730187,"NO_SIGNAL,CENTROID_DISAGREE",,4.110657688274613
