telescope,filter,file,n_stars,median,mean,std,max,mad_sigma,flag_high_scatter,flag_very_soft,flag_few_stars,any_flag
swo,V,ASAS14lq_V_comb_swo.fits,18,3.0495495616657644,2.637098110462245,0.9800338759807116,3.177857336007828,0.1171271553429485,False,True,False,True
dup,B,PTF13ebh_B_comb_dup.fits,24,2.5994669491995843,2.40624919817513,0.6459314139249239,2.6348867595562706,0.0205940426261282,False,True,False,True
swo,V,ASAS14mw_V_comb_swo.fits,25,2.517336020941723,2.515075686187728,0.1685953142028814,2.969226315186517,0.1759672564224321,False,True,False,True
swo,V,KISS15n_V_comb_swo.fits,25,2.4365853282799064,2.607779358508262,0.4494555960846805,3.839322517841013,0.0941466001975905,False,True,False,True
swo,V,CSP14acl_V_comb_swo.fits,25,2.2989693359647685,2.192959338309753,0.422171246556124,2.432377301279274,0.0912038443856747,False,True,False,True
dup,B,CSP13aaw_B_comb_dup.fits,25,2.180756302099867,1.64150939931041,0.8370579781339889,2.307188307911041,0.0285257523702391,False,True,False,True
swo,V,CSP12K_V_comb_swo.fits,25,2.0385192908977032,2.521180931626458,0.9772337352239016,5.7179152377032505,0.3099282506503916,False,True,False,True
dup,B,SN2011iv_B_comb_dup.fits,16,1.93551944550566,1.8526507989551244,0.413809098250092,2.126192430088548,0.0393106025350562,False,False,False,False
dup,V,SN2011iv_V_comb_dup.fits,18,1.921584740026492,2.0249909054095405,0.496559427100828,3.762379446299325,0.0197737509040761,False,False,False,False
dup,V,KISS13v_V_comb_dup.fits,25,1.8851984101830213,1.95085493640827,0.2116122966088043,2.7802174508715827,0.0595049567408271,False,False,False,False
dup,V,CSP13aaw_V_comb_dup.fits,25,1.834093650482013,2.041527530574504,0.5017745210906837,3.503671090245901,0.0334573875734033,False,False,False,False
dup,B,SN09dc_B_comb_dup.fits,24,1.819100412696549,1.85868499484712,0.1959773840670859,2.769924269792351,0.031931750452172,False,False,False,False
dup,V,SN09dc_V_comb_dup.fits,25,1.811561774638449,1.9477273446114032,0.3879407649842604,3.200796628574333,0.0461333748810705,False,False,False,False
dup,V,SN2012hl_V_comb_dup.fits,25,1.782040841167414,1.731881529026557,0.2906278498520099,1.8567091496675887,0.0314612573209917,False,False,False,False
swo,V,SN08ha_V_comb_swo.fits,25,1.774026295416801,1.848785477142172,0.314576355385488,3.066260559932861,0.0491093665232578,False,False,False,False
dup,B,SN2012hl_B_comb_dup.fits,15,1.744541331525823,1.748123328249264,0.0512953531809883,1.8425666669210623,0.0647429087836433,False,False,False,False
dup,V,PTF13ebh_V_comb_dup.fits,25,1.7307056694894944,1.7342468519828262,0.0231920435635965,1.816268595829392,0.0132373928302681,False,False,False,False
dup,B,ASAS14lq_B_comb_dup.fits,25,1.7116922316064245,1.4078981494674805,0.656429473524082,2.874676718536041,0.0311952830522718,False,False,False,False
dup,V,LSQ11bk_V_comb_dup.fits,25,1.7044040493194228,1.7078581812547855,0.0208743746431653,1.7392114913162515,0.0185313664866406,False,False,False,False
swo,V,SN07ai_V_comb_swo.fits,25,1.7006214435584943,1.7227542995294454,0.1029540172544511,2.028757304867549,0.1061942500751873,False,False,False,False
swo,V,SN06ev_V_comb_swo.fits,25,1.682950431080504,1.70039587926416,0.0873715074862307,1.8416519219424143,0.0870498966553022,False,False,False,False
swo,V,SN06bt_V_comb_swo.fits,25,1.6748428528282655,1.8045607224391875,0.3833306280624472,3.274396473526032,0.0244007135426773,False,False,False,False
dup,V,SN04ef_V_comb_dup.fits,25,1.6718550768219238,1.7122548545873266,0.2694651698566374,2.557820085814168,0.0312570356663785,False,False,False,False
dup,B,ASAS14me_B_comb_dup.fits,23,1.6695992385467342,1.5073177370199229,0.4535905360476231,1.7719736563301942,0.0203134400265557,False,False,False,False
dup,B,KISS15m_B_comb_dup.fits,21,1.662926673904148,1.4451392554196207,0.8955056998905134,3.1747272584873,0.6791956268280425,True,False,False,True
dup,V,SN08cc_V_comb_dup.fits,25,1.6418110305335307,1.6921338117505165,0.2303398840830891,2.725762220163467,0.0738151814362407,False,False,False,False
dup,B,SN10ae_B_comb_dup.fits,25,1.6415650806735969,1.6741305089342131,0.0778927077471734,1.981301886255688,0.039833936233158,False,False,False,False
dup,V,ASAS14lq_V_comb_dup.fits,25,1.6397127259086135,1.4774557158857633,0.5879769384941936,2.756761972536182,0.0203431373396971,False,False,False,False
dup,B,CSP14aar_B_comb_dup.fits,25,1.632943233614769,1.6455173675712895,0.0645410185883468,1.8312050758432323,0.0163783022013013,False,False,False,False
dup,B,SN04ef_B_comb_dup.fits,24,1.631205181067636,1.668562154451223,0.1451591999569123,2.220953138621048,0.0220492682409287,False,False,False,False
swo,V,SN06bh_V_comb_swo.fits,25,1.630187942782104,1.6279983113208083,0.023054131978243,1.695603946585822,0.0143258000982542,False,False,False,False
dup,V,ASAS14hr_V_comb_dup.fits,20,1.626701398489348,1.4352716821820433,0.4751545004886024,1.685106124338957,0.0137774683052043,False,False,False,False
dup,B,ASAS15dd_B_comb_dup.fits,25,1.613199975714066,1.6816186166808405,0.2656050246347637,2.6612628533671256,0.0231837643144649,False,False,False,False
dup,V,CSP14abl_V_comb_dup.fits,25,1.6102874990880065,1.6467269298180898,0.6861742658120138,4.44489930335337,0.0685885811382446,False,False,False,False
dup,B,SN05W_B_comb_dup.fits,21,1.6052190538825342,1.199479461619528,0.7407057877444548,2.14370957384948,0.7463526834179064,True,False,False,True
dup,V,ASAS14me_V_comb_dup.fits,24,1.5995892289458484,1.610752669473426,0.0342560365083502,1.7246445448072307,0.0258487575189459,False,False,False,False
dup,B,KISS13v_B_comb_dup.fits,24,1.59353447722526,1.2964200884404369,0.5708501393404344,1.8740550591122327,0.0702760499431149,False,False,False,False
dup,B,CSP14abl_B_comb_dup.fits,21,1.581035816419761,1.4058957352730792,0.7928510964380214,3.8541515807807634,0.0612565932507355,False,False,False,False
dup,V,SN08O_V_comb_dup.fits,24,1.5803542390412706,1.603056099422943,0.3530982707228421,2.4475346931405286,0.0230837773788905,False,False,False,False
swo,V,SN06py_V_comb_swo.fits,25,1.5639596605443378,1.3449953080502004,0.4424880069988227,1.6395613452310869,0.0431787099510595,False,False,False,False
dup,B,CSP13aaq_B_comb_dup.fits,25,1.5569261955800255,1.5189013936401232,0.1580525006236274,1.695471588231625,0.0629081724685257,False,False,False,False
dup,B,ASAS14hp_B_comb_dup.fits,25,1.5541651416290994,1.5110438571453877,0.2226320662207722,1.575952626274718,0.014388425086349,False,False,False,False
dup,B,SN08cc_B_comb_dup.fits,25,1.5535511178558536,1.6204143658765409,0.233788897385741,2.6329236354426366,0.0368776660820337,False,False,False,False
dup,B,ASAS14jz_B_comb_dup.fits,25,1.546377914972275,1.5449776821806287,0.0502086276025526,1.6919258530917018,0.0133403884316672,False,False,False,False
dup,V,SN09al_V_comb_dup.fits,25,1.5462455287568542,1.6796330395895027,0.3626935376462946,2.74548615802738,0.0832916433608066,False,False,False,False
dup,B,SN2012fr_B_comb_dup.fits,23,1.543092559696542,2.061251290470985,1.362999497127318,5.502671655747543,0.8436214303854741,True,False,False,True
swo,V,SN07ax_V_comb_swo.fits,25,1.5429075149951288,1.6387750183238894,0.3228985005587403,2.8402228867979296,0.0244829973741092,False,False,False,False
swo,V,SN05mc_V_comb_swo.fits,25,1.5425335176627928,1.6055896506941656,0.3534180348905688,2.751035981480716,0.0305804270985701,False,False,False,False
dup,V,SN10ae_V_comb_dup.fits,25,1.5376209442267317,1.6336304446778145,0.3121626195381848,2.701524881775096,0.0733654989223566,False,False,False,False
dup,B,CSP14adc_B_comb_dup.fits,24,1.5246170919332993,1.5516678126403518,0.1276012652250401,2.107862648517966,0.0481758575468554,False,False,False,False
dup,B,SN08fl_B_comb_dup.fits,25,1.5235958826759597,1.5411643296837432,0.0691248284003378,1.7993034654774165,0.0432958960082025,False,False,False,False
dup,V,KISS15m_V_comb_dup.fits,23,1.5128803119157683,1.4431535571109209,0.7232045284454681,2.719238228681378,0.0543393131675071,False,False,False,False
dup,V,CSP14aar_V_comb_dup.fits,25,1.509123926926886,1.5352603401028135,0.1994478271487184,2.423298925046832,0.0203134844583425,False,False,False,False
dup,V,CSP13aae_V_comb_dup.fits,25,1.4914391010923205,1.542724280987498,0.2047033461452996,2.480663931951074,0.0753269592038493,False,False,False,False
swo,V,SN06gj_V_comb_swo.fits,25,1.4867241014736243,1.530729974200132,0.1900303836046422,2.4335228390353723,0.0212731819174019,False,False,False,False
dup,B,LSQ11bk_B_comb_dup.fits,25,1.486188137405098,1.4806219119598407,0.0198330354152071,1.5122525559850108,0.0172876781199398,False,False,False,False
dup,B,SN07st_B_comb_dup.fits,17,1.4775143236107362,1.177706889478232,0.699936662789255,2.8363144015347634,0.2520776051436273,False,False,False,False
dup,V,SN2011jt_V_comb_dup.fits,25,1.4755160657464494,1.5179422238410951,0.2064172709235808,2.484405211825952,0.0319897939498827,False,False,False,False
dup,B,CSP13P_B_comb_dup.fits,25,1.4699294633063722,1.4706594329846263,0.0182508567323902,1.501594380588786,0.0208309739484644,False,False,False,False
dup,V,SN08fl_V_comb_dup.fits,25,1.4657260812198176,1.5605998430739223,0.2885635000138585,2.693691403544635,0.0840664304916468,False,False,False,False
dup,B,SN08J_B_comb_dup.fits,25,1.464381141813277,1.9472874357110244,1.1223539009235208,6.087269950408173,0.0727095878106663,False,False,False,False
dup,V,SN09Y_V_comb_dup.fits,25,1.4637117156920725,1.5003490778642332,0.1656787217086673,2.28364040862545,0.025184415755385,False,False,False,False
dup,V,SN07st_V_comb_dup.fits,16,1.4634936565644994,1.1714075338781862,0.736481089274109,2.74137210754282,0.9883788489894096,True,False,False,True
dup,B,CSP14acm_B_comb_dup.fits,24,1.4529304748949103,1.425350038210296,0.40015975149928,2.7209932342652725,0.0499250027131947,False,False,False,False
dup,V,SN07le_V_comb_dup.fits,19,1.4494916614192643,1.210951534100084,0.4502421031313354,1.5742833876308708,0.0615369652364175,False,False,False,False
dup,B,CSP12M_B_comb_dup.fits,25,1.4450297654322153,1.6437663276710446,0.3644293106470518,2.5526785061365005,0.0644203791161623,False,False,False,False
dup,B,SN09Y_B_comb_dup.fits,25,1.4441452479138568,1.4706846052711815,0.0903921758680086,1.8413994675088905,0.0207995905173571,False,False,False,False
swo,V,SN05na_V_comb_swo.fits,25,1.4434141975865742,1.5214863583817748,0.1800190985979593,1.9775805856437367,0.0588205654739084,False,False,False,False
dup,V,CSP13am_V_comb_dup.fits,25,1.4430323163720709,1.4095118636598625,0.270570609215746,2.154138438883851,0.0964549842325319,False,False,False,False
dup,B,SN05am_B_comb_dup.fits,23,1.4425093944219654,1.5023884382380732,0.320895234667142,2.6950125188442504,0.0493260671422978,False,False,False,False
dup,B,PTF14fpg_B_comb_dup.fits,22,1.4418388924118246,1.39470133051041,0.3952790521466605,2.390392941713705,0.0435700157190453,False,False,False,False
dup,B,SN07as_B_comb_dup.fits,19,1.4299331212139046,1.2865759753224777,0.3689035524182876,1.5469151855234646,0.0551412456550976,False,False,False,False
dup,V,SN04gs_V_comb_dup.fits,25,1.4258103791188628,1.5131945931012225,0.2927890421563884,2.725905629941864,0.0506210970350698,False,False,False,False
dup,V,PTF13ez_V_comb_dup.fits,25,1.4218267603311772,1.558705857313213,0.4385858833233804,3.0050604976424005,0.0580567916576813,False,False,False,False
dup,V,CSP14acy_V_comb_dup.fits,25,1.418317666562396,1.5970507496266513,0.6631372014630809,4.362151042408804,0.168953738352355,False,False,False,False
dup,V,SN05W_V_comb_dup.fits,24,1.4155961470305176,1.2680555965875018,0.5493970676202212,2.611802968998869,0.0386003933125556,False,False,False,False
dup,V,ASAS14lt_V_comb_dup.fits,22,1.409365536341359,1.4694420333420093,0.2679324785627144,2.667613036369331,0.0107268447033506,False,False,False,False
dup,B,SN04dt_B_comb_dup.fits,21,1.4072067098747811,1.1572813345923916,0.7923569059781203,2.822547930280373,1.2707740575457702,True,False,False,True
dup,B,SN09al_B_comb_dup.fits,25,1.4065303252831798,1.5182314202424414,0.3349535318342768,2.5593489366740765,0.0573257726675636,False,False,False,False
dup,B,SN09F_B_comb_dup.fits,25,1.4050196251480918,1.500521812826881,0.3019722045340631,2.567282336190651,0.039344797044373,False,False,False,False
dup,B,ASAS14jg_B_comb_dup.fits,25,1.4046032744932369,1.3291284457988646,0.5729179968355688,3.3141425486447926,0.0387072687987868,False,False,False,False
swo,V,SN06is_V_comb_swo.fits,25,1.4038678439484578,1.502270100442193,0.2917146353954798,2.8129157776952125,0.0299518772011271,False,False,False,False
dup,B,SN08O_B_comb_dup.fits,24,1.403804360103924,1.3782531206089583,0.2154195685199837,1.56238342424531,0.0092296588089374,False,False,False,False
swo,V,SN05ku_V_comb_swo.fits,25,1.4028267568181034,1.5807046250541652,0.3916010522679581,2.941328338785993,0.0343970704720969,False,False,False,False
swo,V,SN05ki_V_comb_swo.fits,25,1.397932315441374,1.4682080409034175,0.4552255601962017,2.827366879807507,0.0244572263834973,False,False,False,False
dup,B,LSQ11pn_B_comb_dup.fits,25,1.3971506754624676,1.421699714203401,0.1489613831440379,1.9304272431655,0.097362031577205,False,False,False,False
dup,B,CSP13an_B_comb_dup.fits,25,1.3922379391329924,1.4435000039602035,0.2052654189273926,2.3663067357489624,0.0208852832451029,False,False,False,False
dup,B,SN09J_B_comb_dup.fits,25,1.390899492157267,1.4225395805664975,0.1351980859143249,2.052961424977405,0.0236112767069401,False,False,False,False
dup,V,CSP13U_V_comb_dup.fits,22,1.3852727451246474,1.2558496875246734,0.3520047951968095,1.430544559294631,0.0159264059733432,False,False,False,False
dup,V,SN05bl_V_comb_dup.fits,24,1.3818218653389014,1.4054257670359336,0.5621754653702828,2.589230371751592,0.0468514879721774,False,False,False,False
dup,V,SN05bo_V_comb_dup.fits,25,1.3787232402553171,1.3701717462120535,0.437476854859277,3.109046240849493,0.0262128629600176,False,False,False,False
dup,V,ASAS14jg_V_comb_dup.fits,25,1.3768168455240868,1.4284339379616648,0.2048155648505329,2.197465380444263,0.1181007163413638,False,False,False,False
dup,V,LSQ12hxx_V_comb_dup.fits,25,1.3715945515599035,1.506413157863575,0.4157171387877489,2.614407467229817,0.1440337014872899,False,False,False,False
dup,B,CSP13abs_B_comb_dup.fits,25,1.370825681858843,1.403994985662417,0.1482562188133522,2.101918653743259,0.0171006843049297,False,False,False,False
dup,B,SN09P_B_comb_dup.fits,24,1.3693786550403135,1.577487090529541,0.6341207169314426,3.7753152251790607,0.0331645556276222,False,False,False,False
dup,B,CSP13N_B_comb_dup.fits,25,1.3620507799777914,1.363635297662091,0.2349807763408512,2.225455616552097,0.0272403657865351,False,False,False,False
dup,B,LSQ14ghv_B_comb_dup.fits,23,1.3609643796514246,1.2383619612421035,0.4476200863285602,1.9830886391466016,0.0196441018516013,False,False,False,False
dup,V,ASAS14jz_V_comb_dup.fits,25,1.3609088324159508,1.4154947665557855,0.2421279310615385,2.568771072580794,0.035307671835575,False,False,False,False
dup,B,CSP13U_B_comb_dup.fits,23,1.3590514540861691,0.9733124243768446,0.5103265645612988,1.4020133013804132,0.0450370189231032,False,False,False,False
dup,B,ASAS14hu_B_comb_dup.fits,25,1.358466311988241,1.3724519331010798,0.1020255142875759,1.601495542554222,0.0903857315695655,False,False,False,False
dup,B,CSP13am_B_comb_dup.fits,25,1.3573753852637769,1.3409744704186508,0.2515166056798431,2.216083232916291,0.1222596953993002,False,False,False,False
swo,V,SN05ke_V_comb_swo.fits,24,1.3549792021694778,1.5003205515989957,0.6202501266191184,3.4749098249471,0.0478138684532114,False,False,False,False
dup,B,SN07so_B_comb_dup.fits,25,1.353176454315686,1.4265685819582452,0.2524390157652897,2.394124099657472,0.0645538639511999,False,False,False,False
dup,V,LSQ11pn_V_comb_dup.fits,25,1.3516213185911607,1.3708742537654586,0.2078737345798459,2.290107800961159,0.0176455464593452,False,False,False,False
dup,V,LSQ13dqh_V_comb_dup.fits,25,1.3508986878731697,1.378250287305644,0.1468207414066758,2.070821192782248,0.0183339127634027,False,False,False,False
dup,B,SN07ca_B_comb_dup.fits,18,1.3504372958916018,0.9249336757581912,0.5182743676567381,1.4234187656852035,0.1068018557673633,False,False,False,False
swo,V,SN06gt_V_comb_swo.fits,25,1.3490978733763794,1.2266536939544448,0.6483097097556271,2.911384238862756,0.8076909090413713,True,False,False,True
dup,V,CSP13P_V_comb_dup.fits,25,1.3447923701303657,1.374935781819827,0.1467751719616168,2.06330295874605,0.0214480026434808,False,False,False,False
dup,B,LSQ14jp_B_comb_dup.fits,25,1.3392292379921742,1.36996191958506,0.2006635205179098,2.311408939078058,0.049325292807401,False,False,False,False
dup,B,PTF13anh_B_comb_dup.fits,25,1.3384671026163475,1.3467471783912977,0.0881911781038651,1.587745798863646,0.0876405437590175,False,False,False,False
dup,B,PTF11ppn_B_comb_dup.fits,25,1.3384397020585082,1.3520789950752663,0.0969592585848383,1.5959043200430716,0.0474983852129649,False,False,False,False
swo,V,SN06eq_V_comb_swo.fits,25,1.338193229673356,1.462922445346725,0.2676824812654182,2.2772300944668262,0.0324264786307196,False,False,False,False
dup,V,SN08bq_V_comb_dup.fits,25,1.3361500578410903,1.4683181089403394,0.3213357468040069,2.506278356572143,0.1121466384222134,False,False,False,False
dup,V,SN08J_V_comb_dup.fits,25,1.3354099805092872,1.4579275712664272,0.3477968228444177,2.761399662559055,0.0284274820235878,False,False,False,False
dup,B,CSP13aao_B_comb_dup.fits,25,1.3315269925278634,1.3172908112946065,0.31171854894314,2.498234964253821,0.0898109058443735,False,False,False,False
dup,V,ASAS15dd_V_comb_dup.fits,25,1.33030581364532,1.3692189777426116,0.15676337627282,2.1110922986035856,0.0194618053547647,False,False,False,False
dup,V,CSP14abh_V_comb_dup.fits,25,1.3302744157797728,1.435647224363137,0.2983513996233005,2.339283235050244,0.0424853710847456,False,False,False,False
swo,V,SN06ob_V_comb_swo.fits,25,1.32656172782641,1.157779628851752,0.4423747879486573,2.1612945653828657,0.0275984462223502,False,False,False,False
dup,B,LSQ13dqh_B_comb_dup.fits,25,1.3259883155565222,1.2551419555883,0.2653630562188391,1.3731073574628945,0.0254507028060305,False,False,False,False
dup,B,SN2011jt_B_comb_dup.fits,25,1.3195464328355513,1.3207528023269,0.2488262455516808,2.0173986912890154,0.0442739449110602,False,False,False,False
dup,B,SN05iq_B_comb_dup.fits,23,1.316284364082688,1.2666517475212076,0.2975190922153413,1.978447844470538,0.1943589608132335,False,False,False,False
dup,B,LSQ14wp_B_comb_dup.fits,25,1.3160047784394195,1.315888049549255,0.0637008847771421,1.4675204244168805,0.0750843556570888,False,False,False,False
dup,B,CSP14aaw_B_comb_dup.fits,23,1.312268264539822,1.1745294705722322,0.5080060360875196,2.363297091936357,0.098419627414858,False,False,False,False
dup,V,ASAS14hp_V_comb_dup.fits,25,1.3119689673382915,1.3521312392365388,0.1735010765127189,2.1673664717228536,0.0096751491023815,False,False,False,False
dup,B,SN08bq_B_comb_dup.fits,22,1.3110471468456537,1.3221970021175131,0.3162601015400545,2.266296258310876,0.1029658267799304,False,False,False,False
dup,B,SN05al_B_comb_dup.fits,24,1.3075972578058286,1.2060750241908464,0.3889211063857064,1.5694104046780508,0.0972976267792906,False,False,False,False
dup,V,SN08C_V_comb_dup.fits,25,1.306014355283812,1.3480841702483644,0.2422949764510914,2.0533333075663185,0.2060527115454878,False,False,False,False
dup,B,LSQ15aja_B_comb_dup.fits,25,1.3059118409205803,1.328245787917671,0.0624171585201129,1.469762571527075,0.0472862001899625,False,False,False,False
dup,B,PTF13ez_B_comb_dup.fits,25,1.3058903537174862,1.4037948077252338,0.366103897259754,3.090887177084874,0.0410100547892171,False,False,False,False
dup,B,PTF13efe_B_comb_dup.fits,25,1.3040003186165487,1.2986832178671577,0.0442956202517268,1.4100696637719472,0.0278428354364984,False,False,False,False
dup,V,PTF11ppn_V_comb_dup.fits,25,1.3033316258693193,1.337611144616548,0.132006591885297,1.890607614101902,0.0226723226107541,False,False,False,False
dup,B,LSQ12hxx_B_comb_dup.fits,25,1.3018478709319736,1.4537584684329286,0.484361822553714,3.2774802343416067,0.180586491948548,False,False,False,False
dup,V,PTF13anh_V_comb_dup.fits,25,1.30167479136383,1.2942858243158255,0.0727883165634271,1.4550083228903197,0.0871272609396607,False,False,False,False
dup,B,SN07bc_B_comb_dup.fits,22,1.301386617316482,1.3502401890872875,0.397474700753909,2.791364006717646,0.0778321130789105,False,False,False,False
dup,B,CSP13B_B_comb_dup.fits,25,1.299723610079362,1.3196106934069247,0.0995456279767485,1.7695215798204378,0.0324138673181264,False,False,False,False
dup,B,ASAS14kq_B_comb_dup.fits,22,1.2970190253184013,1.1681433292123753,0.3336348736743484,1.3171035169326248,0.0144572427944993,False,False,False,False
dup,V,PTF14fpg_V_comb_dup.fits,25,1.296508803434553,1.3296255250033706,0.1696154473228439,2.128142058420865,0.0258402704676299,False,False,False,False
dup,B,SN04gu_B_comb_dup.fits,19,1.2958666871712607,1.2056493545584417,0.6961693216146725,2.877882642908989,0.1316429325185225,False,False,False,False
dup,B,LSQ13dkp_B_comb_dup.fits,22,1.2917403521949868,1.1886346222780162,0.5956694588059931,2.595473584870005,0.0411611484032636,False,False,False,False
dup,V,LSQ14ahm_V_comb_dup.fits,25,1.2905534494563995,1.4147732882914517,0.3196560808650081,2.1044052998982807,0.2089266527662341,False,False,False,False
dup,V,CSP14acm_V_comb_dup.fits,25,1.2862445603528418,1.2916703166821726,0.0434679051760403,1.3816827420031743,0.0450943791378153,False,False,False,False
dup,V,ASAS14my_V_comb_dup.fits,24,1.284581444901467,1.529585517310574,0.7215349469331882,3.3939691073253324,0.0217581731079919,False,False,False,False
dup,V,SN04dt_V_comb_dup.fits,19,1.282567221555095,1.0765010550715752,0.5306800142073127,2.20654513771539,0.0427882154223624,False,False,False,False
dup,B,SN07jg_B_comb_dup.fits,25,1.2813524269610337,1.2310428827656468,0.2556413419309484,1.5932535404334027,0.0300897319881595,False,False,False,False
dup,B,CSP13aam_B_comb_dup.fits,25,1.277573551732635,1.2882838206126792,0.0675547856641943,1.4963719819492298,0.0588448982505954,False,False,False,False
dup,V,SN09ad_V_comb_dup.fits,25,1.2751298238526831,1.2902936220395986,0.0840072443646171,1.5927179448922846,0.039281459357567,False,False,False,False
dup,B,CSP14acp_B_comb_dup.fits,25,1.2740994617802208,1.315848111260198,0.2383272734640699,2.449584567031484,0.0344798365533732,False,False,False,False
dup,B,CSP13aba_B_comb_dup.fits,19,1.2714047546243537,1.1062544827488898,0.648104053679521,2.995194117621236,0.0729812603705018,False,False,False,False
dup,B,CSP13aad_B_comb_dup.fits,25,1.2684589746284678,1.2843977748856292,0.0546054879074586,1.436758424157666,0.0501528545288903,False,False,False,False
dup,V,SN04ey_V_comb_dup.fits,25,1.265787652324384,1.223944819734274,0.2004596063222426,1.4462414639207175,0.0657977986766889,False,False,False,False
dup,V,SN2012fr_V_comb_dup.fits,21,1.2657337679716625,1.8944570948708688,1.5477028278704936,7.238756393831852,0.7282187057224656,True,False,False,True
swo,V,ASAS14jc_V_comb_swo.fits,25,1.2613350131189651,1.2576736857232076,0.2119460752518648,1.64018511190108,0.2114023983543432,False,False,False,False
swo,V,ASAS15be_V_comb_swo.fits,25,1.2593624350332349,1.2251638823804785,0.1720258426563638,1.3105608729671403,0.0208196510656163,False,False,False,False
dup,V,CSP13an_V_comb_dup.fits,25,1.2589280352539327,1.3711195287310114,0.3182699363266996,2.4751937797820323,0.0172546989337924,False,False,False,False
dup,B,SN07le_B_comb_dup.fits,21,1.2569961031850565,0.8785392906112067,0.4616468880994571,1.3643819398713783,0.159210479707221,False,False,False,False
dup,V,CSP14adc_V_comb_dup.fits,25,1.2564293066484813,1.3332530603457209,0.2659824307374481,2.425568312156626,0.048658236669815,False,False,False,False
swo,V,SN06hb_V_comb_swo.fits,25,1.254937146187793,1.3159863504610314,0.2009127412754251,2.195072802785932,0.0429675590299804,False,False,False,False
dup,B,LSQ11ot_B_comb_dup.fits,25,1.2536070409381834,1.256557370495469,0.0334111380221833,1.374692339907287,0.0317148517876128,False,False,False,False
dup,V,SN05am_V_comb_dup.fits,25,1.2509774851011963,1.3669966510190588,0.2480832839350719,2.0925307143319234,0.0701590089787855,False,False,False,False
dup,B,SN08go_B_comb_dup.fits,25,1.250758241684469,1.3321353355730603,0.3405581706611676,2.665287216910551,0.0496724082311233,False,False,False,False
dup,B,SN08gg_B_comb_dup.fits,25,1.2496661398441604,1.3980763061470114,0.4129044022818469,3.023378755129186,0.0177333988254767,False,False,False,False
dup,V,CSP13aaq_V_comb_dup.fits,25,1.249332467406478,1.2884296608072283,0.169226547244948,2.018581137061984,0.0259881487815294,False,False,False,False
dup,B,LSQ13dhj_B_comb_dup.fits,19,1.2484311208654115,1.2587624749488735,0.0346013645351851,1.344030340893087,0.0283290173773265,False,False,False,False
dup,B,SN08fr_B_comb_dup.fits,19,1.2472360950223615,1.2639036563499462,0.2711248270437825,1.6031762990603269,0.0455246003749202,False,False,False,False
dup,B,PTF13dym_B_comb_dup.fits,25,1.2471941156930184,1.2213197417962274,0.3863545101485719,2.138104008062328,0.0386785376078595,False,False,False,False
dup,V,LSQ14ghv_V_comb_dup.fits,24,1.2470194164466155,1.2562248505561902,0.2463245741185813,1.839280693057132,0.0116443162237887,False,False,False,False
dup,B,SN08bi_B_comb_dup.fits,21,1.2469087041874165,1.2455571905415597,0.3761505938522705,2.115687156678702,0.089720267864182,False,False,False,False
dup,B,LSQ14ahm_B_comb_dup.fits,25,1.2468112284634931,1.414015037172068,0.3685297825556165,2.1718052485723,0.0361402768287769,False,False,False,False
dup,B,SN05be_B_comb_dup.fits,23,1.242454344957553,1.1106364590039082,0.533910203759156,2.3797683493867265,0.0316355747411623,False,False,False,False
dup,B,SN05bl_B_comb_dup.fits,18,1.2413064407685983,1.1658355841135364,0.6043848794372827,2.496065512891461,0.0811145099816573,False,False,False,False
dup,B,SN08hu_B_comb_dup.fits,25,1.2397817814851315,1.1929460030148349,0.2094649533614354,1.6199538170040928,0.3003154023459509,False,False,False,False
dup,B,ASAS14my_B_comb_dup.fits,24,1.2366379872457618,1.2462953783293689,0.6887585162284362,3.1433012948412205,0.0330088601900886,False,False,False,False
dup,B,SN2012U_B_comb_dup.fits,25,1.2328780698355115,1.4095546121427895,0.7462106561158312,4.913638445721851,0.0285249438366917,False,False,False,False
dup,B,ASAS15as_B_comb_dup.fits,25,1.2315957612932011,1.3995543085062407,0.4239601383046567,2.631960346866667,0.0423072504115876,False,False,False,False
dup,V,LSQ14wp_V_comb_dup.fits,24,1.2315147513207827,1.232635883856817,0.0658150156033764,1.3536069034197558,0.0602117221608442,False,False,False,False
dup,V,CSP12G_V_comb_dup.fits,25,1.2312845326535844,1.144886083041022,0.1822001208549766,1.3511573689236855,0.0763111575846181,False,False,False,False
swo,V,CSP13aao_V_comb_swo.fits,25,1.230721539318742,1.2536887916512354,0.265154918038129,1.819104254375396,0.340820953506843,False,False,False,False
dup,B,CSP13aap_B_comb_dup.fits,25,1.223840791067229,1.0516646968633745,0.7061890686509559,2.702562200179345,1.040605875399129,True,False,False,True
dup,V,LSQ15aja_V_comb_dup.fits,25,1.222101789037107,1.236442521752219,0.0626231978865582,1.335404763387283,0.0839611757752456,False,False,False,False
dup,V,PTF13efe_V_comb_dup.fits,25,1.220425061074169,1.2388255038720688,0.0588117810982693,1.4579281594021,0.0271334606609934,False,False,False,False
dup,B,SN2013hn_B_comb_dup.fits,25,1.2202904475443277,1.2864038037217853,0.3286368437163836,2.859522859956067,0.0190978098676721,False,False,False,False
dup,V,SN05iq_V_comb_dup.fits,25,1.2169628461718571,1.1871521266090206,0.3054182503663114,1.868550521135135,0.1626839805356212,False,False,False,False
dup,V,ASAS14kq_V_comb_dup.fits,25,1.2167672230529392,1.2424740319378844,0.2787785837568498,2.1413786970617763,0.0189552124875049,False,False,False,False
dup,B,ASAS15hg_B_comb_dup.fits,25,1.2166558511189771,1.2874969517000077,0.1815984234537442,1.9194431375527847,0.0522349215891042,False,False,False,False
dup,V,SN07jg_V_comb_dup.fits,25,1.214885291502862,1.271222753233004,0.1741089671335446,2.0477079666087468,0.0242776555287755,False,False,False,False
dup,V,SN05bg_V_comb_dup.fits,21,1.2139527071095229,1.0029856625816782,0.3943818818383188,1.4999513325975982,0.096896492171249,False,False,False,False
dup,V,CSP13aad_V_comb_dup.fits,25,1.2138713044902114,1.2252291571948202,0.0750028941206679,1.4040944434221512,0.0602171709925498,False,False,False,False
dup,B,SN05M_B_comb_dup.fits,16,1.2105851311377835,0.9606240902719504,0.4644452729653444,1.6952812561073682,0.1342258276348982,False,False,False,False
dup,V,SN07ca_V_comb_dup.fits,25,1.2090865813423284,1.2044431945974892,0.0739801582220081,1.444375472503555,0.0604791883401481,False,False,False,False
dup,B,SN04ey_B_comb_dup.fits,22,1.2088812651226777,1.1341713838671543,0.3043797844570883,1.5365105611223775,0.0697179880862218,False,False,False,False
dup,V,CSP13al_V_comb_dup.fits,25,1.2069894350167414,1.25576681776839,0.1254493226488452,1.7195672788585947,0.0229892889043698,False,False,False,False
dup,B,SN08C_B_comb_dup.fits,25,1.206385497486219,1.2813292047522589,0.1747611514204407,1.9489364372780424,0.0467713061616047,False,False,False,False
dup,B,SN2012E_B_comb_dup.fits,25,1.205985224838478,1.3238857353961455,0.2876609427998886,2.132713829359888,0.0517555674309265,False,False,False,False
dup,B,CSP14aal_B_comb_dup.fits,25,1.2044484550172525,1.22511594853029,0.1013011444238182,1.6969639229198927,0.0278364969580069,False,False,False,False
dup,V,SN05ag_V_comb_dup.fits,25,1.2044226744449325,1.3669057790767605,0.3323321786651276,2.550483623473212,0.0348157433414609,False,False,False,False
dup,V,CSP13aap_V_comb_dup.fits,25,1.203930607493591,1.3567413698079165,0.5745669852861485,2.498315229341452,0.0581152017121739,False,False,False,False
dup,V,SN05al_V_comb_dup.fits,25,1.2034016466012447,1.2655177056794755,0.2648835332260952,2.4110525098137283,0.113093211548801,False,False,False,False
dup,V,CSP14aay_V_comb_dup.fits,22,1.2021633502992066,1.2934585425443634,0.4114531877578566,2.514001227120161,0.0355998455875321,False,False,False,False
dup,B,ASAS15aj_B_comb_dup.fits,25,1.2013628674967525,1.2996324913169213,0.5797809507283078,3.852166074360458,0.2495205933165749,False,False,False,False
dup,V,SN09J_V_comb_dup.fits,24,1.1993897837462568,1.3175293820748082,0.4446531035227736,3.3571190905598622,0.0464560300311396,False,False,False,False
dup,V,CSP13N_V_comb_dup.fits,25,1.1967454863396756,1.2448120823038051,0.1775722757396615,2.057058700612216,0.0358598677646443,False,False,False,False
dup,V,ASAS14hu_V_comb_dup.fits,25,1.195952034650027,1.202664449113816,0.137766349845893,1.5333968922358818,0.0666241331621498,False,False,False,False
dup,B,CSP14aay_B_comb_dup.fits,24,1.1951839585883297,1.13323206722795,0.5303145288798551,2.548021946845573,0.0549395231575059,False,False,False,False
dup,B,CSP15aaj_B_comb_dup.fits,25,1.1948803595840347,1.2685822623931704,0.272370503158389,2.366697015157796,0.0381728300278376,False,False,False,False
dup,V,CSP13aam_V_comb_dup.fits,25,1.1943246841370427,1.2213168129945362,0.0664587578656106,1.3754366890848293,0.0497482172467447,False,False,False,False
dup,V,CSP14acp_V_comb_dup.fits,25,1.1942688640664358,1.235651703512259,0.3289749802132481,2.431918643070049,0.0283598442528408,False,False,False,False
dup,B,ASAS14lt_B_comb_dup.fits,23,1.192248232121797,1.0771544856742477,0.4728810708603045,2.5022610266518064,0.0243084793325264,False,False,False,False
dup,V,SN07as_V_comb_dup.fits,24,1.1899846550263362,1.2063258150371707,0.0757479128121694,1.471382290034034,0.0422086436107611,False,False,False,False
dup,V,SN2012U_V_comb_dup.fits,25,1.1888076739024054,1.2352790721437037,0.2168230080096108,2.1903635527412693,0.072231285349745,False,False,False,False
dup,V,CSP12J_V_comb_dup.fits,25,1.1847654604526388,1.237423642809421,0.1688556516501195,1.8159748461906984,0.0830605545951562,False,False,False,False
dup,B,SN05bg_B_comb_dup.fits,21,1.1798096553907291,1.0200151324034394,0.4802059873344724,2.357201891885909,0.2357986793394154,False,False,False,False
dup,V,SN07so_V_comb_dup.fits,25,1.1791933567281083,1.2352812682060117,0.3132104528983738,2.215515842637877,0.0517130109466716,False,False,False,False
dup,V,ASAS15ga_V_comb_dup.fits,23,1.1777885589029042,1.238349921964472,0.2612481389086842,2.3616159990736487,0.0944030808402569,False,False,False,False
dup,B,LSQ14ie_B_comb_dup.fits,25,1.1763380845090794,1.1781675744356266,0.0986126132707341,1.4008539653356564,0.1286546161413974,False,False,False,False
dup,V,CSP14aaw_V_comb_dup.fits,25,1.175420045956761,1.2455697995955672,0.2434436806913155,2.091447882432825,0.0617103361579932,False,False,False,False
dup,V,SN08gg_V_comb_dup.fits,25,1.1737625557246851,1.2866002711807678,0.2823053917899211,2.0425700610414106,0.0096992122731283,False,False,False,False
dup,B,SN09cz_B_comb_dup.fits,24,1.1737173317239806,1.567667752599493,0.9971985095524912,5.759852509130567,0.1154058679631351,False,False,False,False
dup,B,SN07hj_B_comb_dup.fits,20,1.17317790627268,0.9445945616465738,0.5890536206669986,2.6076329386911525,0.304230596784934,False,False,False,False
dup,V,SN06bd_V_comb_dup.fits,17,1.1729975179475278,0.9289850007414674,0.5089767158889638,2.0561226565428483,0.1885898540680489,False,False,False,False
dup,B,LSQ15alq_B_comb_dup.fits,25,1.1663335539981028,1.1695529031944225,0.0362179792088571,1.248043161164638,0.0434753541237327,False,False,False,False
dup,V,LSQ13dhj_V_comb_dup.fits,25,1.1638064226641045,1.193414021829165,0.1329917273197502,1.808667297819578,0.0392463438757124,False,False,False,False
swo,V,SN06dd_V_comb_swo.fits,16,1.162619430527902,1.198587182608935,0.4722927332516023,2.770273021664828,0.0281978029204416,False,False,False,False
dup,V,SN04gu_V_comb_dup.fits,19,1.1608316558213052,1.232565778299389,0.6535614168511228,2.541607778519308,0.2909527083906166,False,False,False,False
dup,B,SN05ag_B_comb_dup.fits,24,1.1584578177265898,1.0715517833902912,0.4040056356252215,2.1636486202880443,0.0629379140368142,False,False,False,False
dup,V,CSP13aba_V_comb_dup.fits,24,1.1577981811176392,1.040528424135059,0.5045994457301016,2.213040929894148,0.074454218915506,False,False,False,False
dup,B,CSP13ag_B_comb_dup.fits,25,1.157041281619584,1.1641412024394406,0.0351656451440035,1.2549500538594751,0.0245044326859712,False,False,False,False
dup,B,ASAS15hf_B_comb_dup.fits,25,1.156557161307466,1.1598866058354056,0.0511652295059673,1.3148805882418746,0.0363728733892761,False,False,False,False
dup,B,ASAS15ga_B_comb_dup.fits,24,1.1564037100616449,1.035806547121419,0.3498788747064036,1.4510058799942664,0.0824155168691259,False,False,False,False
dup,B,SN08fu_B_comb_dup.fits,25,1.1540799711513714,1.237412464660998,0.2253814755080347,1.91021862451524,0.0635040336027724,False,False,False,False
dup,V,CSP13aao_V_comb_dup.fits,25,1.153446454628614,1.231169785679164,0.3799321835184051,2.834658747238699,0.0472326204239422,False,False,False,False
dup,B,PS15sv_B_comb_dup.fits,25,1.1530998576241642,1.1830981034439552,0.063650171968597,1.356318538441646,0.0383446308624944,False,False,False,False
dup,B,LSQ12bld_B_comb_dup.fits,25,1.153012254799294,1.1847405215178286,0.1636477282170391,1.892542190695664,0.0618177017188568,False,False,False,False
dup,B,SN07bd_B_comb_dup.fits,25,1.152760596798295,1.164733464160994,0.1952938426209445,1.7044671735974295,0.0420179161623927,False,False,False,False
dup,B,SN08hj_B_comb_dup.fits,24,1.1497935955516176,1.5213636453809103,0.6196098901445054,3.2386386542548777,0.1387549468193219,False,False,False,False
dup,B,CSP13aaf_B_comb_dup.fits,22,1.1477268809753634,1.0876753941271655,0.4508463967262072,1.9136810129886028,0.0966290861092572,False,False,False,False
dup,B,LSQ14azy_B_comb_dup.fits,22,1.1459016534043918,0.9704365912435852,0.4057867468325995,1.8053263779897808,0.0751947151353283,False,False,False,False
dup,B,CSP12J_B_comb_dup.fits,25,1.1436752479850667,1.1936080659503765,0.2233035466058379,2.193798882227483,0.0665303023465335,False,False,False,False
dup,V,CSP13B_V_comb_dup.fits,25,1.141733567758784,1.2004218564200717,0.1971467087981177,1.9941903691887224,0.0507704625847562,False,False,False,False
dup,B,ASAS15cb_B_comb_dup.fits,20,1.140539511537487,0.9481217055158794,0.367421897220862,1.200666059849418,0.0341582606659136,False,False,False,False
dup,B,SN09I_B_comb_dup.fits,25,1.14012668093029,1.3224964717536454,0.4701161391212418,2.87101794949267,0.0327761744881696,False,False,False,False
dup,B,LSQ12hzj_B_comb_dup.fits,25,1.139847311905056,1.1066900486729994,0.1820312580663146,1.2562682908818006,0.0986192462450232,False,False,False,False
dup,V,ASAS15hg_V_comb_dup.fits,25,1.1392635246144915,1.2538331580642108,0.2470397613965606,1.9081675680024688,0.0455367829280181,False,False,False,False
swo,V,PTF13ebh_V_comb_swo.fits,25,1.1383425597827943,1.2041607221228792,0.2280816207308239,2.233868995624301,0.0424557134207314,False,False,False,False
dup,V,CSP13abm_V_comb_dup.fits,25,1.1380758026567153,1.1573939321515914,0.0965026267784075,1.6067005514209585,0.0299872794685221,False,False,False,False
dup,V,SN08bc_V_comb_dup.fits,25,1.1368823125873802,1.1329218893594108,0.1696540650186792,1.4871062249958105,0.1947939817413474,False,False,False,False
dup,V,CSP13bf_V_comb_dup.fits,25,1.1363783063977158,1.1729347939682462,0.1157976426559524,1.6941411682385643,0.0403984050247509,False,False,False,False
dup,V,ASAS15gr_V_comb_dup.fits,25,1.13530584240237,1.1916180124630342,0.2932156248846342,2.241446314241278,0.1381072206449567,False,False,False,False
dup,B,LSQ14bjj_B_comb_dup.fits,25,1.1348561213184742,1.175191183078714,0.1347114259862274,1.756158975375535,0.0407508808621831,False,False,False,False
dup,V,SN08bi_V_comb_dup.fits,24,1.1348141498744182,1.2592535286955515,0.4960579844755898,2.5125985442925285,0.2027037017466477,False,False,False,False
dup,V,LSQ15alq_V_comb_dup.fits,25,1.1313818254856596,1.1360582747652808,0.0565445657589003,1.2993083556760436,0.0377831482299314,False,False,False,False
dup,V,SN08hv_V_comb_dup.fits,25,1.1302414453557712,1.4051204677040603,1.1660636034238017,6.706947272699129,0.0746487837774966,False,False,False,False
dup,B,ASAS15go_B_comb_dup.fits,25,1.1289395069993096,1.155595205548976,0.0857333768090793,1.4590463454810274,0.0263341676166166,False,False,False,False
swo,V,ASAS15ba_V_comb_swo.fits,25,1.1288199644823638,1.1406136662997683,0.0429754076069723,1.3254499293497666,0.0178990227677118,False,False,False,False
dup,V,SN07hj_V_comb_dup.fits,18,1.1270422365794466,1.0788332817757171,0.4979874858979715,2.671880542498996,0.0362044331521557,False,False,False,False
dup,B,LSQ14xi_B_comb_dup.fits,24,1.1269144643689677,1.1326850330719525,0.1965326840468551,1.835281606173503,0.0147721521081927,False,False,False,False
dup,V,SN08hu_V_comb_dup.fits,25,1.1267449319222036,1.2005762518725829,0.1829747618599116,1.6618296803009651,0.1121689607648949,False,False,False,False
swo,V,CSP14acp_V_comb_swo.fits,25,1.125796583066763,1.1694560515743586,0.2487523292282618,2.257892387373356,0.1333551915893985,False,False,False,False
dup,V,SN2012E_V_comb_dup.fits,25,1.124615994638278,1.2813355115997618,0.3108296068803899,2.006802972250165,0.0444232625596601,False,False,False,False
dup,V,ASAS15hf_V_comb_dup.fits,25,1.124272237042296,1.2029081171221785,0.2273431820861903,1.9637416300415609,0.0852637122609621,False,False,False,False
dup,V,CSP12M_V_comb_dup.fits,25,1.1237844338827312,1.2961942243425002,0.3292859065917558,2.053838558461857,0.0315110071176877,False,False,False,False
dup,B,LSQ15agh_B_comb_dup.fits,25,1.1236400096219938,1.1425781691558827,0.3200223395358272,1.8141110957571285,0.0628262364128517,False,False,False,False
dup,B,ASAS15gr_B_comb_dup.fits,25,1.1229828594756357,1.1645210134139548,0.1700309073674896,1.7902044236038597,0.0821197428729301,False,False,False,False
dup,V,SN08ae_V_comb_dup.fits,24,1.1221766739889203,1.3485822773375793,0.6559707021460564,2.9375996528055883,0.0351361507355498,False,False,False,False
dup,B,CSP14acy_B_comb_dup.fits,25,1.1194514061492382,1.1237254094569633,0.0321553989597898,1.1843939287585463,0.0272907505899932,False,False,False,False
dup,V,SN08ia_V_comb_dup.fits,25,1.1193463399470216,1.176321593859697,0.1895193779290126,1.7863408569079278,0.1436369405785969,False,False,False,False
dup,V,CSP13ag_V_comb_dup.fits,25,1.1169619319432535,1.1560438513237967,0.1383156600774615,1.7940710740631216,0.0389549246204282,False,False,False,False
dup,V,LSQ11ot_V_comb_dup.fits,25,1.1162925998194613,1.1542881158057927,0.0899192597164672,1.376799351071409,0.0414112519715795,False,False,False,False
swo,V,SN09aa_V_comb_swo.fits,25,1.1153049805520645,1.139877314285532,0.1189709248700203,1.6842390589116971,0.0313297665035404,False,False,False,False
dup,V,LSQ13dsm_V_comb_dup.fits,24,1.1150163379406213,1.1938174397715982,0.2083049137898424,1.7723080492642822,0.0309027349117896,False,False,False,False
dup,V,CSP14aal_V_comb_dup.fits,25,1.1143965054982854,1.1797949351092545,0.1692988093597371,1.756192527090478,0.0245971378791832,False,False,False,False
dup,B,CSP14aaq_B_comb_dup.fits,25,1.1116597889801263,1.1382444178379016,0.1118444033595182,1.461376964979586,0.0416583559917333,False,False,False,False
dup,V,SN07hx_V_comb_dup.fits,25,1.111626625203163,1.0651712435745158,0.4518861200966846,2.561424671517361,0.0357268603482801,False,False,False,False
dup,B,CSP13abl_B_comb_dup.fits,25,1.1103840725341931,1.1243528753793806,0.0470507257775134,1.2453470339228794,0.0380230764329159,False,False,False,False
dup,B,SN08ae_B_comb_dup.fits,19,1.1102918003501725,0.8419387101938093,0.4127520146004144,1.249227329167911,0.0960238982236247,False,False,False,False
dup,B,LSQ12cda_B_comb_dup.fits,25,1.1099326568645853,1.0628081265292233,0.4752910944267097,2.887071776450191,0.0581817229446049,False,False,False,False
dup,V,ASAS15aj_V_comb_dup.fits,25,1.1085841410811506,1.2485205572331166,0.4174503122551159,2.520575489886552,0.2820698510866193,False,False,False,False
dup,B,CSP14aaa_B_comb_dup.fits,22,1.1084034731721768,0.7879713215748054,0.4095835407736411,1.1948685804852155,0.1249991247245433,False,False,False,False
dup,V,SN08fr_V_comb_dup.fits,25,1.1062558697607212,1.2020507552618822,0.2827024072856062,2.0438102526618938,0.0853031000870493,False,False,False,False
dup,B,SN2012id_B_comb_dup.fits,25,1.1051204971997912,1.1132308941273374,0.0738973313699345,1.2630594717387271,0.0609071653393487,False,False,False,False
dup,V,SN2013hn_V_comb_dup.fits,25,1.1049347186220786,1.1805677892893611,0.3611592616099709,2.906792603103834,0.0311001402028951,False,False,False,False
dup,V,SN09I_V_comb_dup.fits,25,1.1041570152301792,1.865539340116693,1.6520509041122406,7.13567162599868,0.2751785552599074,False,False,False,False
dup,B,SN05el_B_comb_dup.fits,25,1.103796792821049,1.1039745118101785,0.2762518287731842,1.658559337855545,0.0421758235037144,False,False,False,False
dup,B,SN2012aq_B_comb_dup.fits,23,1.1029975344697502,1.0476206994991693,0.3189481591264448,1.9231562680985097,0.0448341690614061,False,False,False,False
dup,B,CSP13Q_B_comb_dup.fits,25,1.0986236849767776,1.1057819784003078,0.0414345961258158,1.172870052418314,0.0597670155237463,False,False,False,False
dup,V,CSP13abs_V_comb_dup.fits,25,1.0974524843892512,1.1273727758664334,0.1168520332858934,1.4563383753467485,0.0465382053507779,False,False,False,False
dup,B,ASAS14ad_B_comb_dup.fits,20,1.096122246104707,1.0050372689186102,0.3453791250361427,1.7149073488257771,0.0703049431509421,False,False,False,False
dup,B,CSP13bf_B_comb_dup.fits,25,1.0949731824502424,1.118414390275457,0.1085970466978164,1.6272903353898125,0.0233098308856653,False,False,False,False
dup,B,LSQ12hzs_B_comb_dup.fits,24,1.092373415184936,1.1229954185763518,0.0889495621448041,1.3421421347500526,0.0950272959302414,False,False,False,False
dup,V,LSQ14ie_V_comb_dup.fits,25,1.0907356311748946,1.078342940431631,0.0867843426965392,1.2989438947267031,0.0519603223145984,False,False,False,False
dup,B,LSQ14gfb_B_comb_dup.fits,25,1.0899489095013768,1.0982801154604225,0.0308748865520543,1.2267685662645538,0.0165091251731443,False,False,False,False
dup,V,ASAS15go_V_comb_dup.fits,25,1.0894284318141672,1.1668372256037145,0.2464225703371061,1.989923497629836,0.06905961163564,False,False,False,False
dup,B,SN06fw_B_comb_dup.fits,21,1.0886647779771144,0.9610825907955828,0.4886278345326896,2.5377028751591224,0.0780604134037411,False,False,False,False
dup,B,SN06hx_B_comb_dup.fits,23,1.0885432892015678,0.7853138144259124,0.3976106510289774,1.30196619089116,0.3164212675248922,False,False,False,False
dup,B,SN08cd_B_comb_dup.fits,25,1.0864739528543528,1.17278230325633,0.4794773118090891,3.115753890796058,0.1478610175180321,False,False,False,False
dup,V,LSQ12cda_V_comb_dup.fits,25,1.0853129047870809,1.2406389096972048,0.373450833180639,2.5978691952700195,0.0427912790400473,False,False,False,False
dup,V,SN09F_V_comb_dup.fits,25,1.0836965869759432,1.2323130379055418,0.3031532932173234,2.240560268203888,0.0789855892426372,False,False,False,False
dup,B,SN05bo_B_comb_dup.fits,24,1.082347362274377,1.1144135920167706,0.1041754324181805,1.3997696733208038,0.032588723701439,False,False,False,False
dup,B,LSQ15aae_B_comb_dup.fits,25,1.0823248756054746,1.0889092048137683,0.0387069986787026,1.2234081635634673,0.0247431749146998,False,False,False,False
dup,V,SN05el_V_comb_dup.fits,24,1.0796971571967484,1.1211703140201157,0.1230831034821643,1.5054035669747228,0.0312992587863021,False,False,False,False
swo,V,ASAS15eb_V_comb_swo.fits,25,1.0789927064544251,1.142555112280315,0.3731402624616696,2.612596398116583,0.1531859888626398,False,False,False,False
dup,B,LSQ14fms_B_comb_dup.fits,24,1.0775456488566038,1.025366328001366,0.3062812269212915,1.8943448375929188,0.0446096971205384,False,False,False,False
dup,B,CSP13aay_B_comb_dup.fits,25,1.0769673417371608,1.1031595848936115,0.2673880671877403,1.994798159668804,0.080892457632769,False,False,False,False
dup,B,LSQ14ip_B_comb_dup.fits,24,1.0764476643270502,0.9960479944532484,0.3547404357506641,1.93235958384983,0.0836684858550054,False,False,False,False
dup,V,LSQ15aae_V_comb_dup.fits,25,1.0759480453274004,1.122500072107051,0.1821175566041696,1.8761846091968395,0.0171524365689524,False,False,False,False
dup,V,SN08gl_V_comb_dup.fits,24,1.0754404255631596,1.2938456284390008,0.4638103362419709,2.48421658752616,0.2177529158681487,False,False,False,False
dup,B,LSQ12fvl_B_comb_dup.fits,25,1.0717461920515527,1.1563836099187708,0.54617588251117,2.827358674706196,0.4342438358389807,False,False,False,False
swo,V,ASAS15as_V_comb_swo.fits,25,1.069829785246875,1.147679515056175,0.2418221177641623,1.9460518194538072,0.0610089465646799,False,False,False,False
dup,B,CSP14ade_B_comb_dup.fits,25,1.0693471225172175,1.0799249789736387,0.0363067908446844,1.186733577278546,0.0250161710792823,False,False,False,False
dup,B,LSQ13dsm_B_comb_dup.fits,23,1.066915073830892,0.9671074345060506,0.3698383628862459,1.7516544416923951,0.0449618157434282,False,False,False,False
dup,V,SN09ds_V_comb_dup.fits,25,1.0653258071351417,1.3204161255184672,0.6593460343972409,3.8895022771520606,0.1004641546967444,False,False,False,False
dup,V,CSP13Q_V_comb_dup.fits,25,1.0649240802743378,1.0763185709846974,0.0308338123536955,1.1404036586008448,0.028288727467563,False,False,False,False
dup,V,PTF14aje_V_comb_dup.fits,25,1.0629663515069094,1.108817336966696,0.1433016238978806,1.6482560871788854,0.0575995342110132,False,False,False,False
dup,B,SN07jd_B_comb_dup.fits,15,1.0619404127781504,0.975732969958644,0.4791565586086175,1.578618259910659,0.5228496483157558,False,False,False,False
dup,V,PTF14w_V_comb_dup.fits,24,1.0609005060644012,1.121594059715476,0.3785378737703891,2.215651552174824,0.0355131183248906,False,False,False,False
dup,B,LSQ12ca_B_comb_dup.fits,25,1.0599053692694569,1.0470389072686987,0.0457797280888847,1.1562737044253029,0.0452065685564357,False,False,False,False
dup,B,SN07jh_B_comb_dup.fits,18,1.0596275376561373,0.9441893173502324,0.4215804774959928,1.934023027014011,0.1000045763268992,False,False,False,False
dup,B,SN09D_B_comb_dup.fits,24,1.0591531536621095,1.314153299375715,0.732275112497467,4.500246542052294,0.0183064341111731,False,False,False,False
dup,B,ASAS15eb_B_comb_dup.fits,25,1.0588669982190884,1.169512548935058,0.3206606817351081,2.6161875399745367,0.0810429429621258,False,False,False,False
dup,V,LSQ13cwp_V_comb_dup.fits,25,1.0581912266520377,1.1494742338826305,0.2987613342573357,2.3065775347023187,0.0313866289041589,False,False,False,False
dup,V,LSQ13dkp_V_comb_dup.fits,25,1.0575625659276466,1.2570541206686174,0.3877085227084171,2.2665348112541333,0.0219622593396357,False,False,False,False
dup,V,CSP14aaq_V_comb_dup.fits,25,1.057495276181538,1.1035829121328349,0.1780726551064868,1.7771471475869405,0.0367511061980477,False,False,False,False
dup,V,SN2013fy_V_comb_dup.fits,25,1.0560441688728026,1.0897036480891615,0.1327087059472499,1.6762725231231574,0.0541280888288588,False,False,False,False
dup,V,SN06ot_V_comb_dup.fits,21,1.054218667263685,0.975459034791964,0.4394136927643375,2.307066520510769,0.1335960536407607,False,False,False,False
dup,V,PTF13dym_V_comb_dup.fits,25,1.0535956801628283,1.186015532381824,0.33087804060562,2.153294486648458,0.0688055989938117,False,False,False,False
dup,V,SN08go_V_comb_dup.fits,25,1.0528562241355512,1.124369437289482,0.200738020406244,1.85203978291149,0.0130016361735534,False,False,False,False
dup,B,SN09ab_B_comb_dup.fits,25,1.0522949654342442,1.0880184207223529,0.1692478405156397,1.888480055270653,0.0190167652781734,False,False,False,False
dup,V,CSP14aaa_V_comb_dup.fits,25,1.0502679668899526,1.1130151710330014,0.4917431758591307,2.749855270179387,0.0490346860427429,False,False,False,False
swo,V,ASAS15gr_V_comb_swo.fits,25,1.0496985265243444,1.154060692878804,0.272431207841318,2.1757713104272223,0.1248667801231518,False,False,False,False
dup,B,LSQ14q_B_comb_dup.fits,25,1.0473505233104845,1.0710232288078425,0.356632006570767,2.167113684306794,0.0492331808572819,False,False,False,False
dup,V,LSQ14bjj_V_comb_dup.fits,25,1.047226068550247,1.0966592967170683,0.2128875803852478,2.1082385237547974,0.0222064216296943,False,False,False,False
dup,B,ASAS14jc_B_comb_dup.fits,25,1.0463925332801107,1.081727271281108,0.1176546972243707,1.606710756144861,0.0333119256698215,False,False,False,False
dup,B,PTF13dwl_B_comb_dup.fits,25,1.0457107082659514,1.0480282969065091,0.0433128185025666,1.144392567710481,0.0488385809466176,False,False,False,False
dup,B,SN08bd_B_comb_dup.fits,25,1.044775740925722,1.0467214265205014,0.0360464472726663,1.1249639325395062,0.0336679328129806,False,False,False,False
dup,V,LSQ12gdj_V_comb_dup.fits,25,1.0441348613173147,1.1212323220785834,0.2180446347830441,1.7381050106145448,0.054644998690732,False,False,False,False
dup,V,SN2012gm_V_comb_dup.fits,25,1.0433943117892912,1.0778029705208547,0.1510625787640566,1.7689157873347954,0.0330796052182557,False,False,False,False
dup,V,LSQ12bld_V_comb_dup.fits,25,1.0429565717371023,1.0964908744574642,0.1872169624799717,1.706726097597353,0.0416718876020437,False,False,False,False
dup,B,SN08R_B_comb_dup.fits,23,1.0428708669008278,1.0513194980036855,0.5457917393777433,3.0773988529461667,0.1246768027882205,False,False,False,False
dup,V,SN2012id_V_comb_dup.fits,25,1.0424066055457684,1.0431371768502615,0.107291429550521,1.3837944104585735,0.0574406419723894,False,False,False,False
dup,V,SN09ag_V_comb_dup.fits,25,1.042352721348318,1.0958494399584484,0.1835931507217421,1.615099209520925,0.1308095002345227,False,False,False,False
dup,B,SN05hk_B_comb_dup.fits,20,1.0420320588711305,0.9172489929610294,0.3159624824486438,1.2751039145953798,0.0544711979257409,False,False,False,False
dup,V,SN09P_V_comb_dup.fits,25,1.0414204663334627,1.1814149642259004,0.473522218083879,3.337331857566403,0.0341940164457626,False,False,False,False
dup,V,LSQ14q_V_comb_dup.fits,25,1.0403539069609835,1.149475910448062,0.2528171796331012,1.8772955814531824,0.0420729939088932,False,False,False,False
dup,V,SN2012aq_V_comb_dup.fits,24,1.040180396379591,1.1358226146991834,0.2527522705402146,1.9467011730950707,0.0309750849167333,False,False,False,False
dup,B,SN07ba_B_comb_dup.fits,24,1.0381720768316227,1.0593268478788047,0.2062817365075758,1.4495732022133263,0.0418610118813644,False,False,False,False
swo,V,CSP13abl_V_comb_swo.fits,25,1.0374878543799069,1.0998679872751569,0.1871131577853353,1.5796292489360373,0.1223167551005773,False,False,False,False
dup,V,SN07bd_V_comb_dup.fits,25,1.0369586171809877,1.009271552313841,0.1509514577377129,1.192285765725637,0.0541666328508403,False,False,False,False
dup,V,CSP14ade_V_comb_dup.fits,25,1.0360539885752014,1.062068083882405,0.0770705329326282,1.3153948283987398,0.0303273165057171,False,False,False,False
dup,B,SN09ad_B_comb_dup.fits,25,1.033497875876071,1.304187862162559,1.1303901240911218,6.693067661663748,0.0468159318271779,False,False,False,False
dup,V,LSQ15agh_V_comb_dup.fits,25,1.0328066376713871,1.1293398799558296,0.2552303077990547,1.9798105131274253,0.0537040614690608,False,False,False,False
dup,B,PTF11pra_B_comb_dup.fits,25,1.032324965649357,1.3262203829476784,0.6213473389823363,3.4666269786160955,0.0901200343120049,False,False,False,False
dup,B,SN2012gm_B_comb_dup.fits,25,1.0314922510710056,1.0520502328550811,0.1072481202178922,1.5411408974421892,0.0301792567066279,False,False,False,False
dup,B,SN06br_B_comb_dup.fits,20,1.031424398749834,1.038139674280525,0.1072911439598926,1.437504347245432,0.0177468078834053,False,False,False,False
dup,B,SN06D_B_comb_dup.fits,19,1.0310669653375215,1.1058089021642192,1.2871643315022694,6.2243715349727005,0.1941151631980178,False,False,False,False
dup,V,KISS13l_V_comb_dup.fits,22,1.0309890190652813,1.030742500983398,0.438301733290898,2.00522849962305,0.0701399848714473,False,False,False,False
dup,B,PTF14yy_B_comb_dup.fits,24,1.0308724847710464,1.016982912984696,0.3039166560844772,1.976284081786796,0.0568513221893768,False,False,False,False
dup,B,SN07af_B_comb_dup.fits,18,1.030645521125372,0.8760506216578602,0.3448491542843192,1.300378575054741,0.2041394109075085,False,False,False,False
dup,V,LSQ12hzs_V_comb_dup.fits,25,1.0285996805686548,1.034644328743041,0.128715371165673,1.417312717343387,0.0919010102491549,False,False,False,False
dup,B,SN08bc_B_comb_dup.fits,25,1.0275844084067676,1.097428026390519,0.2042635652683977,1.569403050963933,0.1545302388747669,False,False,False,False
dup,V,SN05M_V_comb_dup.fits,18,1.0272174076926677,0.918676719554744,0.4364989212240547,1.8388113110434687,0.2393129211600794,False,False,False,False
dup,B,ASAS15ba_B_comb_dup.fits,21,1.027023469496258,0.8675479794794454,0.3059736277899597,1.0645077368489806,0.0289312476396478,False,False,False,False
dup,V,CSP13aaf_V_comb_dup.fits,24,1.024971559275059,1.1516952532824087,0.5322231935346818,3.262666287867797,0.0842605627486663,False,False,False,False
dup,B,LSQ14ba_B_comb_dup.fits,24,1.0249645628469624,1.0462935578290888,0.0616926181368438,1.2022148035705142,0.039214418476996,False,False,False,False
dup,B,SN04eo_B_comb_dup.fits,24,1.0229589323286556,1.0942331835152823,0.1545155778740569,1.5559443034587277,0.0689034335135609,False,False,False,False
dup,V,CSP13aay_V_comb_dup.fits,25,1.0223308145665324,1.116318921492815,0.272854743077335,1.9764613024206084,0.0443890930586994,False,False,False,False
dup,V,LSQ14ahc_V_comb_dup.fits,25,1.0222484098242663,1.0683740270895443,0.179112375048426,1.5349102306429243,0.1726696612309606,False,False,False,False
dup,B,SN08ia_B_comb_dup.fits,25,1.020286297209171,1.0921370877359022,0.142682714724331,1.4824283077673648,0.0615626839215685,False,False,False,False
dup,V,SN07N_V_comb_dup.fits,18,1.0193096724274209,0.8114420424662256,0.3435810452505301,1.184828545163991,0.1591582565055332,False,False,False,False
swo,V,KISS15m_V_comb_swo.fits,25,1.0188729512102468,1.1424544641365484,0.2888143016936245,1.8297964645256697,0.0429127697040656,False,False,False,False
dup,B,SN2012ij_B_comb_dup.fits,19,1.018649925839915,1.0047414298829072,0.2898106619098688,1.7721647530479467,0.0553512541787479,False,False,False,False
dup,V,PS15sv_V_comb_dup.fits,25,1.0178934319534898,1.054601023065583,0.0880521463562959,1.1738238993139467,0.1101783750246239,False,False,False,False
dup,V,SN05hk_V_comb_dup.fits,22,1.0176458032984237,0.9848901479955504,0.3724227933123246,1.8713529294196007,0.0935156595171544,False,False,False,False
dup,V,PTF11pra_V_comb_dup.fits,25,1.0168318748405734,1.2339231347202968,0.5554065239118142,3.409569162371247,0.0831460987709281,False,False,False,False
dup,B,SN05hc_B_comb_dup.fits,13,1.0162566509583637,0.947693970653839,0.346236483024754,1.6809870512700342,0.0429251467781904,False,False,False,False
dup,V,LSQ14azy_V_comb_dup.fits,25,1.014835627290778,1.141202473585016,0.4725191800864992,2.4835131562767025,0.0457688588892689,False,False,False,False
dup,B,LSQ12gdj_B_comb_dup.fits,22,1.0147567394569594,0.761755141950534,0.388788249564523,1.3727793698902235,0.3742819216370472,False,False,False,False
dup,B,LSQ14gov_B_comb_dup.fits,25,1.0131982398762571,1.0277258797182185,0.3440705907243819,2.356053884805125,0.0267637551434815,False,False,False,False
dup,V,SN08fu_V_comb_dup.fits,25,1.011864187369907,1.121547147309502,0.234708363540242,1.7726979941533068,0.0256740524130829,False,False,False,False
dup,V,PTF13dwl_V_comb_dup.fits,25,1.0113138863891653,1.035132386656748,0.0899558131896489,1.2900546872975176,0.0776615074742685,False,False,False,False
dup,V,SN06hx_V_comb_dup.fits,23,1.011280403610674,0.9549365414905984,0.444256888943281,2.3097450436749667,0.1048118715076835,False,False,False,False
dup,V,SN09cz_V_comb_dup.fits,25,1.0101284965170043,1.0795607668150706,0.1956096897813838,1.929552107193696,0.0652365681052846,False,False,False,False
dup,B,LSQ14foj_B_comb_dup.fits,20,1.0099606361689877,0.9206299442960436,0.4662306611555032,1.9860834472405584,0.0572299788942676,False,False,False,False
swo,V,CSP12F_V_comb_swo.fits,25,1.009715633993927,1.0034702033246783,0.0409483737156505,1.110714061241011,0.0259829875801113,False,False,False,False
dup,B,CSP14aba_B_comb_dup.fits,23,1.0095232591098118,0.8167552499892985,0.3222253267554881,1.0593674753197444,0.0585639003134337,False,False,False,False
dup,V,SN08hj_V_comb_dup.fits,25,1.006444961260875,1.123113013235418,0.3383085312815538,2.5285577803661625,0.0271751852019166,False,False,False,False
swo,V,PTF11pbp_V_comb_swo.fits,25,1.0061972792936225,1.024046835606072,0.0566802749063953,1.1695007844700316,0.0420207102417911,False,False,False,False
dup,V,SN08fp_V_comb_dup.fits,25,1.0057653750674802,1.004832450895602,0.1171410684878944,1.2708071668060128,0.1292732431334514,False,False,False,False
dup,B,PTF14w_B_comb_dup.fits,22,1.004491199036741,0.9484410891353208,0.4712176644349231,2.037150656539691,0.0567800214126549,False,False,False,False
dup,B,CSP14aax_B_comb_dup.fits,25,1.0037773600220186,1.0093805697277518,0.0367730230031469,1.0826026797862176,0.029161681696277,False,False,False,False
dup,B,CSP13M_B_comb_dup.fits,21,1.002710883599908,0.954186066717742,0.3538475036006138,1.689409395688759,0.0692446990255857,False,False,False,False
dup,V,SN08cd_V_comb_dup.fits,23,1.0024026152599317,1.1204429258717443,0.5779481327799191,3.64596539243671,0.0408688180210406,False,False,False,False
dup,V,PTF11pbp_V_comb_dup.fits,25,1.000460297835576,1.1027838609637215,0.2814405186201298,1.9136065712201504,0.0400394770887541,False,False,False,False
dup,B,LSQ14asu_B_comb_dup.fits,25,0.9996127824341916,0.9539964121665174,0.1728528157361659,1.0456424411144996,0.0233768895652302,False,False,False,False
dup,V,CSP13bh_V_comb_dup.fits,25,0.996577837000999,1.1332394993131627,0.2861996138025675,1.711252107802329,0.145639566298628,False,False,False,False
dup,V,SN08bd_V_comb_dup.fits,25,0.9945219914643636,0.9951677710766677,0.0691286473698547,1.2542535529242913,0.0463997329438335,False,False,False,False
dup,B,CSP12F_B_comb_dup.fits,21,0.99425564696301,1.032312837264085,0.1670948714635081,1.7481646901129255,0.0286877180319559,False,False,False,False
dup,B,CSP12N_B_comb_dup.fits,25,0.9930263480370844,1.0040556510028105,0.065461996111312,1.2570095038972784,0.0335279064468461,False,False,False,False
dup,B,LSQ14bbv_B_comb_dup.fits,25,0.9924034677322846,1.0163270415361416,0.1136056717947706,1.4099386202916118,0.0256049529573258,False,False,False,False
dup,V,LSQ14fms_V_comb_dup.fits,25,0.9923514769977732,1.0707964656511255,0.2513425772075766,2.0326692373355426,0.034510736886989,False,False,False,False
dup,B,SN2013fy_B_comb_dup.fits,25,0.990982610979162,1.00668322312041,0.0553109681862453,1.2248531639715894,0.0329772077780588,False,False,False,False
dup,B,SN06et_B_comb_dup.fits,18,0.9907637990614866,0.8034747435594891,0.4537014642491062,1.6536145722287712,0.8336268457102187,True,False,False,True
dup,V,LSQ12hzj_V_comb_dup.fits,25,0.990424296802486,1.0266500444283455,0.1444431782650352,1.5057695169745702,0.0974785234357109,False,False,False,False
dup,V,SN05gj_V_comb_dup.fits,22,0.9889644735472092,0.8238889488759359,0.3535319957001183,1.5278629384583964,0.052757140730461,False,False,False,False
dup,B,LSQ12hvj_B_comb_dup.fits,25,0.9886232448111724,0.9966506555830908,0.0712348355127108,1.2067911873359995,0.0628252325461948,False,False,False,False
dup,V,SN08fw_V_comb_dup.fits,25,0.9859460131816632,1.0704395295301417,0.1759704808268063,1.4753256440974922,0.0545121591519033,False,False,False,False
dup,B,LSQ14auy_B_comb_dup.fits,25,0.9839859040856376,1.0117851121747783,0.1491060432427215,1.6884791676733706,0.0618911755299775,False,False,False,False
dup,V,ASAS15cb_V_comb_dup.fits,23,0.9791692331875014,1.0475558678432797,0.2671827349777476,1.8598322254432416,0.0252211130437715,False,False,False,False
dup,B,CSP13aax_B_comb_dup.fits,25,0.978939769095723,1.016917971855209,0.2708702909901951,2.1072040583960834,0.0272125286708684,False,False,False,False
dup,V,ASAS15as_V_comb_dup.fits,25,0.9772251819903984,1.053877188282468,0.2478851400340719,2.137085220314172,0.0455341345439919,False,False,False,False
swo,V,CSP13C_V_comb_swo.fits,25,0.9770864450826984,0.9997827587564324,0.2238672858752612,1.5174310396036723,0.1364787147214472,False,False,False,False
dup,V,SN04eo_V_comb_dup.fits,25,0.9770088095163896,1.0034514367731395,0.1102890781615261,1.3344768441172503,0.0300146490801046,False,False,False,False
dup,V,ASAS14ad_V_comb_dup.fits,25,0.9750071627420908,0.9636915182812156,0.1689433409379755,1.5428947728039284,0.0359276320092534,False,False,False,False
dup,V,LSQ12ca_V_comb_dup.fits,25,0.9749183888503616,1.019105784563586,0.128997638510926,1.3628564358427826,0.1002562894909629,False,False,False,False
dup,B,LSQ14ajn_B_comb_dup.fits,20,0.9737753789090168,1.0749840410151568,0.3756067882061168,2.167450690906937,0.0441878274953487,False,False,False,False
dup,B,SN08gp_B_comb_dup.fits,25,0.9707150794213598,0.9731788775301649,0.0300271966843372,1.0562164985181826,0.0258433080096684,False,False,False,False
swo,V,ASAS15hf_V_comb_swo.fits,25,0.9705106488844464,1.0600414362038315,0.2592192369560626,2.1485297397374667,0.0788503678059091,False,False,False,False
swo,V,ASAS15al_V_comb_swo.fits,25,0.9701677941959024,0.9701450810703692,0.1080423396732873,1.137590743925834,0.1222243569391216,False,False,False,False
swo,V,ASAS15ga_V_comb_swo.fits,25,0.9700126612459758,1.0060857731598114,0.2757763777669166,2.191350951689851,0.0355190169226499,False,False,False,False
dup,V,ASAS15eb_V_comb_dup.fits,25,0.9693363504576082,1.1459380131319858,0.400009611832074,2.8029090990409125,0.0582016670633117,False,False,False,False
dup,B,CSP12G_B_comb_dup.fits,25,0.9684987357556234,0.9853288753353296,0.1813310816610395,1.3088345298039556,0.0772940602933955,False,False,False,False
dup,V,LSQ15bv_V_comb_dup.fits,25,0.967986910246894,1.003284069021005,0.1754386382782797,1.805350554881714,0.0320333513354286,False,False,False,False
dup,B,ASAS15cd_B_comb_dup.fits,25,0.9676867973842368,1.0640912378263805,0.2874793414970631,1.95441147913998,0.0567533241805405,False,False,False,False
dup,B,SN2011jh_B_comb_dup.fits,24,0.9670115215491956,1.029148567729309,0.3660818415833161,2.531556193614089,0.0209847123074965,False,False,False,False
dup,B,LSQ13cwp_B_comb_dup.fits,25,0.9668107360623536,1.0548169457226213,0.3172597000890795,2.3065698540904376,0.0460439431833935,False,False,False,False
dup,B,PTF14uo_B_comb_dup.fits,24,0.9665044501030158,0.9172473745696208,0.3086769509170288,1.6671729480133768,0.0765447151187823,False,False,False,False
dup,B,SN04gs_B_comb_dup.fits,24,0.9663776491136972,0.9388993828297708,0.4043434443446876,2.25945123706026,0.0537424487963364,False,False,False,False
swo,V,PTF11ppn_V_comb_swo.fits,25,0.96633848638323,0.9886745949049568,0.1350481091596883,1.501813313574605,0.0214014023834267,False,False,False,False
dup,V,ASAS15ba_V_comb_dup.fits,24,0.9646730969311323,1.0156304292988712,0.3148475486348078,1.955041165145032,0.0372503323949565,False,False,False,False
dup,B,SN08bt_B_comb_dup.fits,23,0.9645969448928654,1.0670089343788711,0.4965173131115862,3.157310720856103,0.0429964119474156,False,False,False,False
dup,V,CSP12N_V_comb_dup.fits,25,0.9642819115727446,0.9703089773630972,0.0388464721257675,1.0759308688340414,0.0356024984201716,False,False,False,False
swo,V,CSP14aar_V_comb_swo.fits,25,0.9641101696831232,0.9874500515753466,0.0851329692994235,1.3599901415731053,0.0416245594703946,False,False,False,False
dup,B,SN09ag_B_comb_dup.fits,25,0.9638606519081976,1.076091069975431,0.2165473117715911,1.8221150248023497,0.1374354816487259,False,False,False,False
dup,V,SN05ir_V_comb_dup.fits,19,0.9634116088139526,0.6966613961241122,0.3561457976157615,1.158307279126362,0.2889527531823145,False,False,False,False
dup,V,CSP14adf_V_comb_dup.fits,25,0.9619031227364948,0.9803214543883726,0.0488407546396462,1.1359555498289338,0.0298953005789286,False,False,False,False
dup,B,LSQ13dby_B_comb_dup.fits,23,0.9604367342155734,0.9654935864562568,0.0474586051299386,1.0650457317893265,0.0307167851189448,False,False,False,False
dup,V,LSQ14asu_V_comb_dup.fits,25,0.9587593909631164,0.9794936378734362,0.0610882993491619,1.172892310729608,0.0249808777790387,False,False,False,False
dup,B,PTF13duj_B_comb_dup.fits,25,0.958636322775755,0.962534074920571,0.0849104944038737,1.2977912045707654,0.0474553212531499,False,False,False,False
dup,V,LSQ12fvl_V_comb_dup.fits,25,0.9574407006312644,1.1182389977307174,0.5120437837618886,2.78166844505074,0.2900678020798405,False,False,False,False
dup,B,SN05ir_B_comb_dup.fits,21,0.9571243777419024,0.7463383462743198,0.3825211694155829,1.4885511551679722,0.2805869236678333,False,False,False,False
dup,V,SN05be_V_comb_dup.fits,22,0.9567846348621638,0.9702551777376563,0.4283816398154781,2.039940248502303,0.0853242886411299,False,False,False,False
dup,B,LSQ14mc_B_comb_dup.fits,24,0.956778345219042,0.9344251962545764,0.2030754463758921,1.2584324911929974,0.0496197216757952,False,False,False,False
dup,B,CSP15B_B_comb_dup.fits,25,0.9562714282264768,1.016375217920801,0.2206691224128022,1.89610563181864,0.0579661527860827,False,False,False,False
dup,B,CSP14adf_B_comb_dup.fits,25,0.9560993768360728,1.1407907756611178,0.8678419623532798,5.178302230372254,0.0430693333613791,False,False,False,False
dup,B,ASAS14mf_B_comb_dup.fits,20,0.9551702404880934,0.8857076268554568,0.201308104116235,0.9811381415994498,0.023171186310065,False,False,False,False
dup,V,SN09ab_V_comb_dup.fits,25,0.9543176725741572,1.0380314803374513,0.218233916223075,1.86037424199137,0.0235129281425284,False,False,False,False
dup,B,SN05hj_B_comb_dup.fits,20,0.9537911178471608,0.7506747582813437,0.3361702817576209,1.0793375041362498,0.176929230569162,False,False,False,False
swo,V,ASAS15da_V_comb_swo.fits,25,0.9535341094224082,1.038880606851711,0.210331591882016,1.6733383741561652,0.0766963532068552,False,False,False,False
swo,V,ASAS14lo_V_comb_swo.fits,25,0.9508339893041102,0.9657905068818704,0.0663529594455784,1.1850443125997132,0.0590076482320493,False,False,False,False
dup,B,SN2012bl_B_comb_dup.fits,25,0.9506011384669316,1.0051808315895825,0.1328378645502299,1.444106397503445,0.0216986354416483,False,False,False,False
dup,B,SN07N_B_comb_dup.fits,20,0.9501021127875264,0.7543137535327518,0.343170416474801,1.289687745975702,0.3118510381062463,False,False,False,False
dup,V,PTF14yy_V_comb_dup.fits,25,0.9499355674861174,1.0649846934774976,0.3131938370934173,2.0640129590785072,0.0698723690020331,False,False,False,False
dup,B,CSP13bh_B_comb_dup.fits,25,0.9497332283886244,1.03133565629372,0.3205095788877178,1.6496072704984148,0.0973391517556834,False,False,False,False
dup,B,SN07on_B_comb_dup.fits,15,0.9493285325364944,0.7992181104029666,0.4057590396655074,1.3390320448340445,0.4733744705842374,False,False,False,False
dup,B,CSP14abf_B_comb_dup.fits,25,0.9485507646011352,0.9727074123060416,0.1323031235030684,1.5685796284779638,0.0269710015636577,False,False,False,False
dup,B,PTF11pbp_B_comb_dup.fits,25,0.947094657539578,1.0564145175869306,0.300060305411696,1.8812907516989588,0.0384128366305304,False,False,False,False
dup,B,SN06kf_B_comb_dup.fits,15,0.946556304759829,0.7957556312039074,0.3245125445042772,1.344739038538754,0.1760473790842337,False,False,False,False
dup,V,LSQ14ip_V_comb_dup.fits,25,0.9450705082187074,1.0475216914426246,0.3927094643055496,2.5185041108754,0.112000051143508,False,False,False,False
dup,V,CSP13M_V_comb_dup.fits,25,0.9441814736066096,0.8599371935574647,0.2565092232913848,1.433811851548095,0.0456181277091057,False,False,False,False
swo,V,CSP14abh_V_comb_swo.fits,25,0.943835835169513,0.9600864746651598,0.0743009653781303,1.2835747001792943,0.0306169951679456,False,False,False,False
swo,V,LSQ15bv_V_comb_swo.fits,25,0.9432267368556632,1.00560931140924,0.1929807185374842,1.863669369380159,0.0330066518149917,False,False,False,False
dup,V,SN2012bl_V_comb_dup.fits,25,0.9431536409979682,0.9743499837010416,0.2139900567046619,1.8060152523185955,0.0496965476704382,False,False,False,False
dup,B,SN08gl_B_comb_dup.fits,25,0.9423881286646256,1.1594769687247284,0.5237099056369117,2.474822336291318,0.237751837297954,False,False,False,False
dup,B,SN06ef_B_comb_dup.fits,19,0.941586278289194,0.7516739393481959,0.4131379288840149,1.901952175421736,0.2224673809155245,False,False,False,False
dup,V,SN07bc_V_comb_dup.fits,23,0.9402739902963212,0.7821515601318455,0.4526659741764449,2.3974459355532813,0.141028827736018,False,False,False,False
dup,V,CSP15B_V_comb_dup.fits,25,0.9382149008075936,0.991791708969488,0.1937988955989959,1.8512525348986733,0.0469055581422441,False,False,False,False
dup,V,SN06et_V_comb_dup.fits,20,0.9308448334099674,0.8092436982819906,0.3395125764026875,1.5856588766010056,0.2100019000368567,False,False,False,False
dup,V,ASAS14jc_V_comb_dup.fits,25,0.9288113020023652,0.974188741530992,0.1192452453243999,1.3026366294893716,0.0344447504793008,False,False,False,False
dup,B,SN05kc_B_comb_dup.fits,22,0.928595008698901,0.9005854006290654,0.3612543842905907,2.19087365338925,0.0577714846709584,False,False,False,False
dup,B,LSQ12gpw_B_comb_dup.fits,21,0.9269709164641456,0.9729723359676166,0.436638894041423,2.077338019427604,0.1224915550372139,False,False,False,False
swo,V,SN2012U_V_comb_swo.fits,25,0.9255134414645654,0.9432693450748246,0.087981642064473,1.2077372075335784,0.0725912631266811,False,False,False,False
dup,V,LSQ14auy_V_comb_dup.fits,25,0.9254195088546056,0.958328594713313,0.2024886210453754,1.5799833403218997,0.1118094772204017,False,False,False,False
dup,V,LSQ14xi_V_comb_dup.fits,25,0.9251797659815796,0.952847801013836,0.1191464772039232,1.4746400516253275,0.04824708439885,False,False,False,False
dup,B,SN07S_B_comb_dup.fits,22,0.9251427106888132,0.8443373189581532,0.2566177983267193,1.2538548202136348,0.0955383357138611,False,False,False,False
dup,B,LSQ15bv_B_comb_dup.fits,25,0.9251073758406484,0.9302457519459324,0.0585462033598947,1.071757940323533,0.0298288177157533,False,False,False,False
dup,V,ASAS15hx_V_comb_dup.fits,25,0.9251056799179233,0.9726615841326428,0.108365028931534,1.2769299373463088,0.0413548177835916,False,False,False,False
swo,V,ASAS14kd_V_comb_swo.fits,25,0.9248759412447334,0.9710221866232116,0.1166737430304634,1.33252831736386,0.0371573602701317,False,False,False,False
dup,B,PTF14aje_B_comb_dup.fits,25,0.9238870832081112,0.9741754350145096,0.1366952580593169,1.5269585050844572,0.0231370841365652,False,False,False,False
dup,V,SN08gp_V_comb_dup.fits,25,0.922475788481922,0.9438658267210952,0.1009213474749131,1.318354674730398,0.0200603814004635,False,False,False,False
dup,V,SN07af_V_comb_dup.fits,20,0.9224433048452932,0.8633759150772791,0.2843240520783915,1.3109807436432888,0.0732460461900259,False,False,False,False
swo,V,SN2012fr_V_comb_swo.fits,25,0.9193848360360314,0.9540475798733112,0.1908335492067368,1.78625743487639,0.1002224844648906,False,False,False,False
dup,V,LSQ14bbv_V_comb_dup.fits,25,0.9187699117302396,0.9600442271106968,0.0931237702503895,1.2481564570337786,0.0296889630036614,False,False,False,False
dup,B,LSQ14act_B_comb_dup.fits,25,0.9168290861165976,0.9329672299112493,0.0510381689042277,1.0749028177314528,0.038793259716617,False,False,False,False
swo,V,LSQ14gfb_V_comb_swo.fits,25,0.916354410455358,0.9190950636671787,0.0153419912552181,0.9634750135203338,0.0102679245393225,False,False,False,False
dup,V,CSP13abl_V_comb_dup.fits,25,0.916126152498723,0.9335291953181658,0.1295559578206423,1.2493545733972014,0.0395413022092011,False,False,False,False
dup,V,LSQ14ajn_V_comb_dup.fits,25,0.914122712559554,1.035824132414725,0.3724710115810007,2.1531467877376347,0.0367012146926501,False,False,False,False
dup,V,SN06ef_V_comb_dup.fits,21,0.9133118909509432,0.902118299928516,0.3631469941273554,1.8065282321940204,0.0836656151869015,False,False,False,False
dup,B,SN2012G_B_comb_dup.fits,22,0.9130998938206988,0.8789360271860995,0.3822918147102311,1.5947977856791742,0.1782117725128131,False,False,False,False
dup,V,SN08R_V_comb_dup.fits,22,0.91274548193666,0.9206703890825731,0.5832981076890909,2.9281225210945645,0.3267454763399539,False,False,False,False
dup,V,LSQ14foj_V_comb_dup.fits,24,0.9114122397147488,0.9942039032412808,0.3809948804624136,1.836225088033264,0.0337824710294663,False,False,False,False
dup,B,SN05eq_B_comb_dup.fits,18,0.9105038696043865,0.8495937290464548,0.4950764435619624,2.15708573783434,0.107605623672383,False,False,False,False
dup,V,SN06D_V_comb_dup.fits,21,0.9100697745498192,0.8156264742946485,0.3505011840390216,1.7716840886968337,0.1229108139596652,False,False,False,False
dup,B,CSP14aab_B_comb_dup.fits,25,0.9076326467230644,0.9673538710732598,0.2304711355962997,1.985558850572932,0.048942436762499,False,False,False,False
dup,B,SN08fw_B_comb_dup.fits,25,0.9073081215952498,0.9623277870731184,0.139591326655789,1.4178274762847007,0.051592996010929,False,False,False,False
dup,V,CSP13aax_V_comb_dup.fits,25,0.9066466325072812,1.0238658206075804,0.2933555715295621,2.0238754631700173,0.0300027054521056,False,False,False,False
dup,V,PTF13duj_V_comb_dup.fits,25,0.903202735662698,0.9606013962334284,0.1254590952806167,1.254473702513596,0.0417989254132691,False,False,False,False
dup,V,SN08bt_V_comb_dup.fits,24,0.902762110775602,0.8854420840615921,0.2196010218004922,1.5344994284607247,0.0389760663434792,False,False,False,False
dup,V,ASAS15cd_V_comb_dup.fits,25,0.9025596065082684,1.012514845746517,0.2747479641223228,1.7497066743997556,0.0351624406754542,False,False,False,False
dup,B,SN05lu_B_comb_dup.fits,19,0.9015273670438272,0.7802269127661896,0.2763929199933699,1.3513895395255695,0.0911060894390537,False,False,False,False
swo,V,SN2013fy_V_comb_swo.fits,25,0.9009541962002934,0.9220927110939006,0.0764849017098665,1.2276475102323643,0.0249821253446021,False,False,False,False
dup,V,CSP14abf_V_comb_dup.fits,25,0.9007688432671576,0.9127831666684776,0.0716041457609361,1.1755717164560495,0.0379847015183283,False,False,False,False
dup,V,LSQ12hnr_V_comb_dup.fits,25,0.9002447916002521,0.982611628746522,0.2095397762742448,1.7789544879633856,0.0261998897077907,False,False,False,False
swo,V,ASAS15hg_V_comb_swo.fits,25,0.8987575781608887,0.9148252077782212,0.156574712848813,1.1892476690609233,0.0804466659058631,False,False,False,False
swo,V,CSP13aam_V_comb_swo.fits,25,0.8986183474207886,0.9108061870298578,0.0785476102978498,1.10630561706942,0.0833687227190759,False,False,False,False
swo,V,LSQ14wp_V_comb_swo.fits,25,0.8983699440933257,0.9310384786763144,0.1047525052367594,1.293848899553799,0.0325979980826003,False,False,False,False
swo,V,CSP14aaw_V_comb_swo.fits,25,0.8982922773277171,0.926154983403698,0.1340454361884023,1.5319443328013804,0.0324928141764535,False,False,False,False
dup,V,CSP14aax_V_comb_dup.fits,25,0.898284962671173,0.9672102712332824,0.3123028820309503,2.448613848992176,0.0313723423907272,False,False,False,False
dup,V,CSP14aba_V_comb_dup.fits,24,0.8980532409126372,0.8720456416754084,0.1800599963672454,1.3757141563523831,0.0533605068524156,False,False,False,False
dup,V,SN05A_V_comb_dup.fits,21,0.8965454302821316,0.9842375694970348,0.5197281984607446,2.12469846175608,0.577562711201556,False,False,False,False
dup,V,SN05kc_V_comb_dup.fits,23,0.8927893520790445,0.8576494946853619,0.2011615979041371,1.128520059744785,0.0315796462974971,False,False,False,False
dup,V,CSP12F_V_comb_dup.fits,25,0.892010304445829,0.9529022511922198,0.1736841898863246,1.5844222105749766,0.0303304148166118,False,False,False,False
dup,B,SN09le_B_comb_dup.fits,25,0.8915555408243254,0.9722593614803324,0.3133249310103944,2.337546979387714,0.03652164481245,False,False,False,False
swo,V,CSP14ade_V_comb_swo.fits,25,0.8915543874079707,0.9139215478378584,0.1054338281509882,1.3015280604625112,0.0627549533791548,False,False,False,False
dup,V,LSQ14ba_V_comb_dup.fits,25,0.8907621722352282,0.9114803141854892,0.1314641151559398,1.5323971351937975,0.0248325801786306,False,False,False,False
dup,V,SN2011jn_V_comb_dup.fits,25,0.890737793856205,0.9972739157830132,0.2872291572764153,1.840594381092722,0.1227836502689624,False,False,False,False
dup,B,PTF14gnl_B_comb_dup.fits,23,0.8907064970409625,0.8375075187667764,0.2972978197053771,1.6785579614468542,0.0255997774669729,False,False,False,False
swo,V,ASAS14me_V_comb_swo.fits,25,0.890277784482631,0.9091423095648729,0.0739926706739492,1.215275059565554,0.0292590043596128,False,False,False,False
swo,V,CSP15aae_V_comb_swo.fits,25,0.8893209648723254,0.9627071854792928,0.2454795526626936,1.8497714963506968,0.0263232627726473,False,False,False,False
swo,V,ASAS15dd_V_comb_swo.fits,25,0.8881640392257479,0.902477629080613,0.0618348242411157,1.0701455847395964,0.0544598389912492,False,False,False,False
swo,V,ASAS15bm_V_comb_swo.fits,25,0.8877375167378415,0.9185591894776682,0.0944913924921662,1.176143823422122,0.0550675414714015,False,False,False,False
dup,B,LSQ12gxj_B_comb_dup.fits,24,0.8856652184900862,0.9020516995738656,0.2039532601593495,1.531451032357788,0.047788055570382,False,False,False,False
swo,V,PTF14fpg_V_comb_swo.fits,25,0.8852109641973488,0.9264615379233856,0.1224377887070099,1.326330969763267,0.0362909099887312,False,False,False,False
swo,V,CSP14abl_V_comb_swo.fits,25,0.8827094295643813,0.8955896640548761,0.0590612402268151,1.1589219862403577,0.0251299541172667,False,False,False,False
dup,V,CSP15aaj_V_comb_dup.fits,25,0.8822535608970277,1.0211884512307998,0.5416346826384095,3.555356435166844,0.0502943518162986,False,False,False,False
dup,V,LSQ14jp_V_comb_dup.fits,25,0.881927579833133,0.9416637218039962,0.1579047529778272,1.4819021568213482,0.0542208435606682,False,False,False,False
dup,V,LSQ14act_V_comb_dup.fits,25,0.8817930731520616,0.9107240776502258,0.1442697896976388,1.1650060179235509,0.0796017689238066,False,False,False,False
dup,B,LSQ13dpm_B_comb_dup.fits,25,0.8816770196647689,0.8376918837715328,0.1481745371740427,0.945813419182491,0.0277838137092573,False,False,False,False
dup,V,LSQ12hvj_V_comb_dup.fits,25,0.8816435747227549,0.9212640395155938,0.1391043080706642,1.5089317863951617,0.0273544159195759,False,False,False,False
dup,B,LSQ12hnr_B_comb_dup.fits,25,0.8815572784692627,0.8716672515377986,0.137175816046339,1.0660549172472569,0.0286551133231417,False,False,False,False
dup,V,SN07jh_V_comb_dup.fits,23,0.8809856016287246,0.8044323609551413,0.3443763400928107,1.863332601152967,0.090557024207748,False,False,False,False
dup,B,SN06ot_B_comb_dup.fits,22,0.8809338564695215,0.8774265297526734,0.5659826432327297,2.477543167446765,0.6442156366580549,True,False,False,True
dup,V,SN07al_V_comb_dup.fits,23,0.8801235693080698,0.8478212878705063,0.2938844444134539,1.6548769948309632,0.1029660188176031,False,False,False,False
dup,V,SN09D_V_comb_dup.fits,25,0.8780265851303245,1.0883844022382183,0.827184192886615,5.0099431757990045,0.0231048580906861,False,False,False,False
swo,V,ASAS14jz_V_comb_swo.fits,25,0.8771500348923416,0.9915183999858564,0.2503728341314442,1.6010842847840372,0.0718505535462619,False,False,False,False
swo,V,ASAS15hx_V_comb_swo.fits,25,0.8762644882963814,0.9004949311437546,0.0910370521121594,1.2114147399388489,0.0525291556828822,False,False,False,False
dup,V,SN07ol_V_comb_dup.fits,17,0.8747889410994765,1.7643648237039975,2.23565216504039,7.374204302403523,0.8682398303205384,True,False,False,True
dup,V,SN2012ij_V_comb_dup.fits,24,0.8745407640853914,0.916282329559382,0.221796993312498,1.6345997068055724,0.0278697702020703,False,False,False,False
dup,B,LSQ12gef_B_comb_dup.fits,20,0.8738181350445511,0.7999201246973554,0.5132967154224022,2.2677036193431857,0.6363816636995598,True,False,False,True
dup,V,SN09le_V_comb_dup.fits,25,0.873351772785314,0.9461071660131884,0.2412849811642508,1.8014705009322016,0.0224324149340282,False,False,False,False
dup,V,PTF14uo_V_comb_dup.fits,25,0.8728012584706388,1.0067504209007825,0.2884463953082052,1.7791974937150603,0.0983599967687015,False,False,False,False
dup,V,SN05lu_V_comb_dup.fits,22,0.8727366462363741,0.7290692149268962,0.2926169105679373,1.1197496550465356,0.1183285559797995,False,False,False,False
swo,V,SN2011iv_V_comb_swo.fits,22,0.8703409304728404,0.9067259571257348,0.2163582743069937,1.32731769985494,0.0655591848251905,False,False,False,False
dup,B,SN05A_B_comb_dup.fits,21,0.8698619031513131,0.8631394012061772,0.4081462137325486,1.92872420675514,0.1325816768711066,False,False,False,False
dup,B,ASAS15be_B_comb_dup.fits,23,0.8679917231526943,0.7768828116834384,0.249688404166528,1.1457274615439557,0.0485769633097549,False,False,False,False
dup,V,LSQ14gfb_V_comb_dup.fits,25,0.8675147603513294,0.9489925220248898,0.2466245116722835,1.8813085907962224,0.0254478187321188,False,False,False,False
swo,V,ASAS14hu_V_comb_swo.fits,25,0.8656105840672355,0.9490561193831804,0.3946089292617411,2.8016785711254983,0.0869838682796018,False,False,False,False
swo,V,PTF13efe_V_comb_swo.fits,25,0.8654158089819801,0.9209630326185548,0.2178655897467445,1.7461899927302882,0.0992875493227922,False,False,False,False
dup,B,ASAS15hx_B_comb_dup.fits,25,0.8646338139956649,0.9764471272077018,0.4531487660762568,3.1281523609372885,0.0255135412320193,False,False,False,False
dup,B,LSQ14age_B_comb_dup.fits,25,0.8634667447530351,0.8598114479051516,0.0350263628047222,0.9256940538555308,0.0346471140095048,False,False,False,False
swo,V,CSP13bf_V_comb_swo.fits,25,0.8628157074490185,0.9080913804195184,0.1215458373806675,1.3743849895610587,0.0119287637574294,False,False,False,False
dup,B,SN07bm_B_comb_dup.fits,23,0.8588294357041272,0.8443771109743125,0.1836960966573575,1.2053904439192271,0.0537376681382119,False,False,False,False
dup,V,ASAS14mf_V_comb_dup.fits,23,0.8552723796294902,0.7998618823796082,0.1956110844960929,1.0876389381363,0.0298212253799725,False,False,False,False
swo,V,LSQ14ghv_V_comb_swo.fits,25,0.8552172272943196,0.9315884171516512,0.2046289648600648,1.57889455792553,0.0558568839256798,False,False,False,False
dup,B,LSQ14gfn_B_comb_dup.fits,24,0.8542659211242145,0.8484945916507739,0.2440217481691538,1.7623656971143804,0.0278364236782107,False,False,False,False
dup,V,LSQ13dby_V_comb_dup.fits,25,0.8532702679010855,0.8759832065370046,0.1074835718465891,1.3810022559097106,0.0223178583823895,False,False,False,False
swo,V,CSP13Q_V_comb_swo.fits,25,0.8528505144600422,0.8791121957955916,0.0938221403501891,1.215750880904738,0.0529229557748384,False,False,False,False
dup,B,ASAS15fr_B_comb_dup.fits,25,0.8525875477212029,0.8760278464530845,0.0572123457851693,1.0261033542792022,0.0368298005571349,False,False,False,False
dup,V,SN07on_V_comb_dup.fits,19,0.8511728156613224,1.0852613261611894,0.7671977230240331,3.547869440020291,0.0688070086231055,False,False,False,False
swo,V,ASAS15aj_V_comb_swo.fits,25,0.851093513146932,0.9187557902462816,0.147305490797701,1.3536438238172204,0.0526182051110117,False,False,False,False
dup,B,SN2011jn_B_comb_dup.fits,25,0.8504647275430127,0.921015916818074,0.2278688304079657,1.8690126325725265,0.073171118837878,False,False,False,False
dup,V,SN08cf_V_comb_dup.fits,25,0.8481512135667371,0.9430911256106294,0.3017738431440366,1.9942698336833025,0.0892055152568759,False,False,False,False
dup,V,SN05eq_V_comb_dup.fits,20,0.8456989736756186,0.7137128688678872,0.3370791487059305,1.6683455305334614,0.1384146607355345,False,False,False,False
swo,V,CSP15aak_V_comb_swo.fits,25,0.8455144449012957,0.944074159098611,0.2469919764327796,1.7637032492049476,0.0767254162786529,False,False,False,False
swo,V,LSQ12ca_V_comb_swo.fits,25,0.8451099698327207,0.8693893976892594,0.1031715896525705,1.310357583214999,0.0325731001539862,False,False,False,False
dup,V,LSQ12cdl_V_comb_dup.fits,25,0.8441021096817707,0.8506918224199349,0.0629734577191086,1.047555077617976,0.0568625729006194,False,False,False,False
swo,V,LSQ14fom_V_comb_swo.fits,25,0.8422690281478047,0.9121216663074836,0.2326636613797536,1.7167851224050323,0.0677244144644323,False,False,False,False
dup,V,SN06kf_V_comb_dup.fits,19,0.8419199444951958,0.7870308487858011,0.4054073239470199,1.930715208762244,0.3880916027932855,False,False,False,False
dup,V,LSQ12gef_V_comb_dup.fits,25,0.8417656972973367,0.8541657590403829,0.2356364783925964,1.8491011940693312,0.0502604884530646,False,False,False,False
swo,V,ASAS14lp_V_comb_swo.fits,25,0.8404232637795336,0.9263663484649548,0.4031609237850855,2.806006183316854,0.068527754475012,False,False,False,False
swo,V,CSP15aaj_V_comb_swo.fits,25,0.8398520877753325,1.0349854810738153,0.3998937014379767,2.383936934628351,0.0755867544306154,False,False,False,False
dup,B,SN09ds_B_comb_dup.fits,25,0.8381957671037367,1.0516410023939589,0.4467429075416415,2.3288472465674883,0.07238920553817,False,False,False,False
swo,V,CSP14abf_V_comb_swo.fits,25,0.8368159180243716,0.9011234587515596,0.1985160286834109,1.5922247885563052,0.0500741532057698,False,False,False,False
dup,B,SN08bz_B_comb_dup.fits,15,0.8359002586102615,0.715447136106722,0.2774736308299533,1.1997158767891667,0.0816190034457143,False,False,False,False
dup,V,SN2012G_V_comb_dup.fits,23,0.8352182323602395,0.9408662597900704,0.2709403606615671,1.49238543188911,0.0681523346521192,False,False,False,False
dup,B,SN08fp_B_comb_dup.fits,25,0.8351796126899297,1.1241333087646572,0.8175914340800561,4.584908420657183,0.2099019701562634,False,False,False,False
dup,B,LSQ14ahc_B_comb_dup.fits,25,0.8346798647831175,0.8780688083772324,0.1101163330513686,1.30607086399426,0.0171061653710241,False,False,False,False
swo,V,CSP13P_V_comb_swo.fits,25,0.8334015472363416,0.8606468020010384,0.1111151951675596,1.1544718522585342,0.0758610072862963,False,False,False,False
dup,B,LSQ12gzm_B_comb_dup.fits,23,0.8317355588100525,0.7656526502254123,0.2268959667188073,1.1372613902954924,0.0388033963770214,False,False,False,False
dup,B,LSQ12fuk_B_comb_dup.fits,25,0.831560163743154,0.8831754051744894,0.1560399150276868,1.4792355672124529,0.028104065504922,False,False,False,False
dup,B,CSP13Y_B_comb_dup.fits,25,0.830760896925494,0.8607206020649469,0.0974428472213797,1.2395610182097032,0.0218637544492083,False,False,False,False
swo,V,PS15sv_V_comb_swo.fits,25,0.8303976654209512,0.826145121548292,0.060918729072246,0.9665521985904572,0.0635023953849105,False,False,False,False
dup,V,LSQ12gpw_V_comb_dup.fits,25,0.8286629954703587,1.2309624291611834,1.0975898427550088,5.837497120335976,0.0895877015081592,False,False,False,False
dup,B,LSQ12gyc_B_comb_dup.fits,24,0.8275377913251721,0.8102823917592931,0.1336067514130535,1.0279972536938389,0.0367684764230529,False,False,False,False
swo,V,LSQ12cdl_V_comb_swo.fits,25,0.8257991991608045,0.8275711366706798,0.0743252378410188,0.9950474188393398,0.0510353972188083,False,False,False,False
dup,V,LSQ14mc_V_comb_dup.fits,25,0.8243151272186982,0.8717066476690865,0.2091003894766467,1.7014858028942712,0.0555458851123495,False,False,False,False
swo,V,CSP13ab_V_comb_swo.fits,25,0.8236915357362828,0.8798138845227912,0.1826810663506489,1.6073310855526282,0.0510380294241118,False,False,False,False
dup,V,LSQ12gyc_V_comb_dup.fits,24,0.8217457457871616,0.8486180242911524,0.2642218807057497,1.6968370366261305,0.0687563063167205,False,False,False,False
swo,V,SN2012E_V_comb_swo.fits,24,0.8171386943777579,0.8639935011253073,0.1895135796519056,1.4938588186769353,0.0437986879120101,False,False,False,False
swo,V,LSQ14asu_V_comb_swo.fits,25,0.8167806329205213,0.8007098171241558,0.0590110192614951,0.8847480758486405,0.0501436248765985,False,False,False,False
dup,V,LSQ12gzm_V_comb_dup.fits,25,0.8164085573368798,0.8533414196893943,0.1261435440729726,1.3702396801685688,0.0161110025131763,False,False,False,False
dup,V,LSQ14gov_V_comb_dup.fits,25,0.8163215445565376,0.8717234953524937,0.2495113392050063,2.0443497938729003,0.0360787463809404,False,False,False,False
swo,V,CSP13G_V_comb_swo.fits,25,0.8153869009222668,0.909460886151467,0.1850168208443637,1.4279865912457974,0.0236263196725353,False,False,False,False
swo,V,LSQ15alq_V_comb_swo.fits,25,0.8143645374025619,0.8502435083940115,0.1129953643159885,1.0633677736177531,0.0951776327761356,False,False,False,False
swo,V,CSP14abn_V_comb_swo.fits,25,0.8135789023356176,0.8688241241487971,0.1441797723742982,1.4122779481183385,0.0508729677772995,False,False,False,False
dup,V,PTF14gnl_V_comb_dup.fits,24,0.8112166588219407,0.8573108341190839,0.1631108039746719,1.5911633340283624,0.0277082772230019,False,False,False,False
swo,V,ASAS15fr_V_comb_swo.fits,25,0.8056314616198103,0.8278318502971116,0.0862509651389658,1.1392316987002942,0.0443552062551555,False,False,False,False
swo,V,PTF11pra_V_comb_swo.fits,25,0.8035976346669798,0.9852752214911852,0.497215744034534,2.40206417846192,0.0527281399681719,False,False,False,False
dup,V,SN07S_V_comb_dup.fits,17,0.8028829838644878,0.745450720279007,0.3094531239764233,1.541881319168323,0.1390973979497383,False,False,False,False
dup,B,LSQ12cdl_B_comb_dup.fits,25,0.8023945168113226,0.8267616909407962,0.0974759274579291,1.256667218438946,0.0355592340274655,False,False,False,False
dup,V,LSQ14age_V_comb_dup.fits,25,0.8007302224597013,0.807655236444717,0.0937107548258593,1.1282636500388918,0.0333995489394292,False,False,False,False
dup,V,LSQ12gxj_V_comb_dup.fits,25,0.7989239436867538,0.8432502738821224,0.1554613817512702,1.545260200112283,0.0425915757575355,False,False,False,False
dup,B,SN06ej_B_comb_dup.fits,21,0.7972258734188999,0.7863484349285511,0.4473011446591691,2.070493477333566,0.0902069377693362,False,False,False,False
swo,V,CSP15B_V_comb_swo.fits,25,0.7951783517003896,0.8457773690910717,0.1707820573069392,1.52408511645479,0.0335909338302653,False,False,False,False
swo,V,LSQ13dcy_V_comb_swo.fits,25,0.7920113108690948,0.8329596810529484,0.1429709067947759,1.2760061796080124,0.0533320473193302,False,False,False,False
swo,V,ASAS14lt_V_comb_swo.fits,25,0.7911186311674059,0.9025788592179086,0.2258997195592161,1.6555274210422524,0.0508069201156396,False,False,False,False
swo,V,KISS13v_V_comb_swo.fits,25,0.7899542247840825,0.880028327301861,0.2881243599015438,1.7640123312945593,0.0312975290642649,False,False,False,False
dup,B,LSQ12hno_B_comb_dup.fits,24,0.7884104520831977,0.7875356891348791,0.1247901135292462,1.054587245333171,0.0273086656455717,False,False,False,False
swo,V,CSP13bh_V_comb_swo.fits,25,0.7866900234542566,0.814511073106281,0.1041075519318897,1.1107124418724,0.0845441363053413,False,False,False,False
dup,V,SN2011jh_V_comb_dup.fits,25,0.7847219420808316,0.8530807393686349,0.1744240306146744,1.3303625734318445,0.0326293968812331,False,False,False,False
dup,B,LSQ12fxd_B_comb_dup.fits,25,0.7828882369711913,0.8083376071266936,0.1342475476398112,1.411186672410436,0.0334611002997846,False,False,False,False
swo,V,CSP13aad_V_comb_swo.fits,25,0.7823738321513776,0.78303435291776,0.0236946006838101,0.8271639895823153,0.0310361904058701,False,False,False,False
swo,V,LSQ12gyc_V_comb_swo.fits,25,0.7809068477759397,0.8131092466208507,0.1005147090953175,1.0655721957411235,0.0706959731116483,False,False,False,False
dup,B,SN08cf_B_comb_dup.fits,25,0.7779377360954346,0.9043849740503156,0.2755989755980576,1.8199407445075104,0.0570696660731858,False,False,False,False
swo,V,SN2011im_V_comb_swo.fits,25,0.7730231876178323,0.7846973918392202,0.0801487161093418,1.158774278208086,0.0140372651560994,False,False,False,False
dup,B,SN06lu_B_comb_dup.fits,25,0.7725656267694627,0.7714940502573772,0.2043455281800359,1.1153666615658382,0.0376897441046476,False,False,False,False
swo,V,LSQ14ajn_V_comb_swo.fits,25,0.7711766103293638,0.8555449109912123,0.2392713722041776,1.705569485927703,0.0410220103211066,False,False,False,False
dup,V,ASAS15al_V_comb_dup.fits,25,0.7699072029891015,0.7817642441591679,0.0452930483001762,0.910258163818734,0.031488407196982,False,False,False,False
swo,V,LSQ14gfn_V_comb_swo.fits,25,0.7688926126915571,0.7890904824105792,0.1750115839519594,1.4648681031045825,0.0615666428411108,False,False,False,False
dup,V,CSP13Y_V_comb_dup.fits,25,0.7685723501788502,0.8133750120171901,0.1233729497949236,1.2042394116902015,0.0211710338165797,False,False,False,False
dup,V,ASAS15fr_V_comb_dup.fits,25,0.7683716528580216,0.820183237554163,0.1276020541533986,1.1761782912025294,0.0226336122022763,False,False,False,False
dup,V,SN07ba_V_comb_dup.fits,23,0.7640801387564493,0.8275504448440433,0.2349342022842509,1.754494766827352,0.0260548124500479,False,False,False,False
dup,V,SN07jd_V_comb_dup.fits,16,0.7608953832569617,0.816052251212711,0.4547527195381478,1.3613919201913127,0.7090199846972546,True,False,False,True
dup,V,SN07cg_V_comb_dup.fits,22,0.7607609635086523,0.7020171270832256,0.184596849813459,0.8801818867312482,0.0194479311231844,False,False,False,False
dup,B,LSQ12hjm_B_comb_dup.fits,23,0.7603518172472615,0.7693818508948209,0.2992502464915932,1.5104612424177053,0.0672269343379246,False,False,False,False
swo,V,CSP13Y_V_comb_swo.fits,25,0.760134073827068,0.8438547389281331,0.1847861592136416,1.2559314702205573,0.0346536030928584,False,False,False,False
dup,B,ASAS15al_B_comb_dup.fits,25,0.759389103507723,0.7780143835762924,0.0819831133122393,1.0644670095859292,0.0192321348932664,False,False,False,False
swo,V,ASAS15go_V_comb_swo.fits,25,0.7582883463855413,0.7898091359902588,0.1103369263217772,1.1066194801263942,0.080825092453635,False,False,False,False
swo,V,PS1-14xw_V_comb_swo.fits,25,0.7555960792151557,0.8061385601726593,0.1599855372823913,1.1908175445553073,0.1219035023961468,False,False,False,False
swo,V,ASAS14lw_V_comb_swo.fits,25,0.7551230088514117,0.8756008854882263,0.2414407953075304,1.6628222693100092,0.045559312170746,False,False,False,False
dup,V,LSQ12gln_V_comb_dup.fits,25,0.7535598368635138,0.7875743310077031,0.111693696476583,1.1289266376508718,0.0733274084370925,False,False,False,False
swo,V,KISS13l_V_comb_swo.fits,25,0.7514979282143676,0.8016225166453919,0.2587270077353802,1.445085676986016,0.0682152765171681,False,False,False,False
swo,V,SN2011iy_V_comb_swo.fits,25,0.7506722311319042,0.7742880601451679,0.1045298386456519,1.0089424689294644,0.0261684466920987,False,False,False,False
dup,B,SN2012ar_B_comb_dup.fits,25,0.7494291214179506,0.7445614521607918,0.0690206293605117,0.8798649598759625,0.0274663711080011,False,False,False,False
dup,B,LSQ12gln_B_comb_dup.fits,25,0.7488619371841748,0.7662258802683882,0.0701091336103359,0.991807997551742,0.0167652153595638,False,False,False,False
swo,V,LSQ12btn_V_comb_swo.fits,25,0.7483567274282795,0.7602129284376088,0.0882847357401584,0.9682536216677076,0.0922067112395552,False,False,False,False
swo,V,CSP13an_V_comb_swo.fits,25,0.7475728827682708,0.7930390146001376,0.1806056473245272,1.3884837392925955,0.0396191965350414,False,False,False,False
dup,V,SN05hc_V_comb_dup.fits,19,0.7469973020882007,0.6994259376686491,0.3161664146031382,1.4991019273037565,0.1929501571127626,False,False,False,False
dup,B,SN06ax_B_comb_dup.fits,18,0.7442688776661972,0.6290242753079279,0.2094454381064912,0.9347982211649436,0.0256849422185631,False,False,False,False
swo,V,LSQ12gzm_V_comb_swo.fits,24,0.7427329521278665,0.7403394854024206,0.1875493978099509,1.3510971941939234,0.0713875080981131,False,False,False,False
swo,V,SN2012bo_V_comb_swo.fits,25,0.7412570552175561,0.7711813072798184,0.127599108859326,1.2786940430409317,0.0364064617185293,False,False,False,False
dup,V,SN06fw_V_comb_dup.fits,20,0.7411352227489061,0.6856615468399231,0.3121694465068644,1.1733146362403966,0.37606623083787,False,False,False,False
dup,B,ASAS15da_B_comb_dup.fits,25,0.7381648715712563,0.7874824093114191,0.1647846475105349,1.4743185005105433,0.012010386697426,False,False,False,False
dup,V,LSQ13dpm_V_comb_dup.fits,25,0.7368879520166881,0.7479322581285305,0.067886294993329,1.0579095062654489,0.0141166109581404,False,False,False,False
dup,V,SN06lu_V_comb_dup.fits,25,0.7353246819291851,0.7549304197519807,0.1456118443022636,1.0634047219783864,0.0508533869059168,False,False,False,False
swo,V,PTF13duj_V_comb_swo.fits,25,0.7351557784074431,0.7675162654717722,0.0910681890597451,1.102349857067497,0.065865636703322,False,False,False,False
dup,V,LSQ14gfn_V_comb_dup.fits,24,0.7333942054655929,0.7851146110493049,0.2148603889816063,1.7570951998780835,0.0191434815917966,False,False,False,False
dup,B,SN2011iy_B_comb_dup.fits,25,0.7323007662380131,0.8661877878305454,0.3817985344367833,2.563499605222181,0.0532425662163258,False,False,False,False
dup,V,SN05hj_V_comb_dup.fits,19,0.7314406000621805,0.6194661040291822,0.1937301613065062,0.8835378645694217,0.0682398109284939,False,False,False,False
swo,V,SN2011jt_V_comb_swo.fits,25,0.7303459328824848,0.7835957082376649,0.2177107172487973,1.7447290926870342,0.0259319635814357,False,False,False,False
dup,V,ASAS15da_V_comb_dup.fits,25,0.7282648206785681,0.7644601469472658,0.1461284619545398,1.4144999132480205,0.0312304779857615,False,False,False,False
dup,V,LSQ12fuk_V_comb_dup.fits,25,0.7273728993191746,1.0400402011437535,1.1720295965217764,6.62968911683122,0.02677756345082,False,False,False,False
dup,B,SN2012bo_B_comb_dup.fits,24,0.7260858443904761,0.7207646390679406,0.0957837016046394,0.9395142465960272,0.0137299788000482,False,False,False,False
dup,V,SN06ax_V_comb_dup.fits,22,0.7242660877013625,0.7051975879204901,0.3148155325728334,1.885025767446024,0.0176597799161929,False,False,False,False
dup,V,LSQ12hjm_V_comb_dup.fits,25,0.7211972687706356,0.8474800460362768,0.2834140702594376,1.478937817384863,0.0996843653194777,False,False,False,False
swo,V,ASAS15db_V_comb_swo.fits,25,0.720506923084837,0.7529688993184075,0.1299941120692486,1.2652339863361732,0.0359268417345404,False,False,False,False
dup,B,SN07cg_B_comb_dup.fits,19,0.7204559976421788,0.5765593609099401,0.1786530680168523,0.7540842829062055,0.0498573703369852,False,False,False,False
swo,V,CSP13al_V_comb_swo.fits,25,0.7194879248251724,0.7666566371406408,0.1853952591332653,1.39863016877834,0.1207586257423856,False,False,False,False
dup,B,LSQ12btn_B_comb_dup.fits,25,0.7173677454783814,0.7349726653219011,0.1187983549190352,1.2231850578828587,0.0412534016530036,False,False,False,False
swo,V,LSQ13ry_V_comb_swo.fits,25,0.7166613616390106,0.7371611412420493,0.1178117467267932,1.253664759760686,0.0213672892201691,False,False,False,False
swo,V,SN2012bl_V_comb_swo.fits,25,0.7159305208231876,0.7568970102511929,0.09387892898708,1.0258821465420371,0.0267507549258437,False,False,False,False
swo,V,CSP12M_V_comb_swo.fits,24,0.7149134092138362,0.911474333924633,0.8356846770659225,4.69811029450415,0.0170426416768576,False,False,False,False
dup,B,LSQ12agq_B_comb_dup.fits,25,0.7139719688096574,0.7506962440823838,0.1406782737465599,1.380495398169859,0.0432749418262191,False,False,False,False
swo,V,LSQ13aiz_V_comb_swo.fits,25,0.7122928363436993,0.7322267036548336,0.0555498614960234,0.8906675468611502,0.0289500800381812,False,False,False,False
dup,V,LSQ12hno_V_comb_dup.fits,25,0.7099501953435847,0.7678701533717935,0.1541791661475807,1.198686493959061,0.0144437757358445,False,False,False,False
dup,V,LSQ12btn_V_comb_dup.fits,25,0.7097539318874537,0.7827409705251174,0.180469809707671,1.4646954587760668,0.0663335258427638,False,False,False,False
swo,V,LSQ15aja_V_comb_swo.fits,25,0.7093785558409925,0.7554515220306958,0.1464028108231708,1.2205248010745795,0.0654126584209674,False,False,False,False
swo,V,SN2012ar_V_comb_swo.fits,25,0.7091158778182752,0.7488791909414018,0.2243985972511982,1.8233509484674155,0.02491434375439,False,False,False,False
swo,V,KISS13j_V_comb_swo.fits,25,0.7088357286172307,0.7528432903137877,0.1444117176098339,1.2259617507784353,0.0279120176130165,False,False,False,False
dup,V,ASAS15be_V_comb_dup.fits,25,0.708179904205638,0.739407632357088,0.1675423233542366,1.2978249694754689,0.0518176504426629,False,False,False,False
swo,V,LSQ12hzj_V_comb_swo.fits,25,0.707328835983382,0.7514865046840185,0.0911087633891288,1.0156698793854184,0.033957014288105,False,False,False,False
dup,V,SN2012bo_V_comb_dup.fits,25,0.7062059946277672,0.8124179811144607,0.2837095142612244,2.013127929224652,0.0341156763024311,False,False,False,False
dup,V,LSQ12fxd_V_comb_dup.fits,25,0.7059257065029221,0.8651114610894136,0.8007177969442117,4.698669880266436,0.0295527612812417,False,False,False,False
dup,V,SN2011iy_V_comb_dup.fits,25,0.7056195018479968,0.8091908051239898,0.3625340465942016,2.4832454747143684,0.0729991708709883,False,False,False,False
swo,V,LSQ12agq_V_comb_swo.fits,22,0.7034735218284027,0.6670330122454807,0.2066103798465247,1.374117849370024,0.0512997166591332,False,False,False,False
swo,V,LSQ13vy_V_comb_swo.fits,25,0.7026958425108862,0.761234950464622,0.1630201036718452,1.396855083405692,0.0334215739502062,False,False,False,False
swo,V,CSP13B_V_comb_swo.fits,25,0.6996709043173991,0.7175623974307794,0.0884159759477234,1.0276929431440294,0.0451863231121111,False,False,False,False
swo,V,CSP13U_V_comb_swo.fits,24,0.6984990201637695,0.7295943699913304,0.0920710715564273,1.1338069289229482,0.0348552947139619,False,False,False,False
dup,V,SN2012ar_V_comb_dup.fits,25,0.6978056017310357,0.7377042457071552,0.1313610749834178,1.1981331636598993,0.0275398823092645,False,False,False,False
swo,V,LSQ13dhj_V_comb_swo.fits,25,0.6975612823216292,0.821854575946459,0.2629117044308536,1.5947878034596554,0.0426352360853066,False,False,False,False
swo,V,CSP13aaf_V_comb_swo.fits,25,0.6963019030437848,0.719532657642046,0.0995767915040497,1.0779749587418763,0.0418792089645711,False,False,False,False
dup,V,SN06os_V_comb_dup.fits,22,0.6936206828725078,0.7291191888078171,0.4035606625939368,1.353072310617915,0.570193889701896,False,False,False,False
swo,V,LSQ12hnr_V_comb_swo.fits,25,0.6934454462073141,0.7157174239562984,0.0810602533830736,0.9439398989258458,0.0563802555476311,False,False,False,False
swo,V,LSQ13dpm_V_comb_swo.fits,25,0.6899434260929171,0.7331433942519777,0.1473804239825809,1.3590825332265593,0.0421378333397963,False,False,False,False
dup,V,CSP14aab_V_comb_dup.fits,25,0.6884765806252565,0.814095571994629,0.2915958176843715,1.7949216784941469,0.0572130895190573,False,False,False,False
swo,V,LSQ13abo_V_comb_swo.fits,25,0.6870275875946608,0.7591210851983758,0.1302499517722166,1.0982617956161769,0.0296257947243823,False,False,False,False
swo,V,CSP12G_V_comb_swo.fits,25,0.6838840023712296,0.6848765172668222,0.1348393781738361,1.1042436880534114,0.1044223521488464,False,False,False,False
dup,V,SN07bm_V_comb_dup.fits,24,0.6779711913824789,0.7317232876832723,0.1555078480424525,1.3012562192856545,0.0437693784037203,False,False,False,False
swo,V,PTF14w_V_comb_swo.fits,24,0.6757947284529455,0.7662537146142059,0.2014355381617316,1.3724503298935429,0.0583934560575273,False,False,False,False
dup,V,LSQ12agq_V_comb_dup.fits,25,0.6750374892037354,0.7400034204099306,0.1688753683309188,1.242433577364035,0.0508256327906902,False,False,False,False
swo,V,LSQ13pf_V_comb_swo.fits,25,0.6730757830339689,0.6762840724558751,0.0343291462776298,0.8038556114567071,0.0196268155606298,False,False,False,False
swo,V,LSQ12cda_V_comb_swo.fits,25,0.6640323482137802,0.6798357987895425,0.1046400863256892,1.1705683003504617,0.0208607588332656,False,False,False,False
swo,V,LSQ12blp_V_comb_swo.fits,25,0.657661539302649,0.6885517576037139,0.1335401688649354,1.3187048021522891,0.0219681539631675,False,False,False,False
dup,V,SN06ej_V_comb_dup.fits,21,0.6532940530366834,0.6906163596006758,0.4243594368586265,1.865619021483488,0.222174058629917,False,False,False,False
swo,V,SN2011jh_V_comb_swo.fits,25,0.6509040059725075,0.719811710183874,0.200186243038372,1.4976239762811598,0.0244012973765578,False,False,False,False
swo,V,LSQ12bld_V_comb_swo.fits,25,0.650838972457441,0.6941875813481964,0.143195160009636,1.294071013339784,0.0144084377308523,False,False,False,False
dup,B,LSQ12aor_B_comb_dup.fits,25,0.6501989241289842,0.6837292788414063,0.1275930881853044,1.2218510161909852,0.0344539051927592,False,False,False,False
dup,V,SN07ux_V_comb_dup.fits,22,0.6414907777408578,0.7827322319706113,0.3872904860762993,1.5332533543995976,0.4177263215474674,False,False,False,False
swo,V,CSP12N_V_comb_swo.fits,25,0.6329203501504057,0.7234258981354684,0.2279832585856015,1.5545138629120367,0.028804592806533,False,False,False,False
swo,V,CSP13Z_V_comb_swo.fits,25,0.6325212642519857,0.685400814552885,0.152366675907865,1.3393611242073802,0.0310726231541487,False,False,False,False
dup,V,SN08bz_V_comb_dup.fits,22,0.6239888105634579,0.5686456128821559,0.194953182105943,0.8886570393456859,0.2319249376815119,False,False,False,False
swo,V,LSQ11bk_V_comb_swo.fits,25,0.6166350597901793,0.6126305608829425,0.0868586116004422,0.9346692249483218,0.0208458181616715,False,False,False,False
dup,V,LSQ12aor_V_comb_dup.fits,25,0.6075850768311154,0.6255160937591937,0.0591742608534428,0.8539720952426518,0.0220533838202202,False,False,False,False
swo,V,CSP13ay_V_comb_swo.fits,25,0.6071796502033038,0.6207743311258513,0.0516158281196896,0.8087921922964022,0.0243670650341752,False,False,False,False
swo,V,ASAS15cb_V_comb_swo.fits,24,0.606792872435626,0.6032384340953669,0.0570736997552769,0.6985213512094348,0.050100368573403,False,False,False,False
swo,V,LSQ12hvj_V_comb_swo.fits,25,0.5755787356386388,0.6342117595665102,0.152853063013688,1.2277333610473355,0.0469884309119849,False,False,False,False
dup,B,SN06bd_B_comb_dup.fits,15,0.5161824675752712,0.7468958608661107,0.4230708958902436,1.260487441789392,0.3022887686396043,False,False,False,False
dup,B,KISS13l_B_comb_dup.fits,22,0.5042021835879869,0.91716822238206,0.680483966004392,2.4569807291835075,0.3166505414293575,False,False,False,False
dup,V,SN07nq_V_comb_dup.fits,16,0.4626260362880688,1.00060896895985,0.9369768889012932,3.670873019312461,0.2331554619410145,False,False,False,False
dup,B,SN07ux_B_comb_dup.fits,21,0.445140580028106,0.736374203538535,0.450902610206066,1.9480354787776708,0.1741586129692903,False,False,False,False
dup,B,SN08ar_B_comb_dup.fits,24,0.4064766110156376,0.5575239517375151,0.3150654642839362,1.3183825234835882,0.1521421302727787,False,False,False,False
dup,V,SN08ar_V_comb_dup.fits,17,0.3993512487375966,0.6291431797540828,0.377830989985927,1.4015806207428332,0.1596162590315196,False,False,False,False
dup,B,SN07hx_B_comb_dup.fits,17,0.398751919133273,0.7664108502154632,0.5506344160118798,1.534866605545557,0.1689849845876762,False,False,False,False
dup,B,ASAS14hr_B_comb_dup.fits,23,0.3973755846850063,0.8750661685668131,0.6024102122630802,1.5624206278893982,0.1789416610664543,False,False,False,False
dup,B,SN06os_B_comb_dup.fits,14,0.3960573292225119,0.7396452734210076,0.4990211332748928,1.4115799542250913,0.1574970010777031,False,False,False,False
dup,B,SN07al_B_comb_dup.fits,16,0.3943364720698818,0.6829946506903735,0.5935559436811529,2.3842940105975114,0.1297196096316282,False,False,False,False
dup,B,SN07nq_B_comb_dup.fits,15,0.3608878715622877,0.6201001345551204,0.386923601283529,1.1663373772424568,0.0949660642413485,False,False,False,False
dup,B,SN07ol_B_comb_dup.fits,17,0.3602886506109948,0.821878198048208,0.7420818292278489,2.400829993452512,0.1074181961445634,False,False,False,False
