fname,telescope,filter,plate_scale,n_stars,median,mean,std,max,mad_sigma,iqr_p16_p84,flag_high_scatter,flag_very_soft,flag_few_stars,any_flag
ASAS14ad_B_comb_dup.fits,dup,B,0.23,16,1.1262636626642502,1.1583276541095686,0.15742543013617555,1.7149073488257773,0.06560260870636297,0.10558731374477737,False,False,False,False
ASAS14ad_V_comb_dup.fits,dup,V,0.23,24,0.9783338243947695,0.9873210705241641,0.1233572075780608,1.5428947728039284,0.0355466917794023,0.0613855521140283,False,False,False,False
ASAS14hp_B_comb_dup.fits,dup,B,0.23,24,1.5545714823499868,1.5555078952840218,0.012033419545731892,1.5759526262747179,0.014063771658628729,0.025986236652833394,False,False,False,False
ASAS14hp_V_comb_dup.fits,dup,V,0.23,25,1.3119689673382915,1.3521312392365388,0.17350107651271884,2.167366471722853,0.009675134624882302,0.02327667831948088,False,False,False,False
ASAS14hr_B_comb_dup.fits,dup,B,0.23,23,0.39737558468500633,0.8750661685668131,0.6024102122630802,1.5624206278893982,0.17894139330543754,1.2257572735574507,False,False,False,False
ASAS14hr_V_comb_dup.fits,dup,V,0.23,17,1.628524991339024,1.629695493181708,0.01778075034273302,1.6851061243389567,0.012606158027693338,0.023650461937322786,False,False,False,False
ASAS14hu_B_comb_dup.fits,dup,B,0.23,25,1.358466311988241,1.3724519331010798,0.10202551428757592,1.6014955425542219,0.09038559632003645,0.15714080941105624,False,False,False,False
ASAS14hu_V_comb_dup.fits,dup,V,0.23,25,1.195952034650027,1.2026644491138159,0.13776634984589298,1.5333968922358818,0.06662403346850926,0.181311756336483,False,False,False,False
ASAS14hu_V_comb_swo.fits,swo,V,0.43,25,1.6183154397778745,1.7743223101511634,0.7377471286197768,5.237920806886801,0.16262177126872865,0.293285790600889,False,False,False,False
ASAS14jc_B_comb_dup.fits,dup,B,0.23,25,1.0463925332801107,1.081727271281108,0.11765469722437073,1.606710756144861,0.0333118758232121,0.08613989101932562,False,False,False,False
ASAS14jc_V_comb_dup.fits,dup,V,0.23,25,0.9288113020023651,0.974188741530992,0.11924524532439996,1.3026366294893716,0.03444469893757882,0.09982670951085593,False,False,False,False
ASAS14jc_V_comb_swo.fits,swo,V,0.43,25,2.3581480680050215,2.3513029776564314,0.39624701025348674,3.0664330352933233,0.39522997942944454,0.7743248756722751,False,True,False,True
ASAS14jg_B_comb_dup.fits,dup,B,0.23,21,1.414476366461242,1.5128268970998067,0.41507355442447297,3.3141425486447926,0.028942258899924425,0.05610009133164784,False,False,False,False
ASAS14jg_V_comb_dup.fits,dup,V,0.23,25,1.3768168455240868,1.4284339379616648,0.2048155648505329,2.197465380444263,0.11810053962025989,0.23560570858583896,False,False,False,False
ASAS14jz_B_comb_dup.fits,dup,B,0.23,25,1.546377914972275,1.5449776821806287,0.05020862760255262,1.6919258530917018,0.013340368469652772,0.040222826535087464,False,False,False,False
ASAS14jz_V_comb_dup.fits,dup,V,0.23,25,1.3609088324159508,1.4154947665557855,0.24212793106153863,2.5687710725807946,0.03530761900261228,0.06396641603951858,False,False,False,False
ASAS14jz_V_comb_swo.fits,swo,V,0.43,25,1.6398891956682908,1.8537083130170355,0.46808834207183087,2.993331488944069,0.13432909475551275,0.8091253067951989,False,False,False,False
ASAS14kd_V_comb_swo.fits,swo,V,0.43,25,1.7291158901531969,1.8153893054260044,0.21812917175260538,2.491248593332434,0.06946800438186641,0.2753758511355491,False,False,False,False
ASAS14kq_B_comb_dup.fits,dup,B,0.23,19,1.2977835843507926,1.297542153621951,0.01154153976804442,1.3171035169326248,0.013527110747396277,0.021863413819479094,False,False,False,False
ASAS14kq_V_comb_dup.fits,dup,V,0.23,24,1.2206041194772,1.2805004058154632,0.20826581093577806,2.141378697061776,0.02202619839186979,0.03675309543493266,False,False,False,False
ASAS14lo_V_comb_swo.fits,swo,V,0.43,25,1.77764615391638,1.805608338953062,0.1240511850504294,2.215517627903812,0.11031848161836924,0.18905053029409258,False,False,False,False
ASAS14lp_V_comb_swo.fits,swo,V,0.43,25,1.571226101848693,1.7319023036518717,0.7537356401199424,5.246011560114118,0.12811691448319149,0.2207683251568151,False,False,False,False
ASAS14lq_B_comb_dup.fits,dup,B,0.159,18,1.1911474855683637,1.2326503143205323,0.18862269048467448,1.9872765141183935,0.011380096550478318,0.021616009741539433,False,False,False,False
ASAS14lq_V_comb_dup.fits,dup,V,0.159,20,1.134856229943566,1.1994899816141509,0.2034332586424758,1.905761537535882,0.009593722607854342,0.017090575872900304,False,False,False,False
ASAS14lq_V_comb_swo.fits,swo,V,0.159,15,2.1359455166368972,2.116380645123105,0.06374597544414536,2.196866593153237,0.042778023746946434,0.11247968815298925,False,True,False,True
ASAS14lt_B_comb_dup.fits,dup,B,0.23,18,1.2014596050742241,1.277180865735652,0.3064899433283384,2.5022610266518064,0.01784240411580217,0.054274616096857686,False,False,False,False
ASAS14lt_V_comb_dup.fits,dup,V,0.23,22,1.409365536341359,1.4694420333420093,0.2679324785627144,2.667613036369331,0.010726828652136883,0.027435350817146986,False,False,False,False
ASAS14lt_V_comb_swo.fits,swo,V,0.43,25,1.4790478756608023,1.6874300411465248,0.4223342583063603,3.0951164828181237,0.0949867085165221,0.6654726069887682,False,False,False,False
ASAS14lw_V_comb_swo.fits,swo,V,0.43,25,1.4117517122004652,1.6369929598258144,0.45138931296625256,3.1087546774056696,0.08517597790864262,0.6261285466236342,False,False,False,False
ASAS14me_B_comb_dup.fits,dup,B,0.23,20,1.6718728296254097,1.678780409663028,0.030254328339292962,1.7719736563301942,0.01717313467291251,0.027352975016483816,False,False,False,False
ASAS14me_V_comb_dup.fits,dup,V,0.23,24,1.5995892289458484,1.610752669473426,0.03425603650835019,1.7246445448072305,0.02584871883991751,0.04980364462906062,False,False,False,False
ASAS14me_V_comb_swo.fits,swo,V,0.43,25,1.6644323796849188,1.6997008396212836,0.13833412343390505,2.272035980926905,0.05470153499296026,0.11345001006928457,False,False,False,False
ASAS14mf_B_comb_dup.fits,dup,B,0.23,18,0.957184282610518,0.9508224447444515,0.01993606603667489,0.9811381415994498,0.01948468687509597,0.03334842697893081,False,False,False,False
ASAS14mf_V_comb_dup.fits,dup,V,0.23,20,0.8574465788954793,0.866384830375672,0.0923372713982708,1.0876389381363,0.024734149945008138,0.08587296560696822,False,False,False,False
ASAS14mw_V_comb_swo.fits,swo,V,0.159,25,1.7402453362162342,1.7386827569732555,0.11655067373155709,2.0526390613680703,0.1216467474123423,0.21815927088889175,False,False,False,False
ASAS14my_B_comb_dup.fits,dup,B,0.23,19,1.2440670157036633,1.486718495970497,0.5595871332854379,3.1433012948412205,0.02126357776283917,0.46403945240077804,False,False,False,False
ASAS14my_V_comb_dup.fits,dup,V,0.23,22,1.287744963832758,1.6321155404262948,0.6615676106538535,3.393969107325333,0.022261877087693352,0.9397298490938848,False,False,False,False
ASAS15aj_B_comb_dup.fits,dup,B,0.23,25,1.2013628674967525,1.2996324913169213,0.5797809507283078,3.8521660743604587,0.24952021994411722,0.5619403443326351,False,False,False,False
ASAS15aj_V_comb_dup.fits,dup,V,0.23,25,1.1085841410811508,1.2485205572331166,0.41745031225511603,2.5205754898865527,0.2820694290087777,0.7208846231183627,False,False,False,False
ASAS15aj_V_comb_swo.fits,swo,V,0.43,25,1.5911748289268726,1.7176738687213087,0.2753972219261369,2.530725409745238,0.09837301887550846,0.4323620292377206,False,False,False,False
ASAS15al_B_comb_dup.fits,dup,B,0.23,25,0.759389103507723,0.7780143835762924,0.08198311331223936,1.0644670095859292,0.019232106115082727,0.03701640763665626,False,False,False,False
ASAS15al_V_comb_dup.fits,dup,V,0.23,25,0.7699072029891014,0.7817642441591679,0.04529304830017622,0.9102581638187339,0.03148836007901129,0.07172662206566272,False,False,False,False
ASAS15al_V_comb_swo.fits,swo,V,0.43,25,1.8137919630619044,1.8137494993924292,0.2019922002587548,2.1268000864700376,0.2285060645237172,0.3906650665826845,False,False,False,False
ASAS15as_B_comb_dup.fits,dup,B,0.23,25,1.2315957612932011,1.3995543085062407,0.4239601383046568,2.631960346866667,0.042307187104740504,0.2762117862006792,False,False,False,False
ASAS15as_V_comb_dup.fits,dup,V,0.23,25,0.9772251819903983,1.053877188282468,0.24788514003407183,2.1370852203141713,0.04553406640856621,0.1544593966162161,False,False,False,False
ASAS15as_V_comb_swo.fits,swo,V,0.43,25,2.000116555026766,2.1456617020615445,0.4521022201677817,3.6382707928919005,0.11406003377196396,0.2353423997717461,False,True,False,True
ASAS15ba_B_comb_dup.fits,dup,B,0.23,16,1.034471966055861,1.0339539817168002,0.018054345216854197,1.0645077368489806,0.019359172487870595,0.03927573598759149,False,False,False,False
ASAS15ba_V_comb_dup.fits,dup,V,0.23,23,0.9671951848838061,1.0476008710893614,0.27926545407070025,1.9550411651450315,0.03490211806467666,0.0668498416941753,False,False,False,False
ASAS15ba_V_comb_swo.fits,swo,V,0.43,25,2.110402542293115,2.132451636995219,0.08034532726520913,2.478015085306085,0.03346334031855345,0.06341330751687568,False,True,False,True
ASAS15be_B_comb_dup.fits,dup,B,0.23,18,0.8932018478513322,0.9018399589678333,0.06775084750229084,1.1457274615439557,0.03487735337590461,0.054968596030671835,False,False,False,False
ASAS15be_V_comb_dup.fits,dup,V,0.23,25,0.708179904205638,0.739407632357088,0.16754232335423663,1.2978249694754689,0.05181757290484033,0.09799141401319766,False,False,False,False
ASAS15be_V_comb_swo.fits,swo,V,0.43,24,2.354769433344863,2.354402246385819,0.0385448700499312,2.45017902337335,0.03830221342858806,0.07366819057763951,False,True,False,True
ASAS15bm_V_comb_swo.fits,swo,V,0.43,25,1.6596831834663992,1.717306310762597,0.17665782074622383,2.198877582919619,0.10295220608846446,0.22071554387096404,False,False,False,False
ASAS15cb_B_comb_dup.fits,dup,B,0.23,15,1.146832342331465,1.1545199456997506,0.022872436249995395,1.2006660598494179,0.018204593154112304,0.03720854903604409,False,False,False,False
ASAS15cb_V_comb_dup.fits,dup,V,0.23,22,0.9798094190247916,1.0767650261239956,0.23287018577140753,1.8598322254432418,0.026141378747250872,0.26734265394749446,False,False,False,False
ASAS15cb_V_comb_swo.fits,swo,V,0.43,24,1.1344388484666048,1.1277935941782946,0.10670300389030046,1.3059312218263346,0.09366576630546913,0.14098234071013027,False,False,False,False
ASAS15cd_B_comb_dup.fits,dup,B,0.23,25,0.9676867973842368,1.0640912378263805,0.2874793414970631,1.95441147913998,0.05675323925717673,0.1965186006203038,False,False,False,False
ASAS15cd_V_comb_dup.fits,dup,V,0.23,25,0.9025596065082685,1.012514845746517,0.2747479641223228,1.7497066743997556,0.03516238805980914,0.4068056885987623,False,False,False,False
ASAS15da_B_comb_dup.fits,dup,B,0.23,25,0.7381648715712563,0.7874824093114191,0.1647846475105349,1.4743185005105433,0.012010368725572327,0.03495470461403549,False,False,False,False
ASAS15da_V_comb_dup.fits,dup,V,0.23,25,0.7282648206785681,0.7644601469472658,0.14612846195453982,1.4144999132480203,0.03123043125374587,0.05263370822567037,False,False,False,False
ASAS15da_V_comb_swo.fits,swo,V,0.43,25,1.7826942045723284,1.9422550475923293,0.39322862830116034,3.128415221248482,0.14338861969508085,0.4094591660382172,False,False,False,False
ASAS15db_V_comb_swo.fits,swo,V,0.43,25,1.347034682289043,1.4077244639431095,0.2430324703903344,2.3654374527154545,0.06716747317079645,0.1359673423199672,False,False,False,False
ASAS15dd_B_comb_dup.fits,dup,B,0.23,25,1.613199975714066,1.6816186166808405,0.2656050246347637,2.661262853367125,0.023183729623223903,0.049012246044704666,False,False,False,False
ASAS15dd_V_comb_dup.fits,dup,V,0.23,25,1.3303058136453199,1.3692189777426116,0.15676337627282008,2.1110922986035856,0.019461776232911468,0.05215630847929953,False,False,False,False
ASAS15dd_V_comb_swo.fits,swo,V,0.43,25,1.6604805950742243,1.6872407848028852,0.11560423662469471,2.000706962774028,0.10181606836912266,0.23811915098088332,False,False,False,False
ASAS15eb_B_comb_dup.fits,dup,B,0.23,25,1.0588669982190884,1.169512548935058,0.32066068173510803,2.6161875399745367,0.08104282169276533,0.2643517565757125,False,False,False,False
ASAS15eb_V_comb_dup.fits,dup,V,0.23,25,0.9693363504576082,1.1459380131319858,0.400009611832074,2.8029090990409125,0.058201579972706446,0.38175425270309915,False,False,False,False
ASAS15eb_V_comb_swo.fits,swo,V,0.43,25,2.017247233806099,2.136081296871893,0.6976100559065996,4.884419353000567,0.2863907680251554,0.6208153478855085,False,True,False,True
ASAS15fr_B_comb_dup.fits,dup,B,0.23,25,0.8525875477212029,0.8760278464530845,0.05721234578516937,1.0261033542792022,0.03682974544652079,0.0713611152186342,False,False,False,False
ASAS15fr_V_comb_dup.fits,dup,V,0.23,25,0.7683716528580216,0.820183237554163,0.12760205415339862,1.1761782912025294,0.02263357833426051,0.062451259825783145,False,False,False,False
ASAS15fr_V_comb_swo.fits,swo,V,0.43,25,1.5061805586805148,1.547685633164165,0.16125180439024053,2.1298679584396805,0.08292482673933582,0.16586132920316832,False,False,False,False
ASAS15ga_B_comb_dup.fits,dup,B,0.23,19,1.1861990169835022,1.2055948652381596,0.09989003193732886,1.4510058799942664,0.053910003533356315,0.1395957373630783,False,False,False,False
ASAS15ga_V_comb_dup.fits,dup,V,0.23,23,1.1777885589029042,1.2383499219644722,0.26124813890868437,2.361615999073649,0.09440293957932999,0.19650572766357222,False,False,False,False
ASAS15ga_V_comb_swo.fits,swo,V,0.43,24,1.8139851680260806,1.926314351466347,0.4729489251952858,4.096873518376677,0.06596140053885546,0.11975686326400692,False,False,False,False
ASAS15go_B_comb_dup.fits,dup,B,0.23,25,1.1289395069993096,1.155595205548976,0.08573337680907932,1.4590463454810274,0.02633412821124031,0.07171465699501622,False,False,False,False
ASAS15go_V_comb_dup.fits,dup,V,0.23,25,1.0894284318141672,1.1668372256037143,0.24642257033710607,1.989923497629836,0.06905950829764863,0.19023752914357783,False,False,False,False
ASAS15go_V_comb_swo.fits,swo,V,0.43,25,1.4176695171555773,1.4765996890252666,0.20628207964506187,2.0688972889319546,0.15110755543222004,0.34710973022552993,False,False,False,False
ASAS15gr_B_comb_dup.fits,dup,B,0.23,25,1.1229828594756357,1.164521013413955,0.1700309073674896,1.7902044236038595,0.08211961999229009,0.2241702027028416,False,False,False,False
ASAS15gr_V_comb_dup.fits,dup,V,0.23,25,1.13530584240237,1.1916180124630342,0.2932156248846344,2.2414463142412786,0.13810701398693417,0.28877947138201276,False,False,False,False
ASAS15gr_V_comb_swo.fits,swo,V,0.43,25,1.9624798539368176,2.1575917301647203,0.5093279103120294,4.067746362972633,0.23344623960592062,0.5880422871154432,False,False,False,False
ASAS15hf_B_comb_dup.fits,dup,B,0.23,25,1.1565571613074659,1.1598866058354056,0.05116522950596739,1.3148805882418746,0.03637281896238953,0.06283025129262376,False,False,False,False
ASAS15hf_V_comb_dup.fits,dup,V,0.23,25,1.124272237042296,1.2029081171221785,0.22734318208619034,1.9637416300415609,0.08526358467581424,0.28312038623886626,False,False,False,False
ASAS15hf_V_comb_swo.fits,swo,V,0.43,25,1.8144329522622256,1.981816598120207,0.4846272690917688,4.01681646994396,0.14741568444127975,0.52292371933396,False,False,False,False
ASAS15hg_B_comb_dup.fits,dup,B,0.23,25,1.2166558511189773,1.2874969517000077,0.1815984234537442,1.9194431375527847,0.05223484342689406,0.3267478446778349,False,False,False,False
ASAS15hg_V_comb_dup.fits,dup,V,0.23,25,1.1392635246144915,1.2538331580642108,0.24703976139656061,1.9081675680024692,0.04553671478863,0.2528774336579953,False,False,False,False
ASAS15hg_V_comb_swo.fits,swo,V,0.43,25,1.680285906996444,1.710325388454935,0.2927266370651723,2.223376076939987,0.15040006337983183,0.5053559911419843,False,False,False,False
ASAS15hx_B_comb_dup.fits,dup,B,0.23,25,0.864633813995665,0.9764471272077018,0.4531487660762568,3.1281523609372885,0.02551350305459497,0.12599183745047682,False,False,False,False
ASAS15hx_V_comb_dup.fits,dup,V,0.23,25,0.9251056799179233,0.9726615841326427,0.10836502893153405,1.2769299373463088,0.04135475590192594,0.1874295677208685,False,False,False,False
ASAS15hx_V_comb_swo.fits,swo,V,0.43,25,1.6382336085541045,1.683534001703541,0.1701997061227331,2.2648188616248044,0.09820653541116818,0.2488051663217472,False,False,False,False
CSP12F_B_comb_dup.fits,dup,B,0.23,21,0.99425564696301,1.032312837264085,0.16709487146350815,1.7481646901129255,0.02868767510482258,0.06158621477939408,False,False,False,False
CSP12F_V_comb_dup.fits,dup,V,0.23,25,0.892010304445829,0.9529022511922198,0.17368418988632467,1.5844222105749766,0.030330369431413755,0.12441646141236096,False,False,False,False
CSP12F_V_comb_swo.fits,swo,V,0.43,25,1.8877292287712548,1.8760529888243982,0.07655565520752058,2.076552375363629,0.04857681713520585,0.12995458941975802,False,False,False,False
CSP12G_B_comb_dup.fits,dup,B,0.23,24,0.9761050806423721,1.010367504710517,0.13399923614965667,1.3088345298039556,0.06257568235593013,0.21145574733787664,False,False,False,False
CSP12G_V_comb_dup.fits,dup,V,0.23,25,1.2312845326535846,1.144886083041022,0.1822001208549766,1.3511573689236853,0.07631104339570823,0.3807014522757257,False,False,False,False
CSP12G_V_comb_swo.fits,swo,V,0.43,24,1.2830045224013076,1.3096374505892143,0.2098703037587237,2.0644555907085516,0.1945954982506026,0.28356303662668236,False,False,False,False
CSP12J_B_comb_dup.fits,dup,B,0.23,25,1.1436752479850667,1.1936080659503765,0.2233035466058379,2.193798882227483,0.06653020279329758,0.13598457012529086,False,False,False,False
CSP12J_V_comb_dup.fits,dup,V,0.23,25,1.1847654604526388,1.237423642809421,0.1688556516501196,1.8159748461906986,0.08306043030672378,0.14966743900471657,False,False,False,False
CSP12K_V_comb_swo.fits,swo,V,0.159,25,1.4092372489249338,1.7429033396895948,0.67556593000261,3.952819664325291,0.2142544265866682,0.9849934918679666,False,False,False,False
CSP12M_B_comb_dup.fits,dup,B,0.23,25,1.4450297654322153,1.6437663276710446,0.3644293106470519,2.5526785061365005,0.06442028272012965,0.7808991540877279,False,False,False,False
CSP12M_V_comb_dup.fits,dup,V,0.23,25,1.1237844338827312,1.2961942243425006,0.3292859065917559,2.0538385584618575,0.03151095996589957,0.7144492330742591,False,False,False,False
CSP12M_V_comb_swo.fits,swo,V,0.43,24,1.3365772433128242,1.7040607112504007,1.562367004949333,8.783423594072975,0.031862282414023134,0.41954464933603086,False,False,False,False
CSP12N_B_comb_dup.fits,dup,B,0.23,25,0.9930263480370844,1.0040556510028105,0.0654619961113121,1.2570095038972784,0.03352785627705173,0.0900499361335465,False,False,False,False
CSP12N_V_comb_dup.fits,dup,V,0.23,25,0.9642819115727446,0.9703089773630973,0.038846472125767535,1.0759308688340414,0.03560244514604241,0.07347018763904956,False,False,False,False
CSP12N_V_comb_swo.fits,swo,V,0.43,25,1.1832858720203236,1.3524918965141364,0.4262295703991681,2.9062650480529384,0.05385198423017646,0.45573840018678125,False,False,False,False
CSP13B_B_comb_dup.fits,dup,B,0.23,25,1.299723610079362,1.3196106934069247,0.09954562797674858,1.7695215798204378,0.032413818815334984,0.07790157914977236,False,False,False,False
CSP13B_V_comb_dup.fits,dup,V,0.23,25,1.141733567758784,1.2004218564200715,0.19714670879811774,1.9941903691887222,0.05077038661390298,0.10523188017627039,False,False,False,False
CSP13B_V_comb_swo.fits,swo,V,0.43,25,1.3080803863325288,1.3415296995445007,0.16529943329356986,1.9213389806605765,0.08447865158160346,0.22966565922570625,False,False,False,False
CSP13C_V_comb_swo.fits,swo,V,0.43,25,1.8267268321111314,1.8691590707185477,0.4185344909841841,2.836936291432953,0.25515547615265005,0.7373406485868468,False,False,False,False
CSP13G_V_comb_swo.fits,swo,V,0.43,25,1.5244189886807593,1.7002964393266555,0.34590101288294073,2.6697140618943167,0.04417087937913485,0.6635386597743684,False,False,False,False
CSP13M_B_comb_dup.fits,dup,B,0.23,17,1.0235163093807187,1.0902347865409723,0.23014299540403613,1.689409395688759,0.04114465939367192,0.24136815727511995,False,False,False,False
CSP13M_V_comb_dup.fits,dup,V,0.23,21,0.9462783898973699,0.9603434939976171,0.11231615322017663,1.4338118515480953,0.03267779357529153,0.055512499805400406,False,False,False,False
CSP13N_B_comb_dup.fits,dup,B,0.23,24,1.3622543005279582,1.3941579451076327,0.18251908318847088,2.225455616552097,0.025204060423938402,0.06265898579495577,False,False,False,False
CSP13N_V_comb_dup.fits,dup,V,0.23,25,1.1967454863396756,1.2448120823038051,0.17757227573966147,2.057058700612216,0.03585981410539811,0.0974176745908657,False,False,False,False
CSP13P_B_comb_dup.fits,dup,B,0.23,25,1.4699294633063722,1.4706594329846265,0.018250856732390276,1.501594380588786,0.020830942777843052,0.04315406576283931,False,False,False,False
CSP13P_V_comb_dup.fits,dup,V,0.23,25,1.3447923701303657,1.374935781819827,0.1467751719616168,2.06330295874605,0.021447970549562843,0.04479557530319189,False,False,False,False
CSP13P_V_comb_swo.fits,swo,V,0.43,25,1.5580985448331603,1.609035325480202,0.20773710400891587,2.158360419439868,0.14182688835442867,0.33568285613036,False,False,False,False
CSP13Q_B_comb_dup.fits,dup,B,0.23,25,1.0986236849767776,1.1057819784003078,0.0414345961258158,1.172870052418314,0.05976692609081752,0.08630492755201336,False,False,False,False
CSP13Q_V_comb_dup.fits,dup,V,0.23,25,1.0649240802743378,1.0763185709846976,0.0308338123536956,1.1404036586008448,0.02828868513746295,0.05938185862392431,False,False,False,False
CSP13Q_V_comb_swo.fits,swo,V,0.43,25,1.5944596574687746,1.643557583443932,0.17540661021991877,2.272925559952336,0.09894276926402283,0.19025760531064928,False,False,False,False
CSP13U_B_comb_dup.fits,dup,B,0.23,14,1.3784751815538763,1.3730701567618362,0.019214740924267757,1.4020133013804132,0.017286063429270183,0.029613171875087607,False,False,False,False
CSP13U_V_comb_dup.fits,dup,V,0.23,19,1.3914452071172556,1.3921408781080113,0.017683844657165926,1.430544559294631,0.013992395970772521,0.03256485830518363,False,False,False,False
CSP13U_V_comb_swo.fits,swo,V,0.43,24,1.3058894724800907,1.3640242569403132,0.17213287290984233,2.119725997551599,0.06516414913002028,0.13863071964416007,False,False,False,False
CSP13Y_B_comb_dup.fits,dup,B,0.23,25,0.830760896925494,0.8607206020649469,0.0974428472213798,1.2395610182097032,0.02186372173317626,0.08485759248647684,False,False,False,False
CSP13Y_V_comb_dup.fits,dup,V,0.23,25,0.7685723501788503,0.8133750120171901,0.12337294979492362,1.2042394116902015,0.021171002137106765,0.05193945290317048,False,False,False,False
CSP13Y_V_comb_swo.fits,swo,V,0.43,25,1.42112022498104,1.5776414684308575,0.3454697759211562,2.348045792151477,0.0647870740548065,0.6034175916188464,False,False,False,False
CSP13Z_V_comb_swo.fits,swo,V,0.43,25,1.1825397549058865,1.2814015228597415,0.2848594375668783,2.5040229713442326,0.058092208535158125,0.18363423529292922,False,False,False,False
CSP13aad_B_comb_dup.fits,dup,B,0.23,25,1.2684589746284678,1.2843977748856295,0.054605487907458616,1.4367584241576659,0.05015277948220093,0.10003849051375768,False,False,False,False
CSP13aad_V_comb_dup.fits,dup,V,0.23,25,1.2138713044902114,1.2252291571948202,0.07500289412066795,1.4040944434221512,0.060217080886026626,0.1561128413790962,False,False,False,False
CSP13aad_V_comb_swo.fits,swo,V,0.43,25,1.4626989035873579,1.463933790237551,0.044298601278427545,1.5464370240017198,0.058024095238124414,0.09221915210084353,False,False,False,False
CSP13aae_V_comb_dup.fits,dup,V,0.159,25,1.031038335102952,1.0664920029435314,0.14151231320479407,1.7148937616531335,0.05207377648494375,0.0948560401566384,False,False,False,False
CSP13aaf_B_comb_dup.fits,dup,B,0.23,17,1.1745637396732733,1.2930099648643105,0.2599106529969765,1.9136810129886028,0.06434964578032816,0.4399520177495757,False,False,False,False
CSP13aaf_V_comb_dup.fits,dup,V,0.23,23,1.0286984434042121,1.1859883249965018,0.5163620552491744,3.2626662878677974,0.08259819988982356,0.4529310707504093,False,False,False,False
CSP13aaf_V_comb_swo.fits,swo,V,0.43,25,1.3017818187340322,1.3452132295046948,0.18616530585539737,2.0153444880826386,0.07829579525320828,0.1857696435106937,False,False,False,False
CSP13aam_B_comb_dup.fits,dup,B,0.23,25,1.277573551732635,1.2882838206126792,0.06755478566419437,1.4963719819492298,0.058844810197485276,0.12537471917945076,False,False,False,False
CSP13aam_V_comb_dup.fits,dup,V,0.23,25,1.1943246841370427,1.2213168129945362,0.06645875786561058,1.3754366890848293,0.04974814280553779,0.13623027652334674,False,False,False,False
CSP13aam_V_comb_swo.fits,swo,V,0.43,25,1.6800256060475616,1.7028115670558213,0.14684988012206704,2.0683105014776113,0.1558630309864817,0.26297784364075594,False,False,False,False
CSP13aao_B_comb_dup.fits,dup,B,0.23,25,1.3315269925278634,1.3172908112946065,0.31171854894314005,2.498234964253821,0.08981077145499033,0.5095535124875984,False,False,False,False
CSP13aao_V_comb_dup.fits,dup,V,0.23,25,1.153446454628614,1.2311697856791641,0.37993218351840513,2.834658747238699,0.047232549746971934,0.12108806243579595,False,False,False,False
CSP13aao_V_comb_swo.fits,swo,V,0.43,25,2.3009141822046044,2.343852958304483,0.4957244119843282,3.400934040788783,0.6371860465738458,0.977920749866193,True,True,False,True
CSP13aap_B_comb_dup.fits,dup,B,0.159,13,0.9090113312565227,1.103476330330416,0.39353419891687325,1.8682929992544166,0.039722264990408464,0.8389085979636899,False,False,False,False
CSP13aap_V_comb_dup.fits,dup,V,0.159,22,0.83554966047352,1.0227320815149847,0.34227364370153673,1.7270961802838734,0.039108992695128,0.7386429617871371,False,False,False,False
CSP13aaq_B_comb_dup.fits,dup,B,0.23,25,1.5569261955800255,1.5189013936401232,0.15805250062362744,1.695471588231625,0.06290807833529752,0.1481781283517789,False,False,False,False
CSP13aaq_V_comb_dup.fits,dup,V,0.23,25,1.2493324674064779,1.2884296608072285,0.16922654724494796,2.0185811370619837,0.025988109893921578,0.08389991665018082,False,False,False,False
CSP13aaw_B_comb_dup.fits,dup,B,0.159,17,1.5154996060266677,1.5232819455849005,0.0273884431745723,1.5949693085124155,0.011761899958490767,0.04018491560891779,False,False,False,False
CSP13aaw_V_comb_dup.fits,dup,V,0.159,25,1.267916914898435,1.411316858092809,0.34687890805834215,2.422103058039558,0.023129202886746848,0.6629571034494386,False,False,False,False
CSP13aax_B_comb_dup.fits,dup,B,0.23,24,0.9792322582350291,1.044581383292126,0.237901929885059,2.1072040583960834,0.027079376428297445,0.06608559442900919,False,False,False,False
CSP13aax_V_comb_dup.fits,dup,V,0.23,25,0.9066466325072813,1.0238658206075804,0.2933555715295621,2.0238754631700173,0.030002660557278852,0.17431882048294245,False,False,False,False
CSP13aay_B_comb_dup.fits,dup,B,0.23,24,1.0836540163629471,1.136334967230509,0.21422757986958113,1.9947981596688042,0.08711322840367512,0.16277299574916282,False,False,False,False
CSP13aay_V_comb_dup.fits,dup,V,0.23,25,1.0223308145665324,1.116318921492815,0.27285474307733504,1.9764613024206084,0.0443890266366675,0.0985454060313572,False,False,False,False
CSP13ab_V_comb_swo.fits,swo,V,0.43,25,1.539945045072181,1.64486943628174,0.34153416752512633,3.0050102903810005,0.09541878179451879,0.27916778828915945,False,False,False,False
CSP13aba_B_comb_dup.fits,dup,B,0.23,13,1.3017633910131452,1.4478239987147552,0.4790943895317638,2.9951941176212356,0.03804907554780444,0.11052383496128848,False,False,False,False
CSP13aba_V_comb_dup.fits,dup,V,0.23,18,1.1746824380864163,1.2837143505992685,0.3063703861655684,2.2130409298941482,0.043184104868707496,0.19456841009697046,False,False,False,False
CSP13abl_B_comb_dup.fits,dup,B,0.23,25,1.1103840725341931,1.1243528753793806,0.04705072577751349,1.2453470339228794,0.038023019536732275,0.08154209355292608,False,False,False,False
CSP13abl_V_comb_dup.fits,dup,V,0.23,24,0.9259534357741224,0.953748358597661,0.0827634583118721,1.2493545733972014,0.050640311154242015,0.08821488354341434,False,False,False,False
CSP13abl_V_comb_swo.fits,swo,V,0.43,25,1.9396512060146085,2.0562749327318146,0.3498202515117139,2.9532199001847648,0.2286788086540375,0.6206684890924503,False,False,False,False
CSP13abm_V_comb_dup.fits,dup,V,0.23,25,1.1380758026567153,1.1573939321515914,0.09650262677840754,1.6067005514209585,0.029987234596777997,0.0505239145376406,False,False,False,False
CSP13abs_B_comb_dup.fits,dup,B,0.23,25,1.370825681858843,1.403994985662417,0.14825621881335216,2.1019186537432586,0.017100658716161985,0.057587548599086213,False,False,False,False
CSP13abs_V_comb_dup.fits,dup,V,0.23,25,1.0974524843892515,1.1273727758664334,0.11685203328589341,1.4563383753467485,0.04653813571290175,0.10600020892333917,False,False,False,False
CSP13ag_B_comb_dup.fits,dup,B,0.23,25,1.1570412816195839,1.1641412024394406,0.035165645144003575,1.2549500538594753,0.024504396018536396,0.06305245243307245,False,False,False,False
CSP13ag_V_comb_dup.fits,dup,V,0.23,25,1.1169619319432535,1.1560438513237967,0.13831566007746152,1.7940710740631216,0.03895486632986528,0.08103861471749974,False,False,False,False
CSP13al_V_comb_dup.fits,dup,V,0.23,25,1.2069894350167414,1.25576681776839,0.12544932264884526,1.7195672788585947,0.02298925450413383,0.11240443454375715,False,False,False,False
CSP13al_V_comb_swo.fits,swo,V,0.43,25,1.3451295985861917,1.4333145824803284,0.3466085279448003,2.6148303155421138,0.22576578856069776,0.5758441957376821,False,False,False,False
CSP13am_B_comb_dup.fits,dup,B,0.23,25,1.3573753852637769,1.340974470418651,0.25151660567984313,2.216083232916291,0.12225951245486928,0.3611766949642137,False,False,False,False
CSP13am_V_comb_dup.fits,dup,V,0.23,25,1.4430323163720709,1.4095118636598625,0.27057060921574594,2.1541384388838507,0.09645483990122032,0.45972037643675323,False,False,False,False
CSP13an_B_comb_dup.fits,dup,B,0.23,25,1.3922379391329924,1.4435000039602037,0.20526541892739267,2.3663067357489624,0.020885251993215684,0.045452190711799956,False,False,False,False
CSP13an_V_comb_dup.fits,dup,V,0.23,25,1.2589280352539327,1.3711195287310114,0.31826993632669964,2.4751937797820327,0.017254673114563402,0.08035004496218989,False,False,False,False
CSP13an_V_comb_swo.fits,swo,V,0.43,25,1.397636259088506,1.4826381577306922,0.33765403630237684,2.5958609038948524,0.07407056094656535,0.41479419979735543,False,False,False,False
CSP13ay_V_comb_swo.fits,swo,V,0.43,25,1.1351619547279157,1.1605780973222437,0.09649915691941971,1.5120897508150128,0.04555574906993585,0.10548416819731865,False,False,False,False
CSP13bf_B_comb_dup.fits,dup,B,0.23,25,1.0949731824502424,1.118414390275457,0.10859704669781635,1.6272903353898123,0.023309796005783038,0.05664287457594108,False,False,False,False
CSP13bf_V_comb_dup.fits,dup,V,0.23,25,1.1363783063977158,1.1729347939682462,0.11579764265595252,1.6941411682385645,0.04039834457422232,0.06285675641432698,False,False,False,False
CSP13bf_V_comb_swo.fits,swo,V,0.43,25,1.613090235665556,1.6977360590451867,0.22723786988559586,2.569502371788066,0.022301568436159085,0.07772232805806634,False,False,False,False
CSP13bh_B_comb_dup.fits,dup,B,0.23,23,0.94977364971255,1.08921881309989,0.2611576933398233,1.6496072704984148,0.08226326666242186,0.549062218696238,False,False,False,False
CSP13bh_V_comb_dup.fits,dup,V,0.23,25,0.996577837000999,1.1332394993131627,0.2861996138025675,1.711252107802329,0.14563934836951012,0.6054133249640431,False,False,False,False
CSP13bh_V_comb_swo.fits,swo,V,0.43,25,1.4707683047188276,1.522781571459569,0.19463585795961977,2.0765493478483994,0.15806054005514447,0.2825044178968812,False,False,False,False
CSP14aaa_B_comb_dup.fits,dup,B,0.23,12,1.149977334592953,1.1521473474132478,0.03212357107417462,1.1948685804852155,0.03991321085545967,0.06568664854739481,False,False,False,False
CSP14aaa_V_comb_dup.fits,dup,V,0.23,22,1.0567427857135152,1.214802533288792,0.4311262711987439,2.749855270179387,0.049074672458015736,0.24316117438245688,False,False,False,False
CSP14aab_B_comb_dup.fits,dup,B,0.23,25,0.9076326467230647,0.9673538710732598,0.23047113559629973,1.9855588505729318,0.048942363527029485,0.11742780087325821,False,False,False,False
CSP14aab_V_comb_dup.fits,dup,V,0.23,25,0.6884765806252565,0.814095571994629,0.29159581768437154,1.7949216784941469,0.05721300390771939,0.34490921306353717,False,False,False,False
CSP14aal_B_comb_dup.fits,dup,B,0.23,25,1.2044484550172525,1.22511594853029,0.10130114442381824,1.6969639229198927,0.027836455304606177,0.05355263702910373,False,False,False,False
CSP14aal_V_comb_dup.fits,dup,V,0.23,25,1.1143965054982854,1.1797949351092543,0.16929880935973715,1.7561925270904781,0.02459710107302751,0.11084002934787995,False,False,False,False
CSP14aaq_B_comb_dup.fits,dup,B,0.23,25,1.1116597889801265,1.1382444178379016,0.11184440335951823,1.461376964979586,0.041658293655865736,0.12033830572483395,False,False,False,False
CSP14aaq_V_comb_dup.fits,dup,V,0.23,25,1.057495276181538,1.1035829121328349,0.17807265510648676,1.7771471475869403,0.036751051205188914,0.08687663293911685,False,False,False,False
CSP14aar_B_comb_dup.fits,dup,B,0.23,25,1.6329432336147687,1.6455173675712897,0.06454101858834681,1.8312050758432323,0.016378277693476384,0.06285505901984578,False,False,False,False
CSP14aar_V_comb_dup.fits,dup,V,0.23,25,1.509123926926886,1.5352603401028135,0.1994478271487184,2.423298925046832,0.02031345406207142,0.03599966095831397,False,False,False,False
CSP14aar_V_comb_swo.fits,swo,V,0.43,25,1.8024668389727954,1.8461022703365177,0.15916163825544405,2.542590264680153,0.07781971212866091,0.1679400339536432,False,False,False,False
CSP14aaw_B_comb_dup.fits,dup,B,0.23,18,1.3233874665722687,1.407268480330845,0.26436846179011586,2.363297091936357,0.05419431859015038,0.28134528555659055,False,False,False,False
CSP14aaw_V_comb_dup.fits,dup,V,0.23,25,1.175420045956761,1.2455697995955672,0.24344368069131564,2.091447882432826,0.061710243817158464,0.12239211792428817,False,False,False,False
CSP14aaw_V_comb_swo.fits,swo,V,0.43,25,1.6794159967431235,1.7315071428851743,0.2506066850478825,2.864069839585189,0.060747344299468244,0.12619576255182174,False,False,False,False
CSP14aax_B_comb_dup.fits,dup,B,0.23,25,1.0037773600220186,1.0093805697277518,0.03677302300314697,1.0826026797862176,0.029161638059923736,0.06359346329366067,False,False,False,False
CSP14aax_V_comb_dup.fits,dup,V,0.23,25,0.898284962671173,0.9672102712332825,0.3123028820309503,2.448613848992176,0.03137229544643108,0.09094922493591129,False,False,False,False
CSP14aay_B_comb_dup.fits,dup,B,0.23,19,1.1969948437939912,1.3419589444537672,0.3718027465573026,2.5480219468455725,0.030599011749285903,0.1981911584148046,False,False,False,False
CSP14aay_V_comb_dup.fits,dup,V,0.23,21,1.2081755560539338,1.340150447552897,0.35692760716436356,2.514001227120161,0.03910723256057112,0.09197376456079898,False,False,False,False
CSP14aba_B_comb_dup.fits,dup,B,0.23,16,1.0341705046152787,1.0244861054709573,0.027975206866547513,1.0593674753197444,0.03227740536934528,0.05305195447228139,False,False,False,False
CSP14aba_V_comb_dup.fits,dup,V,0.23,23,0.8994849623445883,0.8966759243115429,0.13665244543608532,1.3757141563523831,0.04765810280518209,0.08307660563525665,False,False,False,False
CSP14abf_B_comb_dup.fits,dup,B,0.23,25,0.9485507646011352,0.9727074123060417,0.1323031235030684,1.5685796284779638,0.026970961205349156,0.051414997155288855,False,False,False,False
CSP14abf_V_comb_dup.fits,dup,V,0.23,25,0.9007688432671576,0.9127831666684777,0.07160414576093621,1.1755717164560497,0.037984644679567525,0.09172009136778858,False,False,False,False
CSP14abf_V_comb_swo.fits,swo,V,0.43,25,1.564481933697738,1.6847090750572633,0.3711386623211596,2.9767680829530923,0.09361675503931953,0.21200742309074916,False,False,False,False
CSP14abh_V_comb_dup.fits,dup,V,0.23,25,1.3302744157797728,1.435647224363137,0.2983513996233005,2.3392832350502433,0.04248530751136596,0.1230924945175571,False,False,False,False
CSP14abh_V_comb_swo.fits,swo,V,0.43,25,1.7645626483603938,1.7949442787218204,0.13891050048954806,2.3997266133786805,0.05724038357472109,0.12564052191757535,False,False,False,False
CSP14abl_B_comb_dup.fits,dup,B,0.23,16,1.5904343786843422,1.745736456049706,0.566254476617849,3.8541515807807634,0.06247869918040502,0.1183836958654787,False,False,False,False
CSP14abl_V_comb_dup.fits,dup,V,0.23,23,1.6274240607780548,1.7588681975357854,0.5910094286803768,4.44489930335337,0.053503882165387984,0.14469071575540182,False,False,False,False
CSP14abl_V_comb_swo.fits,swo,V,0.43,25,1.6502828465768866,1.6743632849721595,0.11041884042404566,2.1666802351450163,0.04698201783019687,0.08348754899716404,False,False,False,False
CSP14abn_V_comb_swo.fits,swo,V,0.43,25,1.5210388174100675,1.6243233625390554,0.2695534874823837,2.640345729090807,0.09511018874268043,0.24609985996561723,False,False,False,False
CSP14acl_V_comb_swo.fits,swo,V,0.159,23,1.5921364086808267,1.5990014420008716,0.04754752371397146,1.681513003927846,0.05587456635438683,0.1037962473412608,False,False,False,False
CSP14acm_B_comb_dup.fits,dup,B,0.23,22,1.4547921412950768,1.5144317292436886,0.2716026920749355,2.7209932342652725,0.044423979804055914,0.0821908257660322,False,False,False,False
CSP14acm_V_comb_dup.fits,dup,V,0.23,25,1.2862445603528418,1.2916703166821728,0.0434679051760404,1.3816827420031745,0.045094311660422264,0.09665729068945339,False,False,False,False
CSP14acp_B_comb_dup.fits,dup,B,0.23,25,1.2740994617802208,1.3158481112601979,0.23832727346406984,2.4495845670314838,0.03447978495914949,0.055193976754700724,False,False,False,False
CSP14acp_V_comb_dup.fits,dup,V,0.23,24,1.1966771015338709,1.2699244296173993,0.28685832359369,2.431918643070049,0.026311151646943826,0.043832504315717724,False,False,False,False
CSP14acp_V_comb_swo.fits,swo,V,0.43,25,2.1047501335595995,2.1863743572911924,0.46505870247022846,4.221277072045839,0.2493158546874395,0.3841965572629398,False,True,False,True
CSP14acy_B_comb_dup.fits,dup,B,0.23,25,1.1194514061492382,1.1237254094569633,0.03215539895978982,1.1843939287585465,0.027290709753225458,0.05056969991330451,False,False,False,False
CSP14acy_V_comb_dup.fits,dup,V,0.23,25,1.418317666562396,1.5970507496266513,0.6631372014630809,4.362151042408804,0.16895348553685882,0.6618995878463438,False,False,False,False
CSP14adc_B_comb_dup.fits,dup,B,0.23,24,1.5246170919332993,1.5516678126403518,0.12760126522504017,2.107862648517966,0.04817578545846349,0.09213366548554469,False,False,False,False
CSP14adc_V_comb_dup.fits,dup,V,0.23,25,1.2564293066484813,1.3332530603457207,0.2659824307374482,2.4255683121566265,0.04865816385961028,0.09230766138771429,False,False,False,False
CSP14ade_B_comb_dup.fits,dup,B,0.23,25,1.0693471225172175,1.0799249789736387,0.036306790844684515,1.1867335772785461,0.025016133646102386,0.06243043570775875,False,False,False,False
CSP14ade_V_comb_dup.fits,dup,V,0.23,25,1.0360539885752014,1.062068083882405,0.07707053293262824,1.3153948283987398,0.030327271125155326,0.07491302790364718,False,False,False,False
CSP14ade_V_comb_swo.fits,swo,V,0.43,25,1.6668190721105538,1.7086359372620834,0.19711541784749984,2.4332915912994775,0.11732430249710847,0.2141486731386868,False,False,False,False
CSP14adf_B_comb_dup.fits,dup,B,0.23,24,0.9570736864126299,1.1728187183552934,0.8712838765412139,5.178302230372254,0.04107194403141888,0.08483419077728116,False,False,False,False
CSP14adf_V_comb_dup.fits,dup,V,0.23,25,0.9619031227364949,0.9803214543883727,0.04884075463964623,1.1359555498289338,0.0298952558448179,0.0612869023961351,False,False,False,False
CSP15B_B_comb_dup.fits,dup,B,0.23,25,0.9562714282264768,1.016375217920801,0.22066912241280215,1.8961056318186396,0.05796606604789137,0.10224159532243127,False,False,False,False
CSP15B_V_comb_dup.fits,dup,V,0.23,25,0.9382149008075936,0.9917917089694881,0.19379889559899596,1.8512525348986733,0.0469054879546765,0.09328122544947104,False,False,False,False
CSP15B_V_comb_swo.fits,swo,V,0.43,25,1.486637787961598,1.581235950909395,0.319288194095582,2.849376522067651,0.06280034753673312,0.16948290247488584,False,False,False,False
CSP15aae_V_comb_swo.fits,swo,V,0.43,25,1.6626435430221735,1.7998438685047649,0.458940033238949,3.4582684496991285,0.04921298284757858,0.14880380809892713,False,False,False,False
CSP15aaj_B_comb_dup.fits,dup,B,0.23,25,1.1948803595840347,1.2685822623931704,0.2723705031583891,2.366697015157796,0.03817277290756887,0.0715292836541912,False,False,False,False
CSP15aaj_V_comb_dup.fits,dup,V,0.23,25,0.8822535608970277,1.0211884512307998,0.5416346826384092,3.555356435166843,0.05029427655787814,0.1331822653321535,False,False,False,False
CSP15aaj_V_comb_swo.fits,swo,V,0.43,25,1.5701582510582304,1.9349728559206114,0.7476273548623044,4.456925573435612,0.141314155521911,0.8959815692000186,False,False,False,False
CSP15aak_V_comb_swo.fits,swo,V,0.43,25,1.5807443969893789,1.7650082104887077,0.46176760811345763,3.2973582485135973,0.14344295492191908,0.5613990082474036,False,False,False,False
KISS13j_V_comb_swo.fits,swo,V,0.43,25,1.3252146230669963,1.4074896297170811,0.2699871242270809,2.2920154471075094,0.05218325919148758,0.08799217986588492,False,False,False,False
KISS13l_B_comb_dup.fits,dup,B,0.23,22,0.5042021835879869,0.9171682223820601,0.6804839660043919,2.4569807291835075,0.31665006760637837,1.0456651968353181,False,False,False,False
KISS13l_V_comb_dup.fits,dup,V,0.23,18,1.0415510347655204,1.1821157738391799,0.32145167775146816,2.00522849962305,0.05450620472560729,0.27293350273007433,False,False,False,False
KISS13l_V_comb_swo.fits,swo,V,0.43,24,1.4050954307807024,1.535525561387419,0.45688113972122524,2.701681917843421,0.12455861338679251,0.37515266246383927,False,False,False,False
KISS13v_B_comb_dup.fits,dup,B,0.23,18,1.6052382058908545,1.6168539823709245,0.07508330499290668,1.8740550591122327,0.05023656977804075,0.099303600610539,False,False,False,False
KISS13v_V_comb_dup.fits,dup,V,0.23,25,1.8851984101830215,1.95085493640827,0.2116122966088044,2.7802174508715827,0.05950486770003234,0.16477539485355863,False,False,False,False
KISS13v_V_comb_swo.fits,swo,V,0.43,24,1.4801029973863433,1.6875973451286577,0.5060054093289583,3.2979360976376544,0.0631392304635307,0.6835494585833775,False,False,False,False
KISS15m_B_comb_dup.fits,dup,B,0.23,14,1.684429418592812,1.9779130030096035,0.555084772862659,3.1747272584873003,0.07650082596087145,1.1399515329648746,False,False,False,False
KISS15m_V_comb_dup.fits,dup,V,0.23,18,1.5182423172444186,1.754249528178242,0.4531720630978507,2.719238228681378,0.04264272627122402,0.7484492158734222,False,False,False,False
KISS15m_V_comb_swo.fits,swo,V,0.43,25,1.9048494305235046,2.135893128603112,0.5399571727315587,3.4209238249827734,0.08022810157039924,0.776894460280318,False,False,False,False
KISS15n_V_comb_swo.fits,swo,V,0.159,25,1.6844220312891525,1.8027692087078853,0.31071060772810516,2.654140349290092,0.06508385666065904,0.20840694789715397,False,False,False,False
LSQ11bk_B_comb_dup.fits,dup,B,0.23,25,1.486188137405098,1.4806219119598407,0.019833035415207156,1.512252555985011,0.017287652251361724,0.03954055525600264,False,False,False,False
LSQ11bk_V_comb_dup.fits,dup,V,0.23,25,1.7044040493194228,1.7078581812547855,0.02087437464316537,1.7392114913162517,0.0185313387570583,0.03682921050894583,False,False,False,False
LSQ11bk_V_comb_swo.fits,swo,V,0.43,25,1.1528394596077265,1.1453527877376752,0.16238783907908763,1.7474250727294711,0.038972558246088224,0.08183538177838012,False,False,False,False
LSQ11ot_B_comb_dup.fits,dup,B,0.23,25,1.2536070409381834,1.2565573704954687,0.033411138022183304,1.374692339907287,0.03171480433079975,0.04963320290157003,False,False,False,False
LSQ11ot_V_comb_dup.fits,dup,V,0.23,25,1.1162925998194613,1.1542881158057927,0.08991925971646729,1.376799351071409,0.04141119000546796,0.1776030052145161,False,False,False,False
LSQ11pn_B_comb_dup.fits,dup,B,0.23,25,1.3971506754624676,1.4216997142034007,0.14896138314403787,1.9304272431654999,0.09736188588862504,0.21944759304914796,False,False,False,False
LSQ11pn_V_comb_dup.fits,dup,V,0.23,25,1.3516213185911607,1.3708742537654586,0.20787373457984595,2.290107800961159,0.01764552005526792,0.0428891878701716,False,False,False,False
LSQ12agq_B_comb_dup.fits,dup,B,0.23,25,0.7139719688096574,0.7506962440823838,0.1406782737465599,1.380495398169859,0.04327487707135814,0.0906764586332085,False,False,False,False
LSQ12agq_V_comb_dup.fits,dup,V,0.23,25,0.6750374892037354,0.7400034204099306,0.1688753683309189,1.242433577364035,0.05082555673728246,0.33303075268374815,False,False,False,False
LSQ12agq_V_comb_swo.fits,swo,V,0.43,21,1.3169219678155326,1.278524866059976,0.36578497099970075,2.569002935778741,0.09229857501943382,0.2589716272601572,False,False,False,False
LSQ12aor_B_comb_dup.fits,dup,B,0.23,25,0.6501989241289841,0.6837292788414063,0.12759308818530443,1.2218510161909852,0.034453853637337974,0.08130134557282065,False,False,False,False
LSQ12aor_V_comb_dup.fits,dup,V,0.23,25,0.6075850768311154,0.6255160937591937,0.0591742608534428,0.8539720952426518,0.022053350820434487,0.060567288012632226,False,False,False,False
LSQ12bld_B_comb_dup.fits,dup,B,0.23,25,1.153012254799294,1.1847405215178286,0.1636477282170391,1.892542190695664,0.06181760921736462,0.16276294597703078,False,False,False,False
LSQ12bld_V_comb_dup.fits,dup,V,0.23,25,1.0429565717371023,1.0964908744574642,0.18721696247997166,1.706726097597353,0.04167182524592768,0.10237812852454631,False,False,False,False
LSQ12bld_V_comb_swo.fits,swo,V,0.43,25,1.216785905029129,1.2978289564335848,0.267712690452798,2.4193501553743784,0.026937473710350674,0.0978098840258077,False,False,False,False
LSQ12blp_V_comb_swo.fits,swo,V,0.43,25,1.229541138696257,1.287292416389552,0.24966205483444462,2.4654046301108017,0.04107083508301709,0.07150688133129957,False,False,False,False
LSQ12btn_B_comb_dup.fits,dup,B,0.23,25,0.7173677454783814,0.7349726653219011,0.11879835491903522,1.2231850578828587,0.04125333992309287,0.08020730526055131,False,False,False,False
LSQ12btn_V_comb_dup.fits,dup,V,0.23,25,0.7097539318874536,0.7827409705251174,0.18046980970767101,1.4646954587760668,0.0663334265839761,0.21147185798014423,False,False,False,False
LSQ12btn_V_comb_swo.fits,swo,V,0.43,25,1.3991017078006964,1.4212676488181382,0.165054071166383,1.8102132926831054,0.17238620219143547,0.2724974407709526,False,False,False,False
LSQ12ca_B_comb_dup.fits,dup,B,0.23,25,1.0599053692694567,1.0470389072686987,0.0457797280888847,1.1562737044253029,0.04520650091116728,0.0840521021250944,False,False,False,False
LSQ12ca_V_comb_dup.fits,dup,V,0.23,25,0.9749183888503616,1.019105784563586,0.12899763851092602,1.3628564358427826,0.10025613947153302,0.1879171702737159,False,False,False,False
LSQ12ca_V_comb_swo.fits,swo,V,0.43,25,1.5799882044698692,1.625380178288615,0.19288601543741438,2.4497989599236933,0.06089744394590391,0.1047863846599546,False,False,False,False
LSQ12cda_B_comb_dup.fits,dup,B,0.23,21,1.1188753266567601,1.197152385318279,0.3902926258675778,2.887071776450191,0.037782826948137595,0.08379871901146685,False,False,False,False
LSQ12cda_V_comb_dup.fits,dup,V,0.23,25,1.0853129047870809,1.2406389096972048,0.37345083318063904,2.5978691952700195,0.04279121500891948,0.42815847252348926,False,False,False,False
LSQ12cda_V_comb_swo.fits,swo,V,0.43,25,1.2414517814431543,1.270997362954362,0.19563146573933204,2.1884537789160805,0.03900049076422774,0.06831533634324405,False,False,False,False
LSQ12cdl_B_comb_dup.fits,dup,B,0.23,25,0.8023945168113226,0.8267616909407962,0.0974759274579291,1.256667218438946,0.03555918081807533,0.08024857230380167,False,False,False,False
LSQ12cdl_V_comb_dup.fits,dup,V,0.23,25,0.8441021096817707,0.8506918224199349,0.06297345771910866,1.047555077617976,0.05686248781378011,0.10536792447051901,False,False,False,False
LSQ12cdl_V_comb_swo.fits,swo,V,0.43,25,1.5438854593006344,1.5471982120364884,0.13895587944190468,1.8603060439170265,0.09541386072240249,0.2563167778636226,False,False,False,False
LSQ12fuk_B_comb_dup.fits,dup,B,0.23,25,0.831560163743154,0.8831754051744894,0.15603991502768685,1.4792355672124529,0.02810402345114254,0.11572283175903031,False,False,False,False
LSQ12fuk_V_comb_dup.fits,dup,V,0.23,25,0.7273728993191746,1.0400402011437537,1.1720295965217762,6.62968911683122,0.026777523381964204,0.2732847365370037,False,False,False,False
LSQ12fvl_B_comb_dup.fits,dup,B,0.23,24,1.0751701070591775,1.1905008860554114,0.5300123523045501,2.827358674706196,0.43873878388105253,0.7584070721431739,False,False,False,False
LSQ12fvl_V_comb_dup.fits,dup,V,0.23,25,0.9574407006312643,1.1182389977307174,0.5120437837618886,2.78166844505074,0.29006736803419014,0.7215614300408497,False,False,False,False
LSQ12fxd_B_comb_dup.fits,dup,B,0.23,25,0.7828882369711913,0.8083376071266936,0.13424754763981128,1.411186672410436,0.03346105022995633,0.08370327096343311,False,False,False,False
LSQ12fxd_V_comb_dup.fits,dup,V,0.23,25,0.7059257065029221,0.8651114610894136,0.8007177969442117,4.698669880266436,0.029552717059692677,0.06121822211375161,False,False,False,False
LSQ12gdj_B_comb_dup.fits,dup,B,0.23,12,1.0748661845662943,1.1015322521074664,0.09798719581495875,1.3727793698902235,0.07154727148655121,0.11618910884245026,False,False,False,False
LSQ12gdj_V_comb_dup.fits,dup,V,0.23,25,1.0441348613173147,1.1212323220785834,0.21804463478304414,1.7381050106145448,0.054644916922180646,0.19346450768301093,False,False,False,False
LSQ12gef_B_comb_dup.fits,dup,B,0.23,12,0.9645115637501442,1.0954707841046376,0.46517587310013636,2.2677036193431857,0.10172420040275466,0.3816117689178703,False,False,False,False
LSQ12gef_V_comb_dup.fits,dup,V,0.23,24,0.8437399707173813,0.8758787288059796,0.2136349349746494,1.8491011940693312,0.044592002930574685,0.09780395757961158,False,False,False,False
LSQ12gln_B_comb_dup.fits,dup,B,0.23,25,0.7488619371841748,0.7662258802683882,0.07010913361033595,0.9918079975517421,0.016765190272778095,0.04988570066260689,False,False,False,False
LSQ12gln_V_comb_dup.fits,dup,V,0.23,25,0.7535598368635138,0.7875743310077031,0.11169369647658302,1.1289266376508718,0.0733272987129438,0.16514567374731048,False,False,False,False
LSQ12gpw_B_comb_dup.fits,dup,B,0.23,17,0.9467515030887287,1.1189440154944335,0.344769164776992,2.077338019427604,0.10190110037041944,0.6130767178499055,False,False,False,False
LSQ12gpw_V_comb_dup.fits,dup,V,0.23,23,0.8406153287629525,1.311500801825551,1.1088025528471714,5.837497120335976,0.10421651142957353,0.8996977233726955,False,False,False,False
LSQ12gxj_B_comb_dup.fits,dup,B,0.23,23,0.887676108592647,0.9290877625511758,0.15857974197926258,1.531451032357788,0.047508600162547786,0.07755366955619447,False,False,False,False
LSQ12gxj_V_comb_dup.fits,dup,V,0.23,25,0.7989239436867538,0.8432502738821224,0.1554613817512702,1.5452602001122833,0.042591512025235555,0.11149822166247092,False,False,False,False
LSQ12gyc_B_comb_dup.fits,dup,B,0.23,23,0.8312271155435267,0.8310128400557757,0.08876546009878249,1.0279972536938387,0.03607051776369653,0.06563467539717294,False,False,False,False
LSQ12gyc_V_comb_dup.fits,dup,V,0.23,22,0.8345055629166293,0.8923495914407016,0.2288452646387809,1.6968370366261305,0.06953222409574944,0.26896538147476445,False,False,False,False
LSQ12gyc_V_comb_swo.fits,swo,V,0.43,25,1.4599562806245827,1.5201607654215905,0.187918803960811,1.9921567137768832,0.13217053456426525,0.36728308115260266,False,False,False,False
LSQ12gzm_B_comb_dup.fits,dup,B,0.23,19,0.8349214182543953,0.8621508173619085,0.07939735699892206,1.1372613902954924,0.0248865002174686,0.09804781282456465,False,False,False,False
LSQ12gzm_V_comb_dup.fits,dup,V,0.23,25,0.8164085573368798,0.8533414196893943,0.1261435440729726,1.3702396801685688,0.016110978405328075,0.04639077255567059,False,False,False,False
LSQ12gzm_V_comb_swo.fits,swo,V,0.43,22,1.4061468781427116,1.451390687645221,0.27859223373419895,2.5259643195799435,0.13087327353583822,0.20305591790017274,False,False,False,False
LSQ12hjm_B_comb_dup.fits,dup,B,0.23,21,0.7684070156178828,0.8112529755340429,0.2778800334145019,1.5104612424177053,0.05676245116904998,0.2635610874946901,False,False,False,False
LSQ12hjm_V_comb_dup.fits,dup,V,0.23,24,0.7286480022565192,0.8679500267700786,0.2699720419147446,1.478937817384863,0.09774887662292836,0.48978266677161375,False,False,False,False
LSQ12hno_B_comb_dup.fits,dup,B,0.23,23,0.7888977724640475,0.8083010280737356,0.07390016352214845,1.054587245333171,0.026468374272178387,0.0526955931082459,False,False,False,False
LSQ12hno_V_comb_dup.fits,dup,V,0.23,25,0.7099501953435847,0.7678701533717935,0.15417916614758076,1.1986864939590607,0.014443754122766552,0.09888976026397212,False,False,False,False
LSQ12hnr_B_comb_dup.fits,dup,B,0.23,24,0.887416126011176,0.8904209503995605,0.10227672938457061,1.0660549172472569,0.033072723847676205,0.0721508139782866,False,False,False,False
LSQ12hnr_V_comb_dup.fits,dup,V,0.23,25,0.900244791600252,0.9826116287465219,0.2095397762742448,1.7789544879633856,0.026199850503342566,0.1572247658387086,False,False,False,False
LSQ12hnr_V_comb_swo.fits,swo,V,0.43,25,1.296441486387587,1.338080401309601,0.1515474302379204,1.7647572023396247,0.10540640699339218,0.22640791892831258,False,False,False,False
LSQ12hvj_B_comb_dup.fits,dup,B,0.23,25,0.9886232448111725,0.996650655583091,0.07123483551271088,1.2067911873359995,0.06282513853707435,0.10928330137066466,False,False,False,False
LSQ12hvj_V_comb_dup.fits,dup,V,0.23,25,0.8816435747227549,0.9212640395155938,0.1391043080706643,1.5089317863951617,0.027354374987541615,0.0751648907787883,False,False,False,False
LSQ12hvj_V_comb_swo.fits,swo,V,0.43,25,1.076081984020064,1.1857002461460844,0.2857687699821123,2.295327588045019,0.08784780460076574,0.2644676137690103,False,False,False,False
LSQ12hxx_B_comb_dup.fits,dup,B,0.23,25,1.3018478709319736,1.4537584684329286,0.48436182255371396,3.2774802343416067,0.1805862217262733,0.7741314593604987,False,False,False,False
LSQ12hxx_V_comb_dup.fits,dup,V,0.23,25,1.3715945515599037,1.5064131578635753,0.415717138787749,2.614407467229818,0.14403348596112306,0.7788047065137231,False,False,False,False
LSQ12hzj_B_comb_dup.fits,dup,B,0.23,24,1.1435956863702372,1.1407047213719272,0.06628342262023514,1.2562682908818006,0.09749659893680516,0.14226078322284308,False,False,False,False
LSQ12hzj_V_comb_dup.fits,dup,V,0.23,25,0.9904242968024859,1.0266500444283455,0.1444431782650353,1.5057695169745702,0.09747837757281702,0.2904059656393364,False,False,False,False
LSQ12hzj_V_comb_swo.fits,swo,V,0.43,25,1.32239738901241,1.4049530304962081,0.17033377503184965,1.8988610788509994,0.0634847578033518,0.3132663162665681,False,False,False,False
LSQ12hzs_B_comb_dup.fits,dup,B,0.23,24,1.092373415184936,1.1229954185763518,0.08894956214480414,1.3421421347500526,0.0950271537352644,0.15412342127026935,False,False,False,False
LSQ12hzs_V_comb_dup.fits,dup,V,0.23,25,1.0285996805686548,1.0346443287430407,0.12871537116567308,1.417312717343387,0.09190087273222469,0.17987181636506078,False,False,False,False
LSQ13abo_V_comb_swo.fits,swo,V,0.43,25,1.284442881155235,1.4192263766752242,0.24351077940023105,2.053272052673722,0.055387272474896374,0.45592344276580365,False,False,False,False
LSQ13aiz_V_comb_swo.fits,swo,V,0.43,25,1.331677911425177,1.368945576398167,0.10385408888386989,1.665161065870846,0.054123981691034176,0.14872145523607694,False,False,False,False
LSQ13cwp_B_comb_dup.fits,dup,B,0.23,25,0.9668107360623537,1.0548169457226213,0.3172597000890795,2.3065698540904376,0.046043874285111065,0.08001154412116329,False,False,False,False
LSQ13cwp_V_comb_dup.fits,dup,V,0.23,25,1.0581912266520375,1.1494742338826303,0.2987613342573357,2.3065775347023187,0.031386581938484925,0.12173332353995248,False,False,False,False
LSQ13dby_B_comb_dup.fits,dup,B,0.23,23,0.9604367342155734,0.9654935864562569,0.047458605129938686,1.0650457317893265,0.03071673915559796,0.10198930585361898,False,False,False,False
LSQ13dby_V_comb_dup.fits,dup,V,0.23,25,0.8532702679010855,0.8759832065370046,0.10748357184658916,1.3810022559097106,0.022317824986854876,0.042804783539752145,False,False,False,False
LSQ13dcy_V_comb_swo.fits,swo,V,0.43,25,1.4807167985813507,1.5572724471859467,0.2672934344424073,2.3855767705715016,0.0997075914418828,0.30348980345636156,False,False,False,False
LSQ13dhj_B_comb_dup.fits,dup,B,0.23,19,1.2484311208654117,1.2587624749488735,0.034601364535185176,1.344030340893087,0.028328974986938572,0.048931558379628814,False,False,False,False
LSQ13dhj_V_comb_dup.fits,dup,V,0.23,25,1.1638064226641043,1.193414021829165,0.13299172731975029,1.8086672978195781,0.039246285149080885,0.07784078284647244,False,False,False,False
LSQ13dhj_V_comb_swo.fits,swo,V,0.43,25,1.3041363104273935,1.53651072894338,0.49153057784898724,2.9815598064680513,0.07970923514652263,0.6072950363174805,False,False,False,False
LSQ13dkp_B_comb_dup.fits,dup,B,0.23,17,1.3008071305282285,1.452373232027701,0.3748239287360103,2.595473584870005,0.02542807702762304,0.33271652683222497,False,False,False,False
LSQ13dkp_V_comb_dup.fits,dup,V,0.23,25,1.0575625659276466,1.2570541206686174,0.3877085227084172,2.2665348112541333,0.021962226476204924,0.6970896884676152,False,False,False,False
LSQ13dpm_B_comb_dup.fits,dup,B,0.23,23,0.8825396170172245,0.8793561290612806,0.028449894597436236,0.945813419182491,0.028080096233938045,0.047676755116275005,False,False,False,False
LSQ13dpm_V_comb_dup.fits,dup,V,0.23,25,0.7368879520166881,0.7479322581285305,0.06788629499332903,1.0579095062654489,0.01411658983461846,0.027105067847028708,False,False,False,False
LSQ13dpm_V_comb_swo.fits,swo,V,0.43,25,1.289894231391106,1.3706593892536976,0.27553731440221646,2.5408934316844367,0.0787793096659867,0.16737527491209647,False,False,False,False
LSQ13dqh_B_comb_dup.fits,dup,B,0.23,23,1.3360187492219582,1.3315343076379618,0.023006770156988727,1.3731073574628943,0.024617328097833815,0.044849636850797125,False,False,False,False
LSQ13dqh_V_comb_dup.fits,dup,V,0.23,25,1.3508986878731697,1.378250287305644,0.14682074140667586,2.070821192782248,0.018333885329282096,0.028272010300827155,False,False,False,False
LSQ13dsm_B_comb_dup.fits,dup,B,0.23,18,1.0730264141578507,1.1285786718796609,0.2211726241509134,1.751654441692395,0.02808932194679335,0.06857899307541282,False,False,False,False
LSQ13dsm_V_comb_dup.fits,dup,V,0.23,24,1.1150163379406213,1.1938174397715982,0.20830491378984248,1.7723080492642822,0.03090268867019507,0.08259611031546665,False,False,False,False
LSQ13pf_V_comb_swo.fits,swo,V,0.43,25,1.2583590726287244,1.2643571789392447,0.06418057782339495,1.5028604909842787,0.03669355679348131,0.087729590980278,False,False,False,False
LSQ13ry_V_comb_swo.fits,swo,V,0.43,25,1.3398451543685852,1.3781708292786141,0.22025674388052655,2.3438080291178043,0.03994748094009442,0.08418172182274009,False,False,False,False
LSQ13vy_V_comb_swo.fits,swo,V,0.43,25,1.3137357055638308,1.4231783856512497,0.30477671556040625,2.6115116776715115,0.06248371866954404,0.2789431067494528,False,False,False,False
LSQ14act_B_comb_dup.fits,dup,B,0.23,25,0.9168290861165975,0.9329672299112491,0.051038168904227785,1.0749028177314528,0.03879320166796253,0.08599486666036227,False,False,False,False
LSQ14act_V_comb_dup.fits,dup,V,0.23,24,0.8869718797697582,0.9305538023009378,0.10705539919609075,1.1650060179235509,0.08248673013183867,0.210929169035872,False,False,False,False
LSQ14age_B_comb_dup.fits,dup,B,0.23,25,0.863466744753035,0.8598114479051516,0.03502636280472222,0.9256940538555309,0.034647062164974145,0.06402970014434428,False,False,False,False
LSQ14age_V_comb_dup.fits,dup,V,0.23,25,0.8007302224597013,0.807655236444717,0.09371075482585932,1.1282636500388918,0.033399498961703904,0.0802172874076652,False,False,False,False
LSQ14ahc_B_comb_dup.fits,dup,B,0.23,25,0.8346798647831174,0.8780688083772324,0.11011633305136866,1.30607086399426,0.017106139774054722,0.0625076326668983,False,False,False,False
LSQ14ahc_V_comb_dup.fits,dup,V,0.23,25,1.0222484098242663,1.0683740270895443,0.1791123750484261,1.5349102306429245,0.17266940285510907,0.331371785207053,False,False,False,False
LSQ14ahm_B_comb_dup.fits,dup,B,0.23,25,1.2468112284634931,1.4140150371720681,0.36852978255561647,2.1718052485722996,0.03614022274993836,0.8276584265817697,False,False,False,False
LSQ14ahm_V_comb_dup.fits,dup,V,0.23,25,1.2905534494563997,1.4147732882914517,0.319656080865008,2.1044052998982807,0.20892634013689684,0.7320474909031807,False,False,False,False
LSQ14ajn_B_comb_dup.fits,dup,B,0.23,19,0.9747135438637508,1.1121300336416704,0.34610493878016224,2.167450690906937,0.04311843936322608,0.15864522423318095,False,False,False,False
LSQ14ajn_V_comb_dup.fits,dup,V,0.23,24,0.9156756091792342,1.063108920778671,0.35404224149822305,2.1531467877376347,0.034103504533739004,0.5411770499766007,False,False,False,False
LSQ14ajn_V_comb_swo.fits,swo,V,0.43,25,1.4417649671375061,1.5994970075053099,0.44733343499041894,3.188673386734401,0.07669320888304089,0.2053998013701055,False,False,False,False
LSQ14asu_B_comb_dup.fits,dup,B,0.23,23,1.009099466795698,1.0036502712046,0.019324752334333905,1.0456424411144996,0.020602730792107945,0.03725627185647318,False,False,False,False
LSQ14asu_V_comb_dup.fits,dup,V,0.23,25,0.9587593909631165,0.9794936378734362,0.06108829934916191,1.172892310729608,0.024980840398670563,0.08391311630687681,False,False,False,False
LSQ14asu_V_comb_swo.fits,swo,V,0.43,25,1.5270246615470615,1.4969792233190737,0.11032494905409966,1.6540942287605016,0.09374663666434561,0.14116761032535607,False,False,False,False
LSQ14auy_B_comb_dup.fits,dup,B,0.23,25,0.9839859040856377,1.0117851121747783,0.14910604324272156,1.6884791676733706,0.061891082918541965,0.11543946962828455,False,False,False,False
LSQ14auy_V_comb_dup.fits,dup,V,0.23,24,0.9261339029022319,0.9826978563436833,0.16520380722833117,1.5799833403218995,0.10715630301492234,0.23265067904286219,False,False,False,False
LSQ14azy_B_comb_dup.fits,dup,B,0.23,16,1.1701711802368568,1.1974199991625607,0.16706755021728462,1.8053263779897812,0.04297482618707725,0.09234863297673268,False,False,False,False
LSQ14azy_V_comb_dup.fits,dup,V,0.23,23,1.01614643884184,1.207852433730589,0.4305034557693323,2.4835131562767025,0.04314056776683247,0.6171576345734526,False,False,False,False
LSQ14ba_B_comb_dup.fits,dup,B,0.23,24,1.0249645628469624,1.0462935578290888,0.06169261813684387,1.2022148035705142,0.03921435979813677,0.105428630186296,False,False,False,False
LSQ14ba_V_comb_dup.fits,dup,V,0.23,25,0.8907621722352284,0.9114803141854892,0.13146411515593984,1.5323971351937975,0.024832543020168827,0.056812871457840974,False,False,False,False
LSQ14bbv_B_comb_dup.fits,dup,B,0.23,25,0.9924034677322846,1.0163270415361416,0.11360567179477062,1.4099386202916118,0.025604914643116917,0.05370726187646191,False,False,False,False
LSQ14bbv_V_comb_dup.fits,dup,V,0.23,25,0.9187699117302397,0.9600442271106969,0.09312377025038958,1.2481564570337786,0.029688918578305985,0.1319988648012187,False,False,False,False
LSQ14bjj_B_comb_dup.fits,dup,B,0.23,25,1.1348561213184742,1.175191183078714,0.13471142598622743,1.7561589753755347,0.04075081988422403,0.09327974755763191,False,False,False,False
LSQ14bjj_V_comb_dup.fits,dup,V,0.23,25,1.047226068550247,1.0966592967170683,0.21288758038524797,2.108238523754798,0.02220638840090901,0.05923379257284389,False,False,False,False
LSQ14fms_B_comb_dup.fits,dup,B,0.23,21,1.084527006987492,1.1202044593520197,0.17966834374752313,1.8943448375929188,0.03725392594791213,0.05615492233729258,False,False,False,False
LSQ14fms_V_comb_dup.fits,dup,V,0.23,25,0.9923514769977732,1.0707964656511257,0.2513425772075766,2.0326692373355426,0.03451068524652752,0.09135342798223922,False,False,False,False
LSQ14foj_B_comb_dup.fits,dup,B,0.23,14,1.0138526692161642,1.1620160775248096,0.32888475865934874,1.9860834472405582,0.013219584062862912,0.25582147020781965,False,False,False,False
LSQ14foj_V_comb_dup.fits,dup,V,0.23,21,0.9122615545410705,1.082046633858765,0.3194601075021176,1.8362250880332638,0.03179831626863508,0.5136345297345307,False,False,False,False
LSQ14fom_V_comb_swo.fits,swo,V,0.43,25,1.574676878711113,1.7052709413574691,0.43497988866649595,3.209641750583321,0.12661502018905002,0.3149610648020591,False,False,False,False
LSQ14gfb_B_comb_dup.fits,dup,B,0.23,25,1.0899489095013768,1.0982801154604225,0.030874886552054337,1.2267685662645538,0.016509100469561572,0.02895096745072978,False,False,False,False
LSQ14gfb_V_comb_dup.fits,dup,V,0.23,25,0.8675147603513294,0.9489925220248898,0.24662451167228355,1.8813085907962224,0.025447780653038935,0.07201562314295584,False,False,False,False
LSQ14gfb_V_comb_swo.fits,swo,V,0.43,25,1.7131843325904519,1.718308162508204,0.0286828532162775,1.8012793731032328,0.019196525848573107,0.0499552978349147,False,False,False,False
LSQ14gfn_B_comb_dup.fits,dup,B,0.23,22,0.8584117177882356,0.894834838951694,0.1949822253857339,1.7623656971143804,0.026845837772561065,0.04712117220739709,False,False,False,False
LSQ14gfn_V_comb_dup.fits,dup,V,0.23,24,0.7333942054655929,0.7851146110493049,0.21486038898160637,1.7570951998780835,0.01914345294627016,0.0413758554021223,False,False,False,False
LSQ14gfn_V_comb_swo.fits,swo,V,0.43,24,1.4378450401182965,1.51015714051415,0.2827287696329305,2.738666453630306,0.11246507945180773,0.18974736888677635,False,False,False,False
LSQ14ghv_B_comb_dup.fits,dup,B,0.23,19,1.361700453392251,1.4246106903774731,0.18452630945469453,1.9830886391466016,0.01659493925208059,0.036646197965213734,False,False,False,False
LSQ14ghv_V_comb_dup.fits,dup,V,0.23,23,1.2471449803956383,1.2951534600299122,0.15940546940975095,1.839280693057132,0.010465135566518565,0.023688049836629643,False,False,False,False
LSQ14ghv_V_comb_swo.fits,swo,V,0.43,25,1.5988843814632934,1.7416653016313475,0.38256719517316495,2.951846347425991,0.10442793107737662,0.22544520478349117,False,False,False,False
LSQ14gov_B_comb_dup.fits,dup,B,0.23,23,1.0177478828006759,1.088475509391932,0.2843791222444845,2.3560538848051245,0.021814849394441012,0.05916163527556828,False,False,False,False
LSQ14gov_V_comb_dup.fits,dup,V,0.23,25,0.8163215445565376,0.8717234953524937,0.24951133920500637,2.0443497938729003,0.036078692394173155,0.06842209614688533,False,False,False,False
LSQ14ie_B_comb_dup.fits,dup,B,0.23,25,1.1763380845090794,1.1781675744356266,0.09861261327073412,1.4008539653356564,0.12865442362786747,0.2227908131463281,False,False,False,False
LSQ14ie_V_comb_dup.fits,dup,V,0.23,25,1.0907356311748946,1.078342940431631,0.08678434269653924,1.2989438947267031,0.051960244563287426,0.12503669073292945,False,False,False,False
LSQ14ip_B_comb_dup.fits,dup,B,0.23,20,1.0968329727531314,1.130225708276298,0.1964185392497361,1.93235958384983,0.07596123657434416,0.12598375862465638,False,False,False,False
LSQ14ip_V_comb_dup.fits,dup,V,0.23,24,0.9495670636111885,1.0780913623398776,0.3695234588813607,2.518504110875399,0.11370971769036582,0.31179323818647364,False,False,False,False
LSQ14jp_B_comb_dup.fits,dup,B,0.23,25,1.3392292379921744,1.3699619195850599,0.20066352051790998,2.3114089390780586,0.04932521899904125,0.07853428295075937,False,False,False,False
LSQ14jp_V_comb_dup.fits,dup,V,0.23,25,0.881927579833133,0.9416637218039962,0.1579047529778272,1.4819021568213482,0.05422076242680528,0.15662655616513654,False,False,False,False
LSQ14mc_B_comb_dup.fits,dup,B,0.23,22,0.9594940787103945,0.9887619911237628,0.08933292242208368,1.2584324911929974,0.0446746090728215,0.09740030967737123,False,False,False,False
LSQ14mc_V_comb_dup.fits,dup,V,0.23,25,0.8243151272186983,0.8717066476690865,0.2091003894766467,1.7014858028942712,0.0555458019957482,0.09474828366129062,False,False,False,False
LSQ14q_B_comb_dup.fits,dup,B,0.23,23,1.0498710801950966,1.1316441829466548,0.3011991606472584,2.167113684306794,0.045496129549628575,0.19893774869947323,False,False,False,False
LSQ14q_V_comb_dup.fits,dup,V,0.23,25,1.0403539069609835,1.149475910448062,0.25281717963310124,1.8772955814531824,0.04207293095257794,0.35068212955038747,False,False,False,False
LSQ14wp_B_comb_dup.fits,dup,B,0.23,25,1.3160047784394195,1.315888049549255,0.06370088477714211,1.4675204244168805,0.07508424330391546,0.1147653194689231,False,False,False,False
LSQ14wp_V_comb_dup.fits,dup,V,0.23,24,1.2315147513207827,1.232635883856817,0.0658150156033764,1.3536069034197558,0.06021163206247443,0.13031917212503097,False,False,False,False
LSQ14wp_V_comb_swo.fits,swo,V,0.43,25,1.6795611998266524,1.740637155786153,0.19584164022524594,2.418934899165798,0.06094399217757236,0.12488686456681064,False,False,False,False
LSQ14xi_B_comb_dup.fits,dup,B,0.23,23,1.1272045831409843,1.159638120487016,0.14883889416604448,1.835281606173503,0.014992367667546521,0.02489297153757475,False,False,False,False
LSQ14xi_V_comb_dup.fits,dup,V,0.23,25,0.9251797659815797,0.9528478010138359,0.11914647720392314,1.4746400516253275,0.04824701220387732,0.08103841854798577,False,False,False,False
LSQ15aae_B_comb_dup.fits,dup,B,0.23,25,1.0823248756054746,1.0889092048137683,0.03870699867870256,1.2234081635634673,0.024743137890020188,0.048761179316005876,False,False,False,False
LSQ15aae_V_comb_dup.fits,dup,V,0.23,25,1.0759480453274004,1.122500072107051,0.18211755660416953,1.8761846091968395,0.017152410902744664,0.032481827689439635,False,False,False,False
LSQ15agh_B_comb_dup.fits,dup,B,0.23,23,1.1238369058531392,1.212944866950853,0.21681968454496608,1.8141110957571285,0.05360938052126125,0.22493433679645225,False,False,False,False
LSQ15agh_V_comb_dup.fits,dup,V,0.23,25,1.0328066376713871,1.1293398799558296,0.2552303077990548,1.9798105131274255,0.05370398110848956,0.20203165207563356,False,False,False,False
LSQ15aja_B_comb_dup.fits,dup,B,0.23,25,1.3059118409205803,1.328245787917671,0.06241715852011296,1.469762571527075,0.047286129432817646,0.0933323809152189,False,False,False,False
LSQ15aja_V_comb_dup.fits,dup,V,0.23,25,1.2221017890371073,1.236442521752219,0.06262319788655828,1.335404763387283,0.08396105013916068,0.13752276562378896,False,False,False,False
LSQ15aja_V_comb_swo.fits,swo,V,0.43,25,1.3262294739635947,1.4123658890139092,0.27370960284331963,2.2818507150524745,0.12229304796632695,0.3999618242590246,False,False,False,False
LSQ15alq_B_comb_dup.fits,dup,B,0.23,25,1.1663335539981028,1.1695529031944223,0.03621797920885721,1.2480431611646379,0.04347528906898279,0.07717108412773355,False,False,False,False
LSQ15alq_V_comb_dup.fits,dup,V,0.23,25,1.1313818254856596,1.1360582747652808,0.056544565758900295,1.2993083556760436,0.037783091692766585,0.07051865093667309,False,False,False,False
LSQ15alq_V_comb_swo.fits,swo,V,0.43,25,1.5225076134047897,1.5895856896061955,0.21125220285163038,1.988035402850582,0.17794052544854888,0.44710390598002303,False,False,False,False
LSQ15bv_B_comb_dup.fits,dup,B,0.23,25,0.9251073758406485,0.9302457519459324,0.058546203359894744,1.071757940323533,0.02982877308112523,0.0488604978370728,False,False,False,False
LSQ15bv_V_comb_dup.fits,dup,V,0.23,25,0.9679869102468939,1.003284069021005,0.1754386382782797,1.805350554881714,0.03203330340202566,0.06330026566241476,False,False,False,False
LSQ15bv_V_comb_swo.fits,swo,V,0.43,25,1.7634238993388487,1.8800521908955359,0.36079003900486184,3.4842514297107314,0.06170799583838308,0.14207565648767018,False,False,False,False
PS1-14xw_V_comb_swo.fits,swo,V,0.43,25,1.4126361480978997,1.5071286124967107,0.29910339578881845,2.2263110615599224,0.2279062069279331,0.49682169858949843,False,False,False,False
PS15sv_B_comb_dup.fits,dup,B,0.23,25,1.1530998576241642,1.1830981034439552,0.06365017196859701,1.356318538441646,0.03834457348514989,0.10735888678415195,False,False,False,False
PS15sv_V_comb_dup.fits,dup,V,0.23,25,1.0178934319534898,1.054601023065583,0.08805214635629591,1.1738238993139467,0.11017821015818902,0.17330145190148538,False,False,False,False
PS15sv_V_comb_swo.fits,swo,V,0.43,25,1.552482591873952,1.5445321837641979,0.11389153696115552,1.8070323712778111,0.11872169198208604,0.2145625651494958,False,False,False,False
PTF11pbp_B_comb_dup.fits,dup,B,0.23,25,0.9470946575395779,1.0564145175869306,0.30006030541169604,1.8812907516989588,0.03841277915112568,0.15358149587020198,False,False,False,False
PTF11pbp_V_comb_dup.fits,dup,V,0.23,25,1.0004602978355759,1.1027838609637215,0.2814405186201298,1.9136065712201504,0.04003941717531096,0.09189543114241105,False,False,False,False
PTF11pbp_V_comb_swo.fits,swo,V,0.43,25,1.88115143520112,1.914522344828743,0.10596747047717398,2.1864579883570157,0.07856034072345942,0.1466366432968811,False,False,False,False
PTF11ppn_B_comb_dup.fits,dup,B,0.23,25,1.3384397020585082,1.3520789950752663,0.09695925858483836,1.5959043200430716,0.047498314138315026,0.08961240522080782,False,False,False,False
PTF11ppn_V_comb_dup.fits,dup,V,0.23,25,1.3033316258693193,1.337611144616548,0.13200659188529704,1.8906076141019021,0.022672288684813625,0.0693219323702976,False,False,False,False
PTF11ppn_V_comb_swo.fits,swo,V,0.43,25,1.8066328223686472,1.848391633952745,0.25248124755941714,2.8077379340742614,0.040011257628143476,0.0874344271882046,False,False,False,False
PTF11pra_B_comb_dup.fits,dup,B,0.23,25,1.032324965649357,1.3262203829476784,0.6213473389823363,3.4666269786160955,0.09011989946005428,0.8476215512579958,False,False,False,False
PTF11pra_V_comb_dup.fits,dup,V,0.23,25,1.0168318748405734,1.2339231347202968,0.5554065239118142,3.409569162371247,0.08314597435449089,0.7840745939623494,False,False,False,False
PTF11pra_V_comb_swo.fits,swo,V,0.43,22,1.5281890622881629,2.004531061411321,0.8699699068028544,4.490815637994024,0.12033614467531749,1.24927585053126,False,False,False,False
PTF13anh_B_comb_dup.fits,dup,B,0.23,25,1.3384671026163477,1.3467471783912977,0.08819117810386515,1.5877457988636463,0.08764041261727548,0.178814336037171,False,False,False,False
PTF13anh_V_comb_dup.fits,dup,V,0.23,25,1.30167479136383,1.2942858243158257,0.07278831656342719,1.4550083228903197,0.08712713056597451,0.16639760604159126,False,False,False,False
PTF13duj_B_comb_dup.fits,dup,B,0.23,25,0.958636322775755,0.962534074920571,0.08491049440387373,1.2977912045707654,0.0474552502429392,0.12056134436126764,False,False,False,False
PTF13duj_V_comb_dup.fits,dup,V,0.23,25,0.9032027356626978,0.9606013962334282,0.1254590952806168,1.2544737025135961,0.04179886286705852,0.2542622893483881,False,False,False,False
PTF13duj_V_comb_swo.fits,swo,V,0.43,25,1.3744216726747847,1.4349217137080956,0.1702579186769148,2.060914950169668,0.12313991914002516,0.2608814258324512,False,False,False,False
PTF13dwl_B_comb_dup.fits,dup,B,0.23,25,1.0457107082659514,1.0480282969065093,0.04331281850256665,1.144392567710481,0.04883850786655337,0.08093073380292615,False,False,False,False
PTF13dwl_V_comb_dup.fits,dup,V,0.23,25,1.0113138863891653,1.0351323866567481,0.08995581318964899,1.2900546872975176,0.07766139126475038,0.15650186908181662,False,False,False,False
PTF13dym_B_comb_dup.fits,dup,B,0.23,22,1.2529214132854263,1.334631769552589,0.24147943184902568,2.1381040080623284,0.03684978646182051,0.09735531315567458,False,False,False,False
PTF13dym_V_comb_dup.fits,dup,V,0.23,25,1.0535956801628283,1.186015532381824,0.33087804060562004,2.153294486648458,0.06880549603591456,0.23391377170116345,False,False,False,False
PTF13ebh_B_comb_dup.fits,dup,B,0.23,22,2.601818904454496,2.596781707188804,0.02415951275112689,2.6348867595562706,0.016332659091007222,0.04292781699206483,False,True,False,True
PTF13ebh_V_comb_dup.fits,dup,V,0.23,25,1.7307056694894944,1.7342468519828262,0.023192043563596526,1.8162685958293914,0.013237373022372378,0.03031139517781889,False,False,False,False
PTF13ebh_V_comb_swo.fits,swo,V,0.43,25,2.128205655246094,2.2512570022297305,0.4264134648445839,4.176363774428041,0.07937360631932248,0.15232931328657529,False,True,False,True
PTF13efe_B_comb_dup.fits,dup,B,0.23,25,1.3040003186165487,1.2986832178671577,0.04429562025172687,1.4100696637719472,0.02784279377361267,0.07172690370833057,False,False,False,False
PTF13efe_V_comb_dup.fits,dup,V,0.23,25,1.220425061074169,1.2388255038720688,0.05881178109826928,1.4579281594021,0.02713342005958749,0.0672796228779764,False,False,False,False
PTF13efe_V_comb_swo.fits,swo,V,0.43,25,1.617951295053267,1.721800452286863,0.4073139286569569,3.264616073365321,0.18562427097289821,0.4165430866087867,False,False,False,False
PTF13ez_B_comb_dup.fits,dup,B,0.23,25,1.3058903537174862,1.4037948077252338,0.3661038972597541,3.090887177084874,0.04100999342344067,0.13240551155538594,False,False,False,False
PTF13ez_V_comb_dup.fits,dup,V,0.23,25,1.4218267603311772,1.5587058573132133,0.4385858833233805,3.0050604976424005,0.05805670478386182,0.21768111456077976,False,False,False,False
PTF14aje_B_comb_dup.fits,dup,B,0.23,25,0.9238870832081113,0.9741754350145095,0.13669525805931693,1.5269585050844572,0.023137049515174424,0.1001364591375079,False,False,False,False
PTF14aje_V_comb_dup.fits,dup,V,0.23,25,1.0629663515069094,1.108817336966696,0.14330162389788056,1.6482560871788854,0.05759944802141545,0.15914951638926622,False,False,False,False
PTF14fpg_B_comb_dup.fits,dup,B,0.23,20,1.4470499561742536,1.4996647067582853,0.21240883943771705,2.390392941713705,0.03278507658053561,0.0646616196921499,False,False,False,False
PTF14fpg_V_comb_dup.fits,dup,V,0.23,25,1.296508803434553,1.3296255250033706,0.16961544732284403,2.1281420584208655,0.02584023180130115,0.059058801081707024,False,False,False,False
PTF14fpg_V_comb_swo.fits,swo,V,0.43,25,1.6549596287167823,1.7320802665524164,0.22890543106093136,2.4796622478182817,0.06784812149709143,0.167865157925829,False,False,False,False
PTF14gnl_B_comb_dup.fits,dup,B,0.23,19,0.8942252565989356,0.9468845630212746,0.18746087371805303,1.6785579614468542,0.015574058858567582,0.039962943718191424,False,False,False,False
PTF14gnl_V_comb_dup.fits,dup,V,0.23,24,0.8112166588219407,0.8573108341190839,0.16311080397467195,1.5911633340283624,0.027708235761463893,0.07978286083245123,False,False,False,False
PTF14uo_B_comb_dup.fits,dup,B,0.23,21,0.979799548019424,1.002629516389116,0.2194848922819113,1.6671729480133768,0.07558746220792507,0.13278703458482066,False,False,False,False
PTF14uo_V_comb_dup.fits,dup,V,0.23,25,0.8728012584706388,1.0067504209007823,0.2884463953082052,1.7791974937150603,0.09835984958680663,0.49705133526958367,False,False,False,False
PTF14w_B_comb_dup.fits,dup,B,0.23,16,1.0069534954545039,1.1638969277999895,0.35794112481046897,2.037150656539691,0.016255312855424246,0.4365031757664394,False,False,False,False
PTF14w_V_comb_dup.fits,dup,V,0.23,22,1.0624427129666172,1.190544449662169,0.31155422777008385,2.215651552174824,0.03044794271316689,0.18387881509684,False,False,False,False
PTF14w_V_comb_swo.fits,swo,V,0.43,24,1.2634423184120287,1.432561292539602,0.3765968756936723,2.5658853993661883,0.10917021101031703,0.6558915343014864,False,False,False,False
PTF14yy_B_comb_dup.fits,dup,B,0.23,22,1.0332154108737415,1.073673864337984,0.24647206957060724,1.9762840817867953,0.04667717235553775,0.1355446719356369,False,False,False,False
PTF14yy_V_comb_dup.fits,dup,V,0.23,25,0.9499355674861174,1.0649846934774976,0.31319383709341736,2.0640129590785072,0.0698722644478647,0.47065231658316553,False,False,False,False
SN04dt_B_comb_dup.fits,dup,B,0.23,13,1.4507730892471449,1.6604460349273462,0.5702626712285171,2.822547930280373,0.0578920759538014,0.8929746126850686,False,False,False,False
SN04dt_V_comb_dup.fits,dup,V,0.23,14,1.2943876838757582,1.3418880012249745,0.31798785889415343,2.2065451377153904,0.025803545805035317,0.04387919439597421,False,False,False,False
SN04ef_B_comb_dup.fits,dup,B,0.23,24,1.631205181067636,1.668562154451223,0.14515919995691215,2.220953138621047,0.022049235247301357,0.04484658347051962,False,False,False,False
SN04ef_V_comb_dup.fits,dup,V,0.23,25,1.6718550768219238,1.7122548545873266,0.26946516985663727,2.5578200858141678,0.03125698889462323,0.08027276048295717,False,False,False,False
SN04eo_B_comb_dup.fits,dup,B,0.23,24,1.0229589323286556,1.0942331835152825,0.15451557787405684,1.5559443034587275,0.06890333040926817,0.23730532118470127,False,False,False,False
SN04eo_V_comb_dup.fits,dup,V,0.23,25,0.9770088095163895,1.0034514367731397,0.11028907816152626,1.3344768441172505,0.030014604167405694,0.07803117792403613,False,False,False,False
SN04ey_B_comb_dup.fits,dup,B,0.23,20,1.2179446780375325,1.2159267786934251,0.15762151730945062,1.5365105611223777,0.06793173788180017,0.13137158363849966,False,False,False,False
SN04ey_V_comb_dup.fits,dup,V,0.23,24,1.266453496172721,1.2592396650499034,0.09712869698460272,1.4462414639207175,0.06248113970689312,0.13247390554300043,False,False,False,False
SN04gs_B_comb_dup.fits,dup,B,0.23,20,0.9713232309929056,1.0624260648165869,0.31823816056831106,2.2594512370602593,0.05010313684848821,0.170853037302945,False,False,False,False
SN04gs_V_comb_dup.fits,dup,V,0.23,25,1.4258103791188628,1.5131945931012223,0.2927890421563883,2.7259056299418636,0.050621021287721425,0.13758093795695747,False,False,False,False
SN04gu_B_comb_dup.fits,dup,B,0.23,14,1.3118397627602314,1.5115175565225,0.5357501841180327,2.877882642908989,0.040166927845626095,0.7209173514023257,False,False,False,False
SN04gu_V_comb_dup.fits,dup,V,0.23,15,1.1757677091936414,1.4758417369476236,0.49778014172761786,2.5416077785193076,0.06914609589951091,0.8714311583720322,False,False,False,False
SN05A_B_comb_dup.fits,dup,B,0.23,16,0.9049574883547329,1.0305269327977777,0.3102604038749815,1.9287242067551402,0.10137388880790403,0.4203809766044748,False,False,False,False
SN05A_V_comb_dup.fits,dup,V,0.23,16,1.1674800425730392,1.1866815722893198,0.4195597932082855,2.1246984617560796,0.5616297719985308,0.8107007672936636,False,False,False,False
SN05M_B_comb_dup.fits,dup,B,0.23,11,1.2389874267494985,1.2435622660870314,0.2038702447082334,1.6952812561073682,0.05360059001000632,0.09966583146430863,False,False,False,False
SN05M_V_comb_dup.fits,dup,V,0.23,13,1.0730935401122377,1.1337075111046344,0.2976218785096607,1.8388113110434694,0.09831270725430775,0.2248598081012163,False,False,False,False
SN05W_B_comb_dup.fits,dup,B,0.23,12,1.701381418827332,1.8063928527909094,0.22663021160914895,2.1437095738494794,0.13329135038076695,0.48932636059650414,False,False,False,False
SN05W_V_comb_dup.fits,dup,V,0.23,18,1.418554360919442,1.5380043250049298,0.3120455814451378,2.611802968998869,0.020974671440906558,0.16429704112478727,False,False,False,False
SN05ag_B_comb_dup.fits,dup,B,0.23,19,1.168434263047121,1.243715603953731,0.23489065733795925,2.1636486202880443,0.045110617929013136,0.10943462911178625,False,False,False,False
SN05ag_V_comb_dup.fits,dup,V,0.23,25,1.2044226744449325,1.3669057790767603,0.33233217866512743,2.5504836234732116,0.03481569124459993,0.3891469498377871,False,False,False,False
SN05al_B_comb_dup.fits,dup,B,0.23,20,1.3449727822910582,1.3707073185993923,0.09537933114397083,1.5694104046780508,0.06847306231885462,0.13982140679582367,False,False,False,False
SN05al_V_comb_dup.fits,dup,V,0.23,25,1.2034016466012447,1.2655177056794755,0.26488353322609526,2.4110525098137283,0.11309304232072337,0.2206388372374133,False,False,False,False
SN05am_B_comb_dup.fits,dup,B,0.23,23,1.4425093944219654,1.5023884382380732,0.32089523466714204,2.6950125188442504,0.049325993332778775,0.16276777998337022,False,False,False,False
SN05am_V_comb_dup.fits,dup,V,0.23,25,1.2509774851011963,1.3669966510190588,0.24808328393507187,2.0925307143319234,0.07015890399570075,0.2561695160377808,False,False,False,False
SN05be_B_comb_dup.fits,dup,B,0.23,17,1.252024357738169,1.3734375134774162,0.32628716409578573,2.3797683493867265,0.03430899197755739,0.11566260833209774,False,False,False,False
SN05be_V_comb_dup.fits,dup,V,0.23,18,0.9697530330881341,1.1027269597198728,0.352312205908139,2.039940248502303,0.06129803927521247,0.336061083752925,False,False,False,False
SN05bg_B_comb_dup.fits,dup,B,0.23,16,1.2008279124460002,1.215611660666727,0.36788824290273026,2.3572018918859095,0.057278347157242324,0.35381211365443477,False,False,False,False
SN05bg_V_comb_dup.fits,dup,V,0.23,16,1.2272160239356127,1.1913111057600654,0.213435011020296,1.4999513325975982,0.06304326599860119,0.09858924984936857,False,False,False,False
SN05bl_B_comb_dup.fits,dup,B,0.23,14,1.2546900175059215,1.3930096539223318,0.4759272705432747,2.4960655128914615,0.05011125331786015,0.11221958403696197,False,False,False,False
SN05bl_V_comb_dup.fits,dup,V,0.23,21,1.3930890895623087,1.5616096561502788,0.3981683009904013,2.589230371751592,0.05244300358153951,0.34388189145370807,False,False,False,False
SN05bo_B_comb_dup.fits,dup,B,0.23,24,1.0823473622743767,1.1144135920167708,0.1041754324181805,1.3997696733208038,0.032588674936999754,0.06294859230869299,False,False,False,False
SN05bo_V_comb_dup.fits,dup,V,0.23,23,1.3838500896455024,1.4443556480802946,0.36699789639700875,3.1090462408494934,0.019920432997054795,0.04751773210236898,False,False,False,False
SN05el_B_comb_dup.fits,dup,B,0.23,23,1.1046623513901006,1.1725086904852227,0.1476164691341474,1.658559337855545,0.04002197324961367,0.1930609910437564,False,False,False,False
SN05el_V_comb_dup.fits,dup,V,0.23,24,1.0796971571967484,1.1211703140201157,0.12308310348216438,1.5054035669747228,0.031299211951365674,0.09513371918492552,False,False,False,False
SN05eq_B_comb_dup.fits,dup,B,0.23,12,0.9412286017117675,1.1041123826894437,0.407980274324986,2.15708573783434,0.04761048903357309,0.27745739263553226,False,False,False,False
SN05eq_V_comb_dup.fits,dup,V,0.23,15,0.856838166063649,0.8412082114061368,0.2899568025424036,1.6683455305334614,0.03692334570458562,0.3583373320429629,False,False,False,False
SN05gj_V_comb_dup.fits,dup,V,0.23,15,1.0013622802146716,1.046731131290417,0.1402626374229565,1.5278629384583964,0.030250308989548804,0.07727466983734754,False,False,False,False
SN05hc_B_comb_dup.fits,dup,B,0.23,11,1.0270082405778476,1.059313995725317,0.2329154213223408,1.6809870512700342,0.031116215277926813,0.06357563639792096,False,False,False,False
SN05hc_V_comb_dup.fits,dup,V,0.23,16,0.7614090023996145,0.7679905888964957,0.29653226991141607,1.4991019273037565,0.06794157853953982,0.2893148553829308,False,False,False,False
SN05hj_B_comb_dup.fits,dup,B,0.23,13,1.0405615869140614,0.9768160530405313,0.14280180469514817,1.0793375041362498,0.018327402413664193,0.18028701814596426,False,False,False,False
SN05hj_V_comb_dup.fits,dup,V,0.23,16,0.7339726471287689,0.6744551424950298,0.15607552674163172,0.8835378645694217,0.019404900776249203,0.31383834716026143,False,False,False,False
SN05hk_B_comb_dup.fits,dup,B,0.23,16,1.047609321286164,1.068286586682777,0.06752276787266967,1.2751039145953798,0.038054352419621726,0.07323270154157946,False,False,False,False
SN05hk_V_comb_dup.fits,dup,V,0.23,18,1.0470016003099238,1.1228118402286755,0.24361366813738994,1.8713529294196014,0.06876133204095106,0.2091242941611412,False,False,False,False
SN05iq_B_comb_dup.fits,dup,B,0.23,22,1.329225190726539,1.3084912981568542,0.2248396400439882,1.978447844470538,0.18016400752659442,0.3042521598907313,False,False,False,False
SN05iq_V_comb_dup.fits,dup,V,0.23,23,1.2260528678967475,1.2567268032277779,0.1960373241910244,1.868550521135135,0.14453166963558178,0.2972921319960049,False,False,False,False
SN05ir_B_comb_dup.fits,dup,B,0.23,13,1.0185001972337058,1.0110496064875063,0.20937928326947514,1.4885511551679724,0.08286527634400254,0.1400680738711848,False,False,False,False
SN05ir_V_comb_dup.fits,dup,V,0.23,10,1.003396895995993,1.0227277696587278,0.05871747115439968,1.158307279126362,0.04378625813441031,0.08375111082579056,False,False,False,False
SN05kc_B_comb_dup.fits,dup,B,0.23,19,0.9441634315246141,0.9814130669653834,0.31881499519470746,2.1908736533892497,0.046895440445536084,0.09572898356682458,False,False,False,False
SN05kc_V_comb_dup.fits,dup,V,0.23,20,0.9006719386123052,0.9275515722413775,0.0855777590622617,1.128520059744785,0.021345345813924593,0.1270087630900374,False,False,False,False
SN05ke_V_comb_swo.fits,swo,V,0.23,23,1.3561122004555344,1.5445521805038063,0.5942291350441687,3.474909824947099,0.04646625078239915,0.193107307170455,False,False,False,False
SN05ki_V_comb_swo.fits,swo,V,0.23,23,1.3993034183240616,1.5507319409397111,0.3701759505499444,2.827366879807507,0.022083463660374034,0.3075600236116196,False,False,False,False
SN05ku_V_comb_swo.fits,swo,V,0.23,25,1.4028267568181034,1.5807046250541652,0.3916010522679581,2.941328338785993,0.03439701900172097,0.561109541751931,False,False,False,False
SN05lu_B_comb_dup.fits,dup,B,0.23,15,0.9092211406327904,0.8932985616116526,0.18038709631599764,1.3513895395255695,0.03298747966417859,0.12735487563501302,False,False,False,False
SN05lu_V_comb_dup.fits,dup,V,0.23,15,0.895401648848644,0.9198291734371394,0.07399746437749054,1.1197496550465356,0.04282795400465672,0.10738038325503452,False,False,False,False
SN05mc_V_comb_swo.fits,swo,V,0.23,24,1.5446314826448895,1.6420441253095908,0.3093011860960588,2.7510359814807157,0.03180495134240667,0.1327822834560206,False,False,False,False
SN05na_V_comb_swo.fits,swo,V,0.23,25,1.4434141975865742,1.5214863583817748,0.18001909859795942,1.9775805856437367,0.05882047745720891,0.32739231302738014,False,False,False,False
SN06D_B_comb_dup.fits,dup,B,0.23,13,1.0798008588087906,1.453306334100868,1.4386652909428257,6.224371534972701,0.10734717119675026,0.1941298458966746,False,False,False,False
SN06D_V_comb_dup.fits,dup,V,0.23,15,0.9224052994009517,0.9977705104270197,0.2244575889585632,1.7716840886968335,0.06756510321171161,0.14134305302623817,False,False,False,False
SN06ax_B_comb_dup.fits,dup,B,0.23,14,0.7501605265197216,0.7185893755782725,0.1352960934360362,0.9347982211649435,0.016949945194425817,0.026699857087121193,False,False,False,False
SN06ax_V_comb_dup.fits,dup,V,0.23,19,0.7263743437375441,0.7664821119362754,0.2940429429200163,1.8850257674460236,0.01271586662982926,0.05089411460863724,False,False,False,False
SN06bd_B_comb_dup.fits,dup,B,0.23,15,0.5161824675752712,0.7468958608661108,0.4230708958902436,1.2604874417893919,0.3022883163069972,0.9038593503382721,False,False,False,False
SN06bd_V_comb_dup.fits,dup,V,0.23,11,1.2379661694108175,1.2477215291012116,0.3109285263586205,2.0561226565428483,0.07938988901884479,0.1416684317061805,False,False,False,False
SN06bh_V_comb_swo.fits,swo,V,0.23,25,1.630187942782104,1.6279983113208083,0.023054131978243082,1.695603946585822,0.01432577866171015,0.030160561851436896,False,False,False,False
SN06br_B_comb_dup.fits,dup,B,0.23,20,1.031424398749834,1.038139674280525,0.10729114395989266,1.4375043472454323,0.01774678132780455,0.04899507295243821,False,False,False,False
SN06bt_V_comb_swo.fits,swo,V,0.23,25,1.6748428528282657,1.8045607224391875,0.38333062806244717,3.2743964735260316,0.024400677030443668,0.06046419020961613,False,False,False,False
SN06dd_V_comb_swo.fits,swo,V,0.23,15,1.1644915173750443,1.246095688575943,0.44754987230649934,2.7702730216648273,0.02829046887123683,0.045502353515882055,False,False,False,False
SN06ef_B_comb_dup.fits,dup,B,0.23,11,0.9641896336717884,1.0413507313134713,0.29204868797197375,1.9019521754217357,0.029690317283728285,0.07862694999833064,False,False,False,False
SN06ef_V_comb_dup.fits,dup,V,0.23,18,0.9210145071321186,1.0016785962816857,0.2856210464462339,1.8065282321940204,0.057578884142376836,0.18175991952820025,False,False,False,False
SN06ej_B_comb_dup.fits,dup,B,0.23,15,0.8251617702797779,0.9666316680805647,0.40469122630450816,2.070493477333566,0.06084303530994142,0.10973457368698913,False,False,False,False
SN06ej_V_comb_dup.fits,dup,V,0.23,17,0.6829262802853641,0.782731571209562,0.42158315277446795,1.8656190214834878,0.07323973075538287,0.31337986998258893,False,False,False,False
SN06eq_V_comb_swo.fits,swo,V,0.23,25,1.338193229673356,1.4629224453467253,0.26768248126541827,2.2772300944668262,0.0324264301090571,0.36590465376254366,False,False,False,False
SN06et_B_comb_dup.fits,dup,B,0.23,10,1.0398731323025074,1.1607209097421025,0.2605254553045342,1.6536145722287712,0.047767847696648325,0.41339686415655796,False,False,False,False
SN06et_V_comb_dup.fits,dup,V,0.23,15,0.9416876120833921,0.9533589325227807,0.25688587055823664,1.5856588766010056,0.028951803143402528,0.2296487102125906,False,False,False,False
SN06ev_V_comb_swo.fits,swo,V,0.23,25,1.682950431080504,1.70039587926416,0.08737150748623078,1.8416519219424143,0.08704976639738046,0.18897250679630306,False,False,False,False
SN06fw_B_comb_dup.fits,dup,B,0.23,16,1.09980121942821,1.1487130245250987,0.39895730511209426,2.537702875159122,0.042702348202595754,0.06708268540741869,False,False,False,False
SN06fw_V_comb_dup.fits,dup,V,0.23,14,0.9576105257664561,0.8375883145718757,0.24348637356864172,1.1733146362403966,0.09998554245442123,0.44753501933067674,False,False,False,False
SN06gj_V_comb_swo.fits,swo,V,0.23,25,1.4867241014736245,1.530729974200132,0.19003038360464214,2.4335228390353723,0.0212731500850789,0.05626953968413728,False,False,False,False
SN06gt_V_comb_swo.fits,swo,V,0.23,16,1.3782722937239693,1.6188747286983092,0.46331908893435886,2.911384238862755,0.05685166449853171,0.6506206677058344,False,False,False,False
SN06hb_V_comb_swo.fits,swo,V,0.23,25,1.254937146187793,1.3159863504610314,0.20091274127542508,2.1950728027859316,0.042967494735074344,0.07157503952346778,False,False,False,False
SN06hx_B_comb_dup.fits,dup,B,0.23,14,1.1239415857008699,1.0750504949810007,0.18959427233889603,1.30196619089116,0.0372219180256229,0.06162099496753792,False,False,False,False
SN06hx_V_comb_dup.fits,dup,V,0.23,19,1.0370252066822803,1.087856827144589,0.36573822709879483,2.3097450436749667,0.06664246963750249,0.13939492749635773,False,False,False,False
SN06is_V_comb_swo.fits,swo,V,0.23,25,1.4038678439484578,1.502270100442193,0.2917146353954797,2.812915777695212,0.029951832382357466,0.1725044046078008,False,False,False,False
SN06kf_B_comb_dup.fits,dup,B,0.23,11,0.9548948686995482,0.9578533649830494,0.19707951746131186,1.3447390385387539,0.06885555105955876,0.19043997040348093,False,False,False,False
SN06kf_V_comb_dup.fits,dup,V,0.23,13,0.8807077451661102,0.9870495518851394,0.32901910261601286,1.930715208762244,0.08304572912523302,0.36815941593702306,False,False,False,False
SN06lu_B_comb_dup.fits,dup,B,0.23,23,0.7830235925900724,0.8104900218557488,0.1598057745215948,1.1153666615658382,0.040385800104825675,0.19678037529239,False,False,False,False
SN06lu_V_comb_dup.fits,dup,V,0.23,24,0.7486557892068825,0.7737813487847496,0.1133775734260388,1.0634047219783864,0.045645541965242606,0.12360956859033045,False,False,False,False
SN06ob_V_comb_swo.fits,swo,V,0.23,18,1.3344462314254883,1.4036110450326562,0.21648897740371986,2.1612945653828657,0.015111021025096523,0.028775193193999682,False,False,False,False
SN06os_B_comb_dup.fits,dup,B,0.23,14,0.3960573292225119,0.7396452734210076,0.4990211332748928,1.4115799542250913,0.1574967654056025,1.0288132212247958,False,False,False,False
SN06os_V_comb_dup.fits,dup,V,0.23,15,1.0740364704316516,0.9237109991116846,0.34156188409187216,1.353072310617915,0.10380730352419418,0.7232664144700838,False,False,False,False
SN06ot_B_comb_dup.fits,dup,B,0.23,14,1.2368909108083672,1.1795313001482655,0.49610676235175855,2.477543167446765,0.05399268605099935,0.6949989485318009,False,False,False,False
SN06ot_V_comb_dup.fits,dup,V,0.23,17,1.0593404266150845,1.1171980152445502,0.35937543127143284,2.3070665205107694,0.05852004083238175,0.22821048780877173,False,False,False,False
SN06py_V_comb_swo.fits,swo,V,0.23,20,1.5714335672577016,1.5502346820182218,0.15895520168163266,1.6395613452310867,0.024281626304621048,0.05390495939585915,False,False,False,False
SN07N_B_comb_dup.fits,dup,B,0.23,13,0.98535395389894,0.9742301851310154,0.19047057851354812,1.2896877459757021,0.08878601222608258,0.1628232103667987,False,False,False,False
SN07N_V_comb_dup.fits,dup,V,0.23,13,1.0277345503528375,1.0001648846589548,0.16649704223053624,1.1848285451639913,0.022527416982170385,0.0888989980665047,False,False,False,False
SN07S_B_comb_dup.fits,dup,B,0.23,19,0.9391375420245018,0.9213801533774767,0.17416153988910738,1.2538548202136348,0.0858569675124978,0.15041811424074347,False,False,False,False
SN07S_V_comb_dup.fits,dup,V,0.23,12,0.8670000485635618,0.9057873495356391,0.20884556718646743,1.541881319168323,0.09434850071629325,0.12666934555909448,False,False,False,False
SN07af_B_comb_dup.fits,dup,B,0.23,13,1.054053487357822,1.0712536710687681,0.1347306662701028,1.300378575054741,0.07229995479707645,0.19652779976504542,False,False,False,False
SN07af_V_comb_dup.fits,dup,V,0.23,16,0.9318235458938147,0.990204782036894,0.12599911279280376,1.3109807436432888,0.05286871008459597,0.21508342118825552,False,False,False,False
SN07ai_V_comb_swo.fits,swo,V,0.23,25,1.7006214435584945,1.7227542995294454,0.10295401725445105,2.028757304867549,0.1061940911704344,0.1823029649881749,False,False,False,False
SN07al_B_comb_dup.fits,dup,B,0.23,16,0.394336472069882,0.6829946506903735,0.5935559436811528,2.3842940105975114,0.12971941552448546,0.6283598876100622,False,False,False,False
SN07al_V_comb_dup.fits,dup,V,0.23,20,0.8852631275996421,0.9272098732494165,0.22134423716712187,1.6548769948309632,0.0711046644466339,0.1239001752146115,False,False,False,False
SN07as_B_comb_dup.fits,dup,B,0.23,17,1.431481976935266,1.3984662296226587,0.1632910071357215,1.5469151855234646,0.05231751914891157,0.08494975115056524,False,False,False,False
SN07as_V_comb_dup.fits,dup,V,0.23,24,1.1899846550263362,1.2063258150371705,0.07574791281216951,1.4713822900340339,0.04220858045146517,0.10969888578584963,False,False,False,False
SN07ax_V_comb_swo.fits,swo,V,0.23,25,1.5429075149951288,1.6387750183238894,0.32289850055874025,2.840222886797929,0.02448296073874872,0.071911000477072,False,False,False,False
SN07ba_B_comb_dup.fits,dup,B,0.23,23,1.039760560271872,1.090489384408896,0.14184664058111882,1.4495732022133265,0.04078964984695818,0.23992569312793222,False,False,False,False
SN07ba_V_comb_dup.fits,dup,V,0.23,23,0.7640801387564493,0.8275504448440433,0.23493420228425094,1.754494766827352,0.026054773462687263,0.06698134070413675,False,False,False,False
SN07bc_B_comb_dup.fits,dup,B,0.23,21,1.3046758600204071,1.3965016110700323,0.3412457940269532,2.791364006717646,0.08078518149115672,0.1364399132270746,False,False,False,False
SN07bc_V_comb_dup.fits,dup,V,0.23,13,0.9809970036200508,1.0752419473117056,0.39949119458227933,2.3974459355532813,0.016022689264592035,0.04214638066642984,False,False,False,False
SN07bd_B_comb_dup.fits,dup,B,0.23,24,1.1543849519807916,1.1954230386347144,0.12340150981193262,1.7044671735974297,0.039998998594007,0.1117188415240209,False,False,False,False
SN07bd_V_comb_dup.fits,dup,V,0.23,24,1.037631817300404,1.037087172836037,0.05994453059667636,1.192285765725637,0.04582236633927204,0.11474112122044722,False,False,False,False
SN07bm_B_comb_dup.fits,dup,B,0.23,21,0.8590955545431898,0.8933010283206406,0.08951310555975987,1.2053904439192271,0.037732953120273645,0.10452437796397207,False,False,False,False
SN07bm_V_comb_dup.fits,dup,V,0.23,24,0.6779711913824789,0.7317232876832723,0.15550784804245255,1.3012562192856545,0.04376931290900443,0.137411785179126,False,False,False,False
SN07ca_B_comb_dup.fits,dup,B,0.23,10,1.3666269745091069,1.3741385963962716,0.02672909634244304,1.4234187656852035,0.013639476027856463,0.04758634683603735,False,False,False,False
SN07ca_V_comb_dup.fits,dup,V,0.23,25,1.2090865813423284,1.2044431945974892,0.07398015822200817,1.444375472503555,0.06047909784155287,0.11426052742902315,False,False,False,False
SN07cg_B_comb_dup.fits,dup,B,0.23,15,0.7238055771756812,0.6442295569752338,0.13254029215824306,0.7540842829062055,0.01297261167864541,0.24107227712077772,False,False,False,False
SN07cg_V_comb_dup.fits,dup,V,0.23,18,0.7694070308482635,0.784772034575135,0.04498283702975097,0.8801818867312482,0.020510160971695716,0.0691465723089526,False,False,False,False
SN07hj_B_comb_dup.fits,dup,B,0.23,12,1.2024243435396391,1.3420177468042385,0.40812497057256925,2.607632938691152,0.04336076789199336,0.1445821991627354,False,False,False,False
SN07hj_V_comb_dup.fits,dup,V,0.23,15,1.1314299683607656,1.2263748427745433,0.4012292787038367,2.6718805424989953,0.022037899461068017,0.04967922407047953,False,False,False,False
SN07hx_B_comb_dup.fits,dup,B,0.23,17,0.39875191913327307,0.7664108502154632,0.5506344160118798,1.5348666055455573,0.16898473172542475,1.15283558382634,False,False,False,False
SN07hx_V_comb_dup.fits,dup,V,0.23,21,1.1184679206338626,1.201456613452547,0.3502806028532698,2.561424671517361,0.03486242670259459,0.06024572536384043,False,False,False,False
SN07jd_B_comb_dup.fits,dup,B,0.23,11,1.3901560939276898,1.1947238126898947,0.346841121553521,1.578618259910659,0.03623629707252048,0.6425593693645848,False,False,False,False
SN07jd_V_comb_dup.fits,dup,V,0.23,11,1.245204807062725,1.0525319652667513,0.336487267317696,1.3613919201913127,0.1583468191744786,0.6267991929259625,False,False,False,False
SN07jg_B_comb_dup.fits,dup,B,0.23,23,1.2834074664027848,1.302100834474692,0.0720978130895088,1.5932535404334027,0.022394350644535425,0.0698879122028837,False,False,False,False
SN07jg_V_comb_dup.fits,dup,V,0.23,25,1.214885291502862,1.2712227532330038,0.17410896713354468,2.0477079666087468,0.02427761920068053,0.0983148116748278,False,False,False,False
SN07jh_B_comb_dup.fits,dup,B,0.23,14,1.0948961497382665,1.1209376983572399,0.2841956861222282,1.934023027014011,0.06843681472089194,0.13815494106030957,False,False,False,False
SN07jh_V_comb_dup.fits,dup,V,0.23,17,0.9092703347108949,0.9670058809632911,0.2344693289966803,1.863332601152967,0.04862194343427821,0.09187587781512296,False,False,False,False
SN07le_B_comb_dup.fits,dup,B,0.23,11,1.2981355487692905,1.3028344324096433,0.03017506945871041,1.3643819398713783,0.030036997367151347,0.04786400647285838,False,False,False,False
SN07le_V_comb_dup.fits,dup,V,0.23,14,1.46456026423182,1.4681729971964965,0.04541823980156235,1.5742833876308708,0.03768869218490888,0.06190510133156302,False,False,False,False
SN07nq_B_comb_dup.fits,dup,B,0.23,15,0.3608878715622877,0.6201001345551204,0.386923601283529,1.1663373772424568,0.0949659221379961,0.83039176614192,False,False,False,False
SN07nq_V_comb_dup.fits,dup,V,0.23,16,0.4626260362880689,1.00060896895985,0.936976888901293,3.6708730193124604,0.23315511305667327,1.1807208541245888,False,False,False,False
SN07ol_B_comb_dup.fits,dup,B,0.23,17,0.36028865061099485,0.821878198048208,0.7420818292278489,2.400829993452512,0.1074180354083479,1.3938376691074463,False,False,False,False
SN07ol_V_comb_dup.fits,dup,V,0.23,11,1.493276576072727,2.551198770696667,2.4630212752193823,7.374204302403523,0.9169697676113409,4.974678214566001,True,False,False,True
SN07on_B_comb_dup.fits,dup,B,0.23,10,1.0192257755537173,1.04075356689211,0.24741115819496504,1.3390320448340443,0.21292033639624505,0.3452297596112581,False,False,False,False
SN07on_V_comb_dup.fits,dup,V,0.23,17,0.8557511372537534,1.170629888021143,0.7671681007935204,3.547869440020291,0.021669025163997283,0.7194995122794704,False,False,False,False
SN07so_B_comb_dup.fits,dup,B,0.23,25,1.3531764543156861,1.4265685819582452,0.2524390157652897,2.3941240996574717,0.06455376735542558,0.11514122819545403,False,False,False,False
SN07so_V_comb_dup.fits,dup,V,0.23,24,1.179721717047093,1.2714804140870193,0.2611173324311125,2.215515842637877,0.05013835175554855,0.16150772534819313,False,False,False,False
SN07st_B_comb_dup.fits,dup,B,0.23,11,1.5694046724700457,1.5996784482134638,0.47171826252035,2.8363144015347634,0.11584059672614933,0.16201106075827787,False,False,False,False
SN07st_V_comb_dup.fits,dup,V,0.23,10,1.5481598533559233,1.636533733907326,0.5019019466508949,2.7413721075428197,0.1056949366892858,0.4421919450517071,False,False,False,False
SN07ux_B_comb_dup.fits,dup,B,0.23,21,0.4451405800281061,0.736374203538535,0.450902610206066,1.9480354787776708,0.1741583523654321,0.7832820367797524,False,False,False,False
SN07ux_V_comb_dup.fits,dup,V,0.23,22,0.6414907777408577,0.7827322319706113,0.3872904860762993,1.5332533543995976,0.4177256964788058,0.7582149567961454,False,False,False,False
SN08C_B_comb_dup.fits,dup,B,0.23,25,1.206385497486219,1.2813292047522589,0.17476115142044066,1.9489364372780422,0.04677123617492629,0.21322919570064336,False,False,False,False
SN08C_V_comb_dup.fits,dup,V,0.23,25,1.306014355283812,1.3480841702483644,0.24229497645109138,2.0533333075663185,0.20605240321659876,0.3817044409053896,False,False,False,False
SN08J_B_comb_dup.fits,dup,B,0.23,25,1.464381141813277,1.9472874357110244,1.122353900923521,6.087269950408173,0.07270947901099924,1.084265431869899,False,False,False,False
SN08J_V_comb_dup.fits,dup,V,0.23,25,1.3354099805092872,1.4579275712664272,0.34779682284441776,2.761399662559055,0.028427439485861097,0.07091153203309175,False,False,False,False
SN08O_B_comb_dup.fits,dup,B,0.23,23,1.4040134075861752,1.4213365437307153,0.04406424931865633,1.56238342424531,0.00911950977212059,0.025575313997260762,False,False,False,False
SN08O_V_comb_dup.fits,dup,V,0.23,23,1.5822844929513638,1.6607647814578026,0.2162996414842684,2.4475346931405286,0.02294431189580151,0.14798500117623714,False,False,False,False
SN08R_B_comb_dup.fits,dup,B,0.23,20,1.0526492209168663,1.159128260198528,0.5008287826939407,3.0773988529461667,0.09817326306894017,0.17593051222913725,False,False,False,False
SN08R_V_comb_dup.fits,dup,V,0.23,15,1.078794009671319,1.1835653966328443,0.5257637302018117,2.9281225210945645,0.21043163412638158,0.32070527858612297,False,False,False,False
SN08ae_B_comb_dup.fits,dup,B,0.23,12,1.1323253253149517,1.1473194649713074,0.04702848574051236,1.249227329167911,0.0451215457448609,0.07312034917761445,False,False,False,False
SN08ae_V_comb_dup.fits,dup,V,0.23,23,1.1250162032936668,1.394422369780178,0.6301846251197546,2.937599652805588,0.03529720675395336,0.6795592365775871,False,False,False,False
SN08ar_B_comb_dup.fits,dup,B,0.23,24,0.4064766110156376,0.5575239517375151,0.3150654642839363,1.3183825234835882,0.15214190261348876,0.6552907833634286,False,False,False,False
SN08ar_V_comb_dup.fits,dup,V,0.23,17,0.3993512487375966,0.6291431797540828,0.377830989985927,1.4015806207428332,0.15961602018824775,0.6339700941120354,False,False,False,False
SN08bc_B_comb_dup.fits,dup,B,0.23,25,1.0275844084067676,1.097428026390519,0.20426356526839767,1.569403050963933,0.15453000764200836,0.3570612087962185,False,False,False,False
SN08bc_V_comb_dup.fits,dup,V,0.23,25,1.1368823125873802,1.1329218893594108,0.16965406501867927,1.4871062249958107,0.19479369025956333,0.30449750654195595,False,False,False,False
SN08bd_B_comb_dup.fits,dup,B,0.23,25,1.0447757409257221,1.0467214265205014,0.036046447272666315,1.1249639325395062,0.03366788243365597,0.06674320699893022,False,False,False,False
SN08bd_V_comb_dup.fits,dup,V,0.23,25,0.9945219914643636,0.9951677710766675,0.06912864736985463,1.2542535529242913,0.046399663513162145,0.06949443694607338,False,False,False,False
SN08bi_B_comb_dup.fits,dup,B,0.23,19,1.2726403983859118,1.3425178931008985,0.23024125783327326,2.115687156678702,0.11260502014186445,0.26139585425251655,False,False,False,False
SN08bi_V_comb_dup.fits,dup,V,0.23,22,1.1362155393871318,1.3345361823189388,0.44484849832893575,2.5125985442925285,0.20005070009459125,0.7669676397975025,False,False,False,False
SN08bq_B_comb_dup.fits,dup,B,0.23,21,1.3228411642227633,1.3701317924459506,0.2279113537253693,2.266296258310876,0.11174774786256043,0.20156753447744813,False,False,False,False
SN08bq_V_comb_dup.fits,dup,V,0.23,25,1.3361500578410905,1.4683181089403394,0.3213357468040069,2.506278356572143,0.11214647061054897,0.33559647117161373,False,False,False,False
SN08bt_B_comb_dup.fits,dup,B,0.23,22,0.9661504085810504,1.1009203464297441,0.4801664340415789,3.157310720856103,0.0393075188837684,0.16467965905728854,False,False,False,False
SN08bt_V_comb_dup.fits,dup,V,0.23,22,0.9041342209163654,0.9350009600010036,0.1474985598620057,1.534499428460725,0.03507557625059784,0.08987603276808398,False,False,False,False
SN08bz_B_comb_dup.fits,dup,B,0.23,11,0.865093092770034,0.860988166594521,0.14244307963679975,1.1997158767891667,0.0420788478916557,0.08130952009707393,False,False,False,False
SN08bz_V_comb_dup.fits,dup,V,0.23,21,0.6685237472148569,0.5814783527833327,0.1900078696923332,0.8886570393456859,0.1879379482333368,0.4014640274465775,False,False,False,False
SN08cc_B_comb_dup.fits,dup,B,0.23,25,1.5535511178558536,1.6204143658765409,0.23378889738574093,2.6329236354426366,0.036877610899795875,0.0805909940152012,False,False,False,False
SN08cc_V_comb_dup.fits,dup,V,0.23,25,1.6418110305335307,1.6921338117505165,0.23033988408308917,2.7257622201634675,0.07381507098220798,0.14580144968955855,False,False,False,False
SN08cd_B_comb_dup.fits,dup,B,0.23,23,1.1194857370032545,1.2427688387902038,0.431859776801391,3.115753890796058,0.14604720783912975,0.2884454924744386,False,False,False,False
SN08cd_V_comb_dup.fits,dup,V,0.23,22,1.0031506657002631,1.156073043257911,0.5651025742531288,3.64596539243671,0.038354762532223786,0.08280833806128773,False,False,False,False
SN08cf_B_comb_dup.fits,dup,B,0.23,25,0.7779377360954346,0.9043849740503157,0.27559897559805757,1.8199407445075102,0.057069580676460674,0.43539509005304444,False,False,False,False
SN08cf_V_comb_dup.fits,dup,V,0.23,25,0.8481512135667372,0.9430911256106294,0.3017738431440366,1.9942698336833022,0.08920538177337417,0.2023189684603609,False,False,False,False
SN08fl_B_comb_dup.fits,dup,B,0.23,25,1.5235958826759595,1.5411643296837432,0.06912482840033783,1.7993034654774163,0.043295831221986075,0.09943500012831796,False,False,False,False
SN08fl_V_comb_dup.fits,dup,V,0.23,25,1.4657260812198176,1.5605998430739225,0.2885635000138585,2.693691403544635,0.08406630469806295,0.22008415672630655,False,False,False,False
SN08fp_B_comb_dup.fits,dup,B,0.23,25,0.8351796126899297,1.1241333087646572,0.8175914340800561,4.584908420657183,0.20990165606750052,0.34367714406696215,False,False,False,False
SN08fp_V_comb_dup.fits,dup,V,0.23,25,1.0057653750674802,1.004832450895602,0.11714106848789442,1.2708071668060128,0.1292730496942334,0.2236654542696812,False,False,False,False
SN08fr_B_comb_dup.fits,dup,B,0.23,18,1.2500700062793442,1.3172322140869168,0.14359467036376308,1.6031762990603269,0.046032259518085566,0.2933601835932036,False,False,False,False
SN08fr_V_comb_dup.fits,dup,V,0.23,25,1.1062558697607214,1.2020507552618822,0.2827024072856062,2.0438102526618938,0.08530297244296348,0.4744977306128102,False,False,False,False
SN08fu_B_comb_dup.fits,dup,B,0.23,25,1.1540799711513714,1.2374124646609979,0.22538147550803475,1.9102186245152397,0.06350393857792189,0.20192789260163213,False,False,False,False
SN08fu_V_comb_dup.fits,dup,V,0.23,25,1.0118641873699072,1.121547147309502,0.234708363540242,1.7726979941533068,0.025674013995476253,0.2343851478305362,False,False,False,False
SN08fw_B_comb_dup.fits,dup,B,0.23,25,0.9073081215952498,0.9623277870731185,0.13959132665578905,1.4178274762847007,0.05159291880927016,0.24422370364454626,False,False,False,False
SN08fw_V_comb_dup.fits,dup,V,0.23,25,0.9859460131816632,1.0704395295301417,0.17597048082680633,1.4753256440974922,0.05451207758212749,0.2702276018234028,False,False,False,False
SN08gg_B_comb_dup.fits,dup,B,0.23,25,1.2496661398441604,1.3980763061470112,0.41290440228184705,3.023378755129186,0.017733372289940333,0.19565583646706552,False,False,False,False
SN08gg_V_comb_dup.fits,dup,V,0.23,25,1.1737625557246851,1.2866002711807678,0.28230539178992115,2.0425700610414106,0.009699197759621924,0.11971983282820386,False,False,False,False
SN08gl_B_comb_dup.fits,dup,B,0.23,25,0.9423881286646255,1.1594769687247284,0.5237099056369117,2.474822336291318,0.23775148153578354,0.878283514242141,False,False,False,False
SN08gl_V_comb_dup.fits,dup,V,0.23,24,1.0754404255631598,1.2938456284390008,0.4638103362419708,2.48421658752616,0.21775259003155026,0.8338357552028586,False,False,False,False
SN08go_B_comb_dup.fits,dup,B,0.23,25,1.250758241684469,1.3321353355730603,0.3405581706611676,2.665287216910551,0.0496723339033542,0.10794800380153591,False,False,False,False
SN08go_V_comb_dup.fits,dup,V,0.23,25,1.0528562241355512,1.1243694372894824,0.200738020406244,1.85203978291149,0.0130016167184341,0.07032476605640303,False,False,False,False
SN08gp_B_comb_dup.fits,dup,B,0.23,25,0.9707150794213598,0.9731788775301647,0.030027196684337124,1.0562164985181826,0.025843269338794408,0.04306916976736774,False,False,False,False
SN08gp_V_comb_dup.fits,dup,V,0.23,25,0.9224757884819219,0.9438658267210951,0.1009213474749132,1.318354674730398,0.020060351382925775,0.03865882932259135,False,False,False,False
SN08ha_V_comb_swo.fits,swo,V,0.23,25,1.774026295416801,1.8487854771421715,0.3145763553854879,3.066260559932861,0.04910929303800107,0.07866227813569604,False,False,False,False
SN08hj_B_comb_dup.fits,dup,B,0.23,24,1.1497935955516176,1.5213636453809103,0.6196098901445054,3.2386386542548777,0.13875473919206827,1.1725646602213322,False,False,False,False
SN08hj_V_comb_dup.fits,dup,V,0.23,25,1.006444961260875,1.1231130132354181,0.3383085312815538,2.5285577803661625,0.02717514453807567,0.16389658795432993,False,False,False,False
SN08hu_B_comb_dup.fits,dup,B,0.23,25,1.2397817814851315,1.1929460030148349,0.2094649533614354,1.6199538170040928,0.3003149529662085,0.43277347119564635,False,False,False,False
SN08hu_V_comb_dup.fits,dup,V,0.23,25,1.1267449319222036,1.2005762518725829,0.18297476185991168,1.6618296803009651,0.11216879291982852,0.335885807756084,False,False,False,False
SN08hv_V_comb_dup.fits,dup,V,0.23,24,1.134515537618649,1.444020429721913,1.1744560188799822,6.706947272699129,0.07506817757807539,0.17160762306089117,False,False,False,False
SN08ia_B_comb_dup.fits,dup,B,0.23,25,1.020286297209171,1.0921370877359022,0.14268271472433103,1.4824283077673648,0.0615625918016744,0.27414838645101625,False,False,False,False
SN08ia_V_comb_dup.fits,dup,V,0.23,25,1.1193463399470216,1.176321593859697,0.18951937792901272,1.7863408569079278,0.14363672564612662,0.23536528097675435,False,False,False,False
SN09D_B_comb_dup.fits,dup,B,0.23,24,1.0591531536621095,1.314153299375715,0.732275112497467,4.500246542052294,0.01830640671817039,0.5079733120102539,False,False,False,False
SN09D_V_comb_dup.fits,dup,V,0.23,25,0.8780265851303245,1.0883844022382183,0.8271841928866153,5.009943175799005,0.023104823517516925,0.16057942571543216,False,False,False,False
SN09F_B_comb_dup.fits,dup,B,0.23,25,1.4050196251480918,1.500521812826881,0.30197220453406315,2.567282336190651,0.03934473817042045,0.07883494016369386,False,False,False,False
SN09F_V_comb_dup.fits,dup,V,0.23,25,1.0836965869759432,1.232313037905542,0.3031532932173234,2.240560268203888,0.07898547105181741,0.3712301259762001,False,False,False,False
SN09I_B_comb_dup.fits,dup,B,0.23,25,1.1401266809302901,1.3224964717536454,0.4701161391212418,2.87101794949267,0.03277612544323611,0.260239318449039,False,False,False,False
SN09I_V_comb_dup.fits,dup,V,0.23,25,1.1041570152301792,1.8655393401166935,1.6520509041122406,7.13567162599868,0.27517814349392,1.7369350830607273,False,False,False,False
SN09J_B_comb_dup.fits,dup,B,0.23,25,1.390899492157267,1.4225395805664975,0.13519808591432483,2.052961424977405,0.023611241375986886,0.05486010700626176,False,False,False,False
SN09J_V_comb_dup.fits,dup,V,0.23,24,1.1993897837462573,1.3175293820748082,0.4446531035227737,3.3571190905598622,0.04645596051622757,0.1374953805464787,False,False,False,False
SN09P_B_comb_dup.fits,dup,B,0.23,24,1.3693786550403135,1.577487090529541,0.6341207169314426,3.7753152251790607,0.03316450600153139,0.0993868511501681,False,False,False,False
SN09P_V_comb_dup.fits,dup,V,0.23,25,1.0414204663334627,1.1814149642259004,0.473522218083879,3.337331857566403,0.034193965279228467,0.07177375928919671,False,False,False,False
SN09Y_B_comb_dup.fits,dup,B,0.23,25,1.4441452479138568,1.4706846052711817,0.09039217586800866,1.8413994675088905,0.02079955939369664,0.0548461831707272,False,False,False,False
SN09Y_V_comb_dup.fits,dup,V,0.23,25,1.4637117156920725,1.5003490778642332,0.16567872170866732,2.2836404086254496,0.025184378070450552,0.04592267776118919,False,False,False,False
SN09aa_V_comb_swo.fits,swo,V,0.23,25,1.1153049805520645,1.139877314285532,0.11897092487002033,1.6842390589116971,0.03132971962295325,0.08227417287740102,False,False,False,False
SN09ab_B_comb_dup.fits,dup,B,0.23,25,1.0522949654342442,1.0880184207223529,0.1692478405156398,1.888480055270653,0.019016736822259746,0.049573087003006444,False,False,False,False
SN09ab_V_comb_dup.fits,dup,V,0.23,25,0.9543176725741571,1.0380314803374513,0.21823391622307506,1.86037424199137,0.02351289295873933,0.17635119509885122,False,False,False,False
SN09ad_B_comb_dup.fits,dup,B,0.23,25,1.0334978758760707,1.304187862162559,1.1303901240911218,6.693067661663748,0.04681586177372375,0.1475580365515956,False,False,False,False
SN09ad_V_comb_dup.fits,dup,V,0.23,25,1.2751298238526831,1.2902936220395986,0.08400724436461711,1.5927179448922846,0.03928140057839039,0.07986337470380933,False,False,False,False
SN09ag_B_comb_dup.fits,dup,B,0.23,25,0.9638606519081976,1.076091069975431,0.2165473117715912,1.8221150248023499,0.13743527599586614,0.3155962538396636,False,False,False,False
SN09ag_V_comb_dup.fits,dup,V,0.23,25,1.0423527213483181,1.0958494399584484,0.18359315072174212,1.615099209520925,0.1308093044965116,0.24493158299819695,False,False,False,False
SN09al_B_comb_dup.fits,dup,B,0.23,25,1.4065303252831798,1.5182314202424414,0.33495353183427684,2.5593489366740765,0.0573256868876112,0.21583636509202386,False,False,False,False
SN09al_V_comb_dup.fits,dup,V,0.23,25,1.5462455287568542,1.6796330395895027,0.3626935376462946,2.74548615802738,0.08329151872658234,0.3107639955242647,False,False,False,False
SN09cz_B_comb_dup.fits,dup,B,0.23,24,1.1737173317239806,1.567667752599493,0.997198509552491,5.759852509130566,0.11540569527449257,0.8038803351921711,False,False,False,False
SN09cz_V_comb_dup.fits,dup,V,0.23,25,1.0101284965170045,1.0795607668150706,0.19560968978138374,1.9295521071936956,0.06523647048794048,0.1545314039077441,False,False,False,False
SN09dc_B_comb_dup.fits,dup,B,0.23,24,1.8191004126965495,1.8586849948471198,0.195977384067086,2.7699242697923516,0.03193170267080111,0.06419890086543556,False,False,False,False
SN09dc_V_comb_dup.fits,dup,V,0.23,25,1.811561774638449,1.9477273446114032,0.3879407649842604,3.200796628574333,0.04613330584896611,0.06781818971072862,False,False,False,False
SN09ds_B_comb_dup.fits,dup,B,0.23,25,0.8381957671037367,1.0516410023939589,0.44674290754164153,2.3288472465674883,0.07238909721790984,0.7165113274035876,False,False,False,False
SN09ds_V_comb_dup.fits,dup,V,0.23,25,1.0653258071351415,1.3204161255184672,0.6593460343972409,3.8895022771520606,0.10046400436627285,0.5151785412615825,False,False,False,False
SN09le_B_comb_dup.fits,dup,B,0.23,25,0.8915555408243254,0.9722593614803324,0.3133249310103944,2.3375469793877137,0.03652159016294753,0.09397266718092023,False,False,False,False
SN09le_V_comb_dup.fits,dup,V,0.23,25,0.873351772785314,0.9461071660131884,0.24128498116425093,1.8014705009322018,0.022432381367075788,0.08471952491730461,False,False,False,False
SN10ae_B_comb_dup.fits,dup,B,0.23,25,1.6415650806735969,1.6741305089342131,0.0778927077471734,1.9813018862556875,0.03983387662727755,0.09459290875919635,False,False,False,False
SN10ae_V_comb_dup.fits,dup,V,0.23,25,1.5376209442267317,1.6336304446778143,0.31216261953818475,2.7015248817750956,0.07336538914121046,0.12499952350846,False,False,False,False
SN2011im_V_comb_swo.fits,swo,V,0.43,25,1.4452172638072516,1.467042949960281,0.1498432518565957,2.1664040853455524,0.02624354341331346,0.0436891786878153,False,False,False,False
SN2011iv_B_comb_dup.fits,dup,B,0.23,15,1.9368115805269206,1.9551619478061266,0.05764484465721078,2.126192430088548,0.03371153855347138,0.07125674938372506,False,False,False,False
SN2011iv_V_comb_dup.fits,dup,V,0.23,18,1.9215847400264918,2.0249909054095405,0.49655942710082795,3.762379446299325,0.01977372131544034,0.07947908745957077,False,False,False,False
SN2011iv_V_comb_swo.fits,swo,V,0.43,21,1.6276197168514752,1.7458703954784902,0.3353352252967093,2.4815070040766267,0.11946371721601967,0.5477388165817572,False,False,False,False
SN2011iy_B_comb_dup.fits,dup,B,0.23,25,0.7323007662380131,0.8661877878305454,0.38179853443678335,2.563499605222181,0.05324248654631731,0.21073649307488895,False,False,False,False
SN2011iy_V_comb_dup.fits,dup,V,0.23,25,0.7056195018479968,0.8091908051239898,0.3625340465942016,2.483245474714368,0.0729990616380009,0.1608217080510297,False,False,False,False
SN2011iy_V_comb_swo.fits,swo,V,0.43,25,1.4034306929857339,1.4475820254887921,0.1954253505114363,1.8862837462594333,0.048923544521396176,0.12694283724151245,False,False,False,False
SN2011jh_B_comb_dup.fits,dup,B,0.23,23,0.9681470830995504,1.0612521939305533,0.33800559469032543,2.531556193614089,0.017006860759419574,0.052726546974706134,False,False,False,False
SN2011jh_V_comb_dup.fits,dup,V,0.23,25,0.7847219420808316,0.8530807393686349,0.17442403061467446,1.3303625734318443,0.03262934805593207,0.15580515668905315,False,False,False,False
SN2011jh_V_comb_swo.fits,swo,V,0.43,25,1.2169074894268619,1.3457349364307207,0.3742612369847824,2.799905694786516,0.04561974857079782,0.136584104103195,False,False,False,False
SN2011jn_B_comb_dup.fits,dup,B,0.23,25,0.8504647275430127,0.9210159168180739,0.22786883040796574,1.8690126325725263,0.07317100934759478,0.14091804333534552,False,False,False,False
SN2011jn_V_comb_dup.fits,dup,V,0.23,25,0.8907377938562051,0.9972739157830133,0.28722915727641535,1.840594381092722,0.12278346654050691,0.320928036327096,False,False,False,False
SN2011jt_B_comb_dup.fits,dup,B,0.23,24,1.3240334799013045,1.361578900679792,0.14534603797658505,2.0173986912890154,0.0427410387940479,0.08190421007221982,False,False,False,False
SN2011jt_V_comb_dup.fits,dup,V,0.23,25,1.4755160657464494,1.5179422238410953,0.20641727092358078,2.4844052118259516,0.03198974608165745,0.1118785970045717,False,False,False,False
SN2011jt_V_comb_swo.fits,swo,V,0.43,25,1.3654293527802976,1.464983280618243,0.4070243844216646,3.261884825458368,0.048481424584771525,0.09552712897139215,False,False,False,False
SN2012E_B_comb_dup.fits,dup,B,0.23,25,1.205985224838478,1.3238857353961457,0.2876609427998885,2.132713829359888,0.0517554899860024,0.3513916320307575,False,False,False,False
SN2012E_V_comb_dup.fits,dup,V,0.23,25,1.124615994638278,1.2813355115997618,0.3108296068803899,2.006802972250165,0.04442319608649825,0.6727048647021026,False,False,False,False
SN2012E_V_comb_swo.fits,swo,V,0.43,24,1.5276940807931993,1.615292197756009,0.35430799674051916,2.7928664870916613,0.08188438095903391,0.20123828414407918,False,False,False,False
SN2012G_B_comb_dup.fits,dup,B,0.23,16,0.9780481578712901,1.0725901470441948,0.2394577532579907,1.5947977856791742,0.10264574314063218,0.4114172794721549,False,False,False,False
SN2012G_V_comb_dup.fits,dup,V,0.23,22,0.8400539575045157,0.9676017062049618,0.24429784579946662,1.49238543188911,0.06153934975990783,0.5210511090600748,False,False,False,False
SN2012U_B_comb_dup.fits,dup,B,0.23,25,1.2328780698355115,1.4095546121427895,0.7462106561158312,4.913638445721851,0.028524901153127027,0.06460084080394135,False,False,False,False
SN2012U_V_comb_dup.fits,dup,V,0.23,25,1.1888076739024054,1.2352790721437037,0.2168230080096108,2.190363552741269,0.07223117726579024,0.15148345825526155,False,False,False,False
SN2012U_V_comb_swo.fits,swo,V,0.43,25,1.7303077383902743,1.7635035581833676,0.16448741777271056,2.257943474954081,0.13571389755108773,0.2617614308774081,False,False,False,False
SN2012aq_B_comb_dup.fits,dup,B,0.23,20,1.1091045483217676,1.1492319457887112,0.18546060413664237,1.9231562680985097,0.03435520241832495,0.06621455625523609,False,False,False,False
SN2012aq_V_comb_dup.fits,dup,V,0.23,24,1.040180396379591,1.1358226146991834,0.25275227054021465,1.9467011730950707,0.0309750385668775,0.18692544567774316,False,False,False,False
SN2012ar_B_comb_dup.fits,dup,B,0.23,25,0.7494291214179506,0.7445614521607918,0.06902062936051179,0.8798649598759625,0.027466330008441616,0.052447678420266874,False,False,False,False
SN2012ar_V_comb_dup.fits,dup,V,0.23,25,0.6978056017310357,0.7377042457071552,0.13136107498341787,1.1981331636598993,0.027539841099705874,0.069089742884199,False,False,False,False
SN2012ar_V_comb_swo.fits,swo,V,0.43,25,1.325738380268949,1.4000784874121857,0.41952781225224,3.408873512352124,0.04657892079843266,0.0644755711930578,False,False,False,False
SN2012bl_B_comb_dup.fits,dup,B,0.23,25,0.9506011384669317,1.0051808315895823,0.13283786455022994,1.444106397503445,0.021698602972693683,0.143781971709105,False,False,False,False
SN2012bl_V_comb_dup.fits,dup,V,0.23,24,0.9435266407859013,0.9974693849285035,0.18395389745842475,1.8060152523185953,0.048696736887248224,0.14600396635913337,False,False,False,False
SN2012bl_V_comb_swo.fits,swo,V,0.43,25,1.3384787997998724,1.4150683235130996,0.17551278028019304,1.9179535783177213,0.050012206111975224,0.2964308621039693,False,False,False,False
SN2012bo_B_comb_dup.fits,dup,B,0.23,23,0.7262174298231195,0.737638654973384,0.049470657275529635,0.9395142465960272,0.013493534415566322,0.027969701493183785,False,False,False,False
SN2012bo_V_comb_dup.fits,dup,V,0.23,25,0.7062059946277673,0.8124179811144607,0.28370951426122454,2.0131279292246522,0.03411562525312219,0.20708078329472202,False,False,False,False
SN2012bo_V_comb_swo.fits,swo,V,0.43,25,1.3858284075806482,1.4417737483927038,0.23855485569352256,2.390601906554785,0.06806415266867132,0.10872240555062196,False,False,False,False
SN2012fr_B_comb_dup.fits,dup,B,0.23,22,1.5962539963871287,2.1298842692300304,1.353784502095888,5.502671655747542,0.8453708712589252,2.006553247725763,True,False,False,True
SN2012fr_V_comb_dup.fits,dup,V,0.23,20,1.5113217944270922,1.9644723183103316,1.5534136540703165,7.238756393831852,0.8491963094715733,1.4529697870156588,True,False,False,True
SN2012fr_V_comb_swo.fits,swo,V,0.43,25,1.7188499108499715,1.7836541710674947,0.3567757659082471,3.3395247695515113,0.18737219057956192,0.3132262005766251,False,False,False,False
SN2012gm_B_comb_dup.fits,dup,B,0.23,25,1.0314922510710056,1.0520502328550811,0.10724812021789228,1.5411408974421892,0.030179211547616838,0.06824819213716715,False,False,False,False
SN2012gm_V_comb_dup.fits,dup,V,0.23,25,1.0433943117892912,1.0778029705208547,0.15106257876405663,1.7689157873347954,0.033079555719281194,0.08520345605280255,False,False,False,False
SN2012hl_B_comb_dup.fits,dup,B,0.23,15,1.744541331525823,1.7481233282492639,0.05129535318098839,1.8425666669210625,0.06474281190499041,0.10761407170175574,False,False,False,False
SN2012hl_V_comb_dup.fits,dup,V,0.23,24,1.783749949914302,1.789670104459191,0.03192209287469164,1.8567091496675892,0.02926428550619805,0.06563330859957772,False,False,False,False
SN2012id_B_comb_dup.fits,dup,B,0.23,25,1.1051204971997912,1.1132308941273374,0.07389733136993458,1.2630594717387273,0.060907074200346085,0.11080342541210197,False,False,False,False
SN2012id_V_comb_dup.fits,dup,V,0.23,25,1.0424066055457684,1.0431371768502617,0.10729142955052108,1.3837944104585735,0.05744055602055194,0.1477631443893921,False,False,False,False
SN2012ij_B_comb_dup.fits,dup,B,0.23,17,1.0239910327115551,1.0782489338297396,0.19964349618418786,1.7721647530479467,0.04609328836122452,0.0859194274927233,False,False,False,False
SN2012ij_V_comb_dup.fits,dup,V,0.23,23,0.8777766397188809,0.9413316708814459,0.18890794766562544,1.6345997068055724,0.02481352664522653,0.10109822707037985,False,False,False,False
SN2013fy_B_comb_dup.fits,dup,B,0.23,25,0.9909826109791621,1.00668322312041,0.055310968186245354,1.2248531639715894,0.03297715843230779,0.07882353338217019,False,False,False,False
SN2013fy_V_comb_dup.fits,dup,V,0.23,25,1.0560441688728026,1.0897036480891615,0.13270870594724993,1.6762725231231574,0.05412800783379029,0.10910573535286505,False,False,False,False
SN2013fy_V_comb_swo.fits,swo,V,0.43,25,1.6843926276788093,1.7239124598712052,0.14299351189235912,2.2951670843474634,0.04670564271225087,0.1006990217768402,False,False,False,False
SN2013hn_B_comb_dup.fits,dup,B,0.23,25,1.2202904475443275,1.2864038037217853,0.3286368437163836,2.859522859956067,0.01909778129048657,0.046533528652680456,False,False,False,False
SN2013hn_V_comb_dup.fits,dup,V,0.23,25,1.1049347186220786,1.1805677892893613,0.36115926160997097,2.906792603103834,0.031100093665911484,0.058128060109809754,False,False,False,False
