object,z,radius_kpc,B,V,instrumental_B_minus_V
ASAS14ad,0.0264,1.0,2871.7358474553657,5849.859357278104,0.7725023385592554
ASAS14ad,0.0264,1.5,6984.308072505941,14015.167747614772,0.7561872817042224
ASAS14ad,0.0264,2.0,12390.426317406716,25385.055204728116,0.7787296569889968
ASAS14ad,0.0264,2.5,18657.127668908237,38477.21428498113,0.7858970965090111
ASAS14ad,0.0264,3.0,25507.73709510958,52665.54366637422,0.7871365991091015
ASAS14ad,0.0264,3.5,34095.140299986386,71246.811204567,0.8001823737474447
ASAS14ad,0.0264,4.0,45959.67880890556,98978.79855448296,0.8329129822982908
ASAS14ad,0.0264,4.5,54891.34994593666,118358.03118464498,0.8342345519450377
ASAS14ad,0.0264,5.0,62517.64301340677,135372.70520760998,0.8388212785622318
ASAS14ad,0.0264,5.5,71046.3151098714,152804.2369932725,0.8314845972804736
ASAS14ad,0.0264,6.0,79522.79311442254,170759.6100841854,0.8297338222030727
ASAS14ad,0.0264,6.5,87754.24064903347,187822.40210548328,0.8261981949646557
ASAS14ad,0.0264,7.0,95030.05079075972,202910.53947570533,0.8236091103480934
ASAS14ad,0.0264,7.5,102042.1054991211,216900.60866250013,0.8187033990573346
ASAS14ad,0.0264,8.0,108683.25662606402,230709.56930943576,0.8172574128499435
ASAS14ad,0.0264,8.5,115031.72702726594,243206.9553350256,0.8128958770009491
ASAS14ad,0.0264,9.0,120386.2510635897,252969.80430069385,0.806229486093465
ASAS14ad,0.0264,9.5,125038.93939530491,264503.7584586128,0.8134664156348324
ASAS14ad,0.0264,10.0,128869.78885804788,272593.66307607427,0.8134115967605555
ASAS14hp,0.03892,1.0,368.44987834347336,1093.7756907045266,1.1813746235942018
ASAS14hp,0.03892,1.5,835.7213410991701,2280.884798666031,1.090104645685378
ASAS14hp,0.03892,2.0,1558.132658363504,4091.359747506335,1.0481580940754847
ASAS14hp,0.03892,2.5,2637.9742029023632,6283.401209839227,0.9423106177749463
ASAS14hp,0.03892,3.0,3823.677164695008,8614.829450304213,0.8819136665762067
ASAS14hp,0.03892,3.5,4849.252534257018,11352.85056175771,0.9235752995340212
ASAS14hp,0.03892,4.0,6393.83523499685,13818.499572977367,0.8367486221524428
ASAS14hp,0.03892,4.5,7958.124144149857,16989.246326682478,0.8234085087533639
ASAS14hp,0.03892,5.0,9526.299992532213,20552.057727941406,0.834827643460176
ASAS14hp,0.03892,5.5,11764.853923747349,24269.11241312316,0.7861683852455474
ASAS14hp,0.03892,6.0,13877.822810711586,28797.959873968128,0.7926009600983541
ASAS14hp,0.03892,6.5,16704.086871997155,34253.17467424874,0.7796952232727262
ASAS14hp,0.03892,7.0,20026.873974912407,41069.90817129984,0.779776417275386
ASAS14hp,0.03892,7.5,23773.958139967952,49477.75188122067,0.7957711617424197
ASAS14hp,0.03892,8.0,28958.65248678859,59917.35038058015,0.789435627024413
ASAS14hp,0.03892,8.5,37097.13264421847,74073.63024457278,0.7508082160750966
ASAS14hp,0.03892,9.0,48680.58748396973,99161.65874370452,0.7724699304437539
ASAS14hp,0.03892,9.5,59813.292362145614,129575.4343465412,0.8393124123282026
ASAS14hp,0.03892,10.0,68484.61535508382,150851.67481165472,0.857392788388351
ASAS14hr,0.03362,1.0,10288.912123735994,25483.222373333232,0.9847122150650706
ASAS14hr,0.03362,1.5,23198.53273927833,57001.23369716928,0.9760593446361112
ASAS14hr,0.03362,2.0,38142.34256011962,95651.73170868432,0.9982136869095899
ASAS14hr,0.03362,2.5,53827.242597066346,136322.38417387436,1.0089126003550013
ASAS14hr,0.03362,3.0,70695.63996396716,178591.31050196788,1.0061692347514526
ASAS14hr,0.03362,3.5,88838.68132825654,222863.83702017463,0.9985937498590624
ASAS14hr,0.03362,4.0,108553.53308263634,268196.6897227353,0.9820236255158177
ASAS14hr,0.03362,4.5,128034.82656300394,312653.8237694307,0.9693390674369806
ASAS14hr,0.03362,5.0,146812.38003068417,354784.36292684166,0.9580044771927781
ASAS14hr,0.03362,5.5,164947.83677556232,394553.42374122114,0.9468979800189842
ASAS14hr,0.03362,6.0,182680.95132501656,431381.95772672456,0.9329217812401952
ASAS14hr,0.03362,6.5,199483.32460401824,465862.2761919845,0.9208773667912715
ASAS14hr,0.03362,7.0,214369.6713890932,496788.66700515774,0.9125208443030568
ASAS14hr,0.03362,7.5,227133.77054943447,523544.5081529264,0.9066797445385246
ASAS14hr,0.03362,8.0,238878.91910957452,547396.2965276904,0.9003100738636285
ASAS14hr,0.03362,8.5,249309.7638341397,568537.1561173047,0.8950489136838552
ASAS14hr,0.03362,9.0,259095.9690344208,588461.6389647,0.8906437516299381
ASAS14hr,0.03362,9.5,268385.78742045304,606406.0186043261,0.8850099733355933
ASAS14hr,0.03362,10.0,276908.0190508334,622910.9748556106,0.8802261246347007
ASAS14hu,0.015,1.0,2559.250971125047,6005.139842564023,0.9260256214514135
ASAS14hu,0.015,1.5,4974.773792994593,11513.516508686307,0.9110866255175808
ASAS14hu,0.015,2.0,8004.669285956072,21412.81646609466,1.0683260022361358
ASAS14hu,0.015,2.5,12817.808822490144,34051.67422126209,1.060811699914525
ASAS14hu,0.015,3.0,20318.13459038854,50291.36445282211,0.984023964438825
ASAS14hu,0.015,3.5,27208.27586665856,67035.00153857202,0.979001503485022
ASAS14hu,0.015,4.0,34162.15001898944,87191.42650031143,1.0173214687872536
ASAS14hu,0.015,4.5,43587.009833231525,108814.74217931594,0.9933266523360746
ASAS14hu,0.015,5.0,54056.36522764221,135868.3313201361,1.000678503506128
ASAS14hu,0.015,5.5,64681.99992017944,163247.57151350586,1.0051582246971524
ASAS14hu,0.015,6.0,74707.89079865064,190878.8886492062,1.0184785561204024
ASAS14hu,0.015,6.5,86891.11747329608,220669.3683335616,1.0119166732245435
ASAS14hu,0.015,7.0,96692.13500922616,250364.71418671904,1.032954926597545
ASAS14hu,0.015,7.5,108734.15175312173,284068.9291855712,1.0426444083335422
ASAS14hu,0.015,8.0,129285.74616947296,337578.6435728262,1.042060793781986
ASAS14hu,0.015,8.5,155101.2851500239,412459.0596796357,1.061913627503636
ASAS14hu,0.015,9.0,173304.37410117054,465788.0405797473,1.0734470233712652
ASAS14hu,0.015,9.5,190844.5901132127,518735.37299725687,1.085665026066377
ASAS14hu,0.015,10.0,215424.8923636253,584077.3688309668,1.0829362359767685
ASAS14jc,0.011325,1.0,112539.34338246728,283677.450414562,1.0038010952297747
ASAS14jc,0.011325,1.5,202556.24239049933,490514.41723508784,0.9602653621971686
ASAS14jc,0.011325,2.0,289569.576030305,677612.0092615583,0.9230704102424059
ASAS14jc,0.011325,2.5,362055.2372678345,828296.5813685195,0.8985275869980156
ASAS14jc,0.011325,3.0,429800.44094659504,991155.1942768772,0.9071870114368419
ASAS14jc,0.011325,3.5,504548.375517957,1193648.3411786929,0.9349339665301303
ASAS14jc,0.011325,4.0,542254.6531071961,1266707.070809019,0.9211822685137073
ASAS14jc,0.011325,4.5,569895.1796500947,1320626.6135708934,0.9124626535879812
ASAS14jc,0.011325,5.0,584688.0545702113,1349285.394244378,0.9079489953201235
ASAS14jc,0.011325,5.5,594028.5952364011,1365153.8434088302,0.9034356116321804
ASAS14jc,0.011325,6.0,600487.3165833419,1378986.757697791,0.9026406424420499
ASAS14jc,0.011325,6.5,603588.2706291829,1381189.5730871626,0.898781248615915
ASAS14jc,0.011325,7.0,613858.7885021052,1403188.42533102,0.897618789192246
ASAS14jc,0.011325,7.5,637773.3243427725,1457316.507988593,0.8972188352178566
ASAS14jc,0.011325,8.0,640826.6394712983,1464108.4391326092,0.8970817165880445
ASAS14jc,0.011325,8.5,671101.0211373211,1559392.0324333603,0.9154185281769595
ASAS14jc,0.011325,9.0,707220.3869180443,1619372.9500720503,0.8994802726256768
ASAS14jc,0.011325,9.5,807987.5127883268,1926276.283767963,0.9432848218051876
ASAS14jc,0.011325,10.0,811317.9315402656,1939568.678876208,0.9462852188675646
ASAS14jg,0.014827,1.0,10583.940483051496,27660.72320274329,1.0430403543759201
ASAS14jg,0.014827,1.5,23238.85254577372,60361.29379901919,1.0363596492310865
ASAS14jg,0.014827,2.0,43511.71166242385,112416.0510362685,1.0305553934676672
ASAS14jg,0.014827,2.5,68949.67151711168,178997.38241655377,1.0357861964701407
ASAS14jg,0.014827,3.0,98775.6405865005,259504.93664492588,1.04873942276591
ASAS14jg,0.014827,3.5,135064.88099076558,355566.2146353779,1.0509451199985278
ASAS14jg,0.014827,4.0,177006.5266403903,471627.0644591829,1.064023597890166
ASAS14jg,0.014827,4.5,224100.5975254893,602976.9509734361,1.0746442421889655
ASAS14jg,0.014827,5.0,270446.3668021391,738335.9928916531,1.0904322218561864
ASAS14jg,0.014827,5.5,315176.3291666187,864284.1195408648,1.095257350679211
ASAS14jg,0.014827,6.0,356971.43341526645,976702.3674443238,1.0928219431513482
ASAS14jg,0.014827,6.5,397108.3898381821,1086773.404884158,1.0930748483517112
ASAS14jg,0.014827,7.0,426280.5074922161,1172594.3970529577,1.098630851370383
ASAS14jg,0.014827,7.5,453447.916553568,1251810.91311828,1.1025283063971694
ASAS14jg,0.014827,8.0,476762.9181691994,1321595.196326516,1.106989955214802
ASAS14jg,0.014827,8.5,496320.62882712367,1382717.312279977,1.112427685192371
ASAS14jg,0.014827,9.0,515009.3038284184,1432721.8470941836,1.1108670213816976
ASAS14jg,0.014827,9.5,527377.3872739129,1475023.5322803552,1.1166936118015207
ASAS14jg,0.014827,10.0,539265.6020674278,1509117.2776240422,1.117300680761285
ASAS14jz,0.012,1.0,15525.12739774528,31879.513642042475,0.7811912861974695
ASAS14jz,0.012,1.5,30473.368838227725,59886.09563629659,0.733513828230445
ASAS14jz,0.012,2.0,48221.65472694256,91034.03521382768,0.6899042119049057
ASAS14jz,0.012,2.5,66533.23942630626,125136.810389506,0.6858660295013992
ASAS14jz,0.012,3.0,84351.8843363876,159032.04834018528,0.688474659947879
ASAS14jz,0.012,3.5,104325.61355768469,197809.97124927357,0.6946430806779064
ASAS14jz,0.012,4.0,131187.76621695107,261521.9965766662,0.7490372148782541
ASAS14jz,0.012,4.5,163924.78796492418,329439.53381640726,0.7578277103230542
ASAS14jz,0.012,5.0,186813.65842642615,372979.0697977293,0.7506895901416102
ASAS14jz,0.012,5.5,207837.2036416925,415331.8345832795,0.7516798247542076
ASAS14jz,0.012,6.0,237136.49625400692,474353.8616771256,0.7527601042757199
ASAS14jz,0.012,6.5,323486.96393725986,665722.232389366,0.7835906923416254
ASAS14jz,0.012,7.0,354743.0328982122,740029.0861944266,0.7983372872443606
ASAS14jz,0.012,7.5,365617.9128187007,767249.6714287802,0.8047731150687859
ASAS14jz,0.012,8.0,380934.7578496932,805774.7818037127,0.8134076754346875
ASAS14jz,0.012,8.5,408443.3971364676,877560.3317686652,0.8303627599452752
ASAS14jz,0.012,9.0,435369.67483547295,945392.068141166,0.8418844468931164
ASAS14jz,0.012,9.5,449937.88772498514,985445.7180177368,0.8512003539516759
ASAS14jz,0.012,10.0,597923.988514029,1353115.5205435506,0.8867222450161669
ASAS14kq,0.0336,1.0,1465.8022008267587,3137.825288847597,0.8263834734713222
ASAS14kq,0.0336,1.5,3631.509547626943,7285.589008053401,0.7559436950800197
ASAS14kq,0.0336,2.0,6940.454621576763,13389.577773972653,0.7134474079407377
ASAS14kq,0.0336,2.5,11389.276060659357,21521.88873552496,0.6909606551185046
ASAS14kq,0.0336,3.0,17128.203674813576,32347.321733790566,0.6903162738705064
ASAS14kq,0.0336,3.5,24748.55338704077,46579.79658793078,0.6866194230266534
ASAS14kq,0.0336,4.0,34417.66071934198,64353.28765479978,0.6794734744065689
ASAS14kq,0.0336,4.5,45458.85461157727,84562.66072272135,0.673900376006539
ASAS14kq,0.0336,5.0,57037.65467079553,105745.17727648864,0.6702472753620948
ASAS14kq,0.0336,5.5,67925.37449880908,127616.66927097972,0.6846884101085754
ASAS14kq,0.0336,6.0,79624.34600544156,150541.73111649416,0.6915275687648903
ASAS14kq,0.0336,6.5,92146.88357764494,174998.3641435117,0.6963833427398297
ASAS14kq,0.0336,7.0,104894.84818857787,199896.37204228377,0.700126883353972
ASAS14kq,0.0336,7.5,117360.50319921171,224726.0233779828,0.7053285097448347
ASAS14kq,0.0336,8.0,128595.07573009882,247081.6624324165,0.7090404404661278
ASAS14kq,0.0336,8.5,139908.18241587086,267869.04292871006,0.705198528500451
ASAS14kq,0.0336,9.0,149839.3767893801,287060.7078527967,0.7058694834292796
ASAS14kq,0.0336,9.5,158709.4840956294,305200.73681277235,0.7099567445842043
ASAS14kq,0.0336,10.0,167049.81915640648,320845.46664010675,0.7086247438076027
ASAS14lq,0.026191,1.0,56995.55677177205,92952.86332128927,0.531054429562898
ASAS14lq,0.026191,1.5,68064.29137049407,108619.21720226885,0.507468353078426
ASAS14lq,0.026191,2.0,71361.86645846105,113181.78232074296,0.5007758206216194
ASAS14lq,0.026191,2.5,72665.8158103928,114816.26035791126,0.49668310953466793
ASAS14lq,0.026191,3.0,73073.03565132082,115608.8829694622,0.4980851387539841
ASAS14lq,0.026191,3.5,73068.93604334572,115827.47550258187,0.500197018069121
ASAS14lq,0.026191,4.0,73181.28127783003,116110.08372347787,0.5011748231329645
ASAS14lq,0.026191,4.5,72991.2280035605,116313.01713138242,0.5058941277226322
ASAS14lq,0.026191,5.0,73075.699961588,116263.50619513758,0.5041760799961801
ASAS14lq,0.026191,5.5,73065.13249566394,116548.60781685296,0.5069922850717481
ASAS14lq,0.026191,6.0,72815.81802609855,116376.56379634724,0.5090994924762229
ASAS14lq,0.026191,6.5,72857.67259844045,116560.17518634752,0.5101872442101681
ASAS14lq,0.026191,7.0,73224.23578078946,116711.3861904213,0.5061459486580882
ASAS14lq,0.026191,7.5,73402.51934825747,117233.05649007326,0.5083478045873632
ASAS14lq,0.026191,8.0,73410.35658101541,117170.17155492006,0.5076493304791212
ASAS14lq,0.026191,8.5,73359.05368984454,116973.10455069916,0.5065807403063267
ASAS14lq,0.026191,9.0,72769.28045474301,116277.94344498264,0.5088731534359795
ASAS14lq,0.026191,9.5,72956.32031847777,116037.439691499,0.5038380407114722
ASAS14lq,0.026191,10.0,72583.44015171162,115981.80743129631,0.5088808107627871
ASAS14lt,0.032046,1.0,13090.958971036738,37120.163584319045,1.1315960492911865
ASAS14lt,0.032046,1.5,29686.81096255092,85032.75656526451,1.1425567777807264
ASAS14lt,0.032046,2.0,54037.8872275588,155126.90031440745,1.1449718850778432
ASAS14lt,0.032046,2.5,87719.71273457278,251746.94361498675,1.1446675146034304
ASAS14lt,0.032046,3.0,131323.41822014184,376723.3949601888,1.1442010319180504
ASAS14lt,0.032046,3.5,176199.35468354943,506965.8345358629,1.1474359470431832
ASAS14lt,0.032046,4.0,214477.2061343824,617900.8454058775,1.148844114234695
ASAS14lt,0.032046,4.5,246056.0750009197,709568.4375753417,1.149900493293501
ASAS14lt,0.032046,5.0,272747.25598548475,788248.9326129797,1.1522575033344848
ASAS14lt,0.032046,5.5,295810.3191647739,854930.9502283129,1.1522942991933878
ASAS14lt,0.032046,6.0,316504.0135173532,914579.727696078,1.1521058728193017
ASAS14lt,0.032046,6.5,334849.9923599556,966779.5941762102,1.1511929545310697
ASAS14lt,0.032046,7.0,351191.5415488561,1013634.4553282348,1.1508432930823722
ASAS14lt,0.032046,7.5,365761.1508712675,1055060.082989737,1.150199042688155
ASAS14lt,0.032046,8.0,378898.40479760047,1093799.3618944057,1.1510372220623286
ASAS14lt,0.032046,8.5,391164.2914819846,1128722.0299492895,1.1505694984177184
ASAS14lt,0.032046,9.0,403062.8389966893,1161742.9822003292,1.1493432453711774
ASAS14lt,0.032046,9.5,414166.2160012037,1192184.2564340115,1.1479217806818824
ASAS14lt,0.032046,10.0,424754.4129603427,1221026.1957241162,1.1464677042416804
ASAS14me,0.018,1.0,27794.84307595285,54617.18830165789,0.7334127810316939
ASAS14me,0.018,1.5,43766.49276403882,85911.4909845064,0.7322737762372102
ASAS14me,0.018,2.0,56341.946145755785,111038.05070377945,0.7365999621878451
ASAS14me,0.018,2.5,67534.867782926,132573.31914710125,0.7323201889854605
ASAS14me,0.018,3.0,78295.75446362345,151866.07701976557,0.7193064027626139
ASAS14me,0.018,3.5,88062.64879210648,171430.7971574952,0.7232427509467175
ASAS14me,0.018,4.0,97209.797514915,189213.73756120587,0.7231065648969366
ASAS14me,0.018,4.5,104628.04863580676,203288.08218920097,0.7211594829480389
ASAS14me,0.018,5.0,112508.32034969912,216105.16441329345,0.7087012613523691
ASAS14me,0.018,5.5,118503.13660014904,227151.9971945744,0.7064667850127686
ASAS14me,0.018,6.0,123750.6231004694,237342.20516685053,0.7070689469373431
ASAS14me,0.018,6.5,129577.77084125024,246385.22107231943,0.6977103739634029
ASAS14me,0.018,7.0,135422.4498342327,256110.8268505024,0.6918431805075622
ASAS14me,0.018,7.5,141522.51115202546,266728.9295429236,0.6881114900129501
ASAS14me,0.018,8.0,146573.13614934188,275068.802809182,0.6834673923379004
ASAS14me,0.018,8.5,152633.78219618136,282225.1311119,0.6673625437345283
ASAS14me,0.018,9.0,159843.8601476097,286719.86478586623,0.6344045604368288
ASAS14me,0.018,9.5,162784.09686720956,290405.01879328,0.6284803580141947
ASAS14me,0.018,10.0,164847.34598077816,293202.84292556613,0.6252155437485121
ASAS14mf,0.0311,1.0,10302.696769129056,20663.72227954965,0.7556440962688881
ASAS14mf,0.0311,1.5,19255.85218539047,37864.26127043565,0.7341668617459629
ASAS14mf,0.0311,2.0,27659.9615793161,54482.92162045652,0.7360220395969602
ASAS14mf,0.0311,2.5,35691.46767258011,69359.67463131658,0.7213566004761263
ASAS14mf,0.0311,3.0,42277.17510587135,80485.18672716207,0.6990249880737965
ASAS14mf,0.0311,3.5,46842.97771910386,88772.79647360448,0.6940885161436844
ASAS14mf,0.0311,4.0,49680.38245435573,93882.79263627397,0.691002672817521
ASAS14mf,0.0311,4.5,51996.11591835242,97315.06164111638,0.6805228969669884
ASAS14mf,0.0311,5.0,53120.55922019648,99558.88280390046,0.6820434404482003
ASAS14mf,0.0311,5.5,53474.96869417291,100647.39308842052,0.6866299788166718
ASAS14mf,0.0311,6.0,53596.13742145717,101011.65306451806,0.68809496611331
ASAS14mf,0.0311,6.5,53703.40643659788,101408.92902232904,0.6901859051348308
ASAS14mf,0.0311,7.0,54647.095710819776,101501.39260002344,0.6722622876152526
ASAS14mf,0.0311,7.5,56318.23002096825,101353.73016822264,0.6379768489928421
ASAS14mf,0.0311,8.0,56404.55556313511,101885.99421948976,0.6420007653768784
ASAS14mf,0.0311,8.5,56839.36091906511,102129.35222924103,0.6362534777587349
ASAS14mf,0.0311,9.0,57011.40145013112,102106.69252163204,0.6327312291479242
ASAS14mf,0.0311,9.5,56928.78678234322,102292.18975796794,0.636276367515808
ASAS14mf,0.0311,10.0,56710.221364261975,102020.68466984764,0.6375672281678764
ASAS14my,0.020514,1.0,24155.571085009764,63920.11747409126,1.056550637371427
ASAS14my,0.020514,1.5,51370.89198216867,138377.24584622218,1.0758689394962537
ASAS14my,0.020514,2.0,89448.823660243,239418.20300174563,1.0689563331436491
ASAS14my,0.020514,2.5,135368.844518625,355260.17663714377,1.0475695138025416
ASAS14my,0.020514,3.0,184124.54132159703,472922.4781575747,1.0241956967375467
ASAS14my,0.020514,3.5,233690.28140945337,590164.2792641692,1.0058306699125026
ASAS14my,0.020514,4.0,281648.4004741173,704093.7708892011,0.9948080324623644
ASAS14my,0.020514,4.5,326387.66117916873,812164.428424644,0.9897755797167267
ASAS14my,0.020514,5.0,369365.3749492551,916384.840479744,0.9865542869431115
ASAS14my,0.020514,5.5,410523.2964590955,1016586.97786833,0.9845168366313732
ASAS14my,0.020514,6.0,450145.9475214838,1113070.589056127,0.9829234067662953
ASAS14my,0.020514,6.5,490146.2878280084,1206759.4186687083,0.9782374483171044
ASAS14my,0.020514,7.0,529922.3852229798,1298705.194650758,0.9732457802251224
ASAS14my,0.020514,7.5,568412.3569347048,1387929.6820313523,0.9692598823984235
ASAS14my,0.020514,8.0,604178.157275545,1474110.083538148,0.9684122417407048
ASAS14my,0.020514,8.5,639332.6538461619,1557351.6738645737,0.9666495186136993
ASAS14my,0.020514,9.0,673774.7450376125,1635906.833585339,0.9631095954678949
ASAS14my,0.020514,9.5,705683.6522796635,1708857.8141205008,0.9602396797089521
ASAS14my,0.020514,10.0,733095.9103817836,1775408.135873201,0.9603435223587753
ASAS15aj,0.01092,1.0,295169.57610941626,858895.5335082752,1.1596718817329459
ASAS15aj,0.01092,1.5,730882.9057022283,2096378.8725452188,1.1440549243032543
ASAS15aj,0.01092,2.0,1282275.3562911886,3780943.432005847,1.1740472100612132
ASAS15aj,0.01092,2.5,1695719.4795795686,5007782.494671437,1.1757286213614142
ASAS15aj,0.01092,3.0,2034791.4017109436,5967626.957583717,1.1682044333296244
ASAS15aj,0.01092,3.5,2317467.0137827974,6742864.073471633,1.1595771094507763
ASAS15aj,0.01092,4.0,2658910.53712795,7521672.010898928,1.1290266664831288
ASAS15aj,0.01092,4.5,2979318.003523489,8410330.377654495,1.1267404881475291
ASAS15aj,0.01092,5.0,3164639.731498852,8911714.716074243,1.1240924976056015
ASAS15aj,0.01092,5.5,3329901.535700195,9359515.689400865,1.122054962282904
ASAS15aj,0.01092,6.0,3475456.734986567,9754296.559726143,1.120460172097326
ASAS15aj,0.01092,6.5,3608576.66676302,10109190.552543834,1.1184511155062544
ASAS15aj,0.01092,7.0,3723221.745378045,10417142.388520084,1.1170742449903506
ASAS15aj,0.01092,7.5,3821648.823873247,10683122.288574548,1.11611855765079
ASAS15aj,0.01092,8.0,3907744.9428868494,10919694.185580363,1.11571066515543
ASAS15aj,0.01092,8.5,3988847.818040277,11131860.734362084,1.1143007423788784
ASAS15aj,0.01092,9.0,4062650.724301984,11330473.406906763,1.1135964230381632
ASAS15aj,0.01092,9.5,4146551.6057430175,11549197.002302414,1.112161786778987
ASAS15aj,0.01092,10.0,4232338.632839978,11753794.015308505,1.108994166960445
ASAS15al,0.032,1.0,804.4093199554841,1281.8296128376385,0.5058830167784882
ASAS15al,0.032,1.5,1842.4754947939537,3431.114699041492,0.6750837899541531
ASAS15al,0.032,2.0,3193.396184891484,6463.995308533646,0.7656205761331161
ASAS15al,0.032,2.5,12799.8801557489,10407.75810667314,-0.22462178361501545
ASAS15al,0.032,3.0,15791.5574777073,16084.902332737864,0.019983657077157102
ASAS15al,0.032,3.5,19553.858557402407,23878.490010252604,0.216935976774297
ASAS15al,0.032,4.0,23924.313494322527,32546.9242426176,0.33417617111828135
ASAS15al,0.032,4.5,28849.590693546783,42543.23727236804,0.4217271948985319
ASAS15al,0.032,5.0,34951.140330557275,53952.949085846674,0.4713845963987313
ASAS15al,0.032,5.5,40544.74340775048,66014.25597049827,0.5292579413687217
ASAS15al,0.032,6.0,46411.95525498352,77921.49221392762,0.5625684897758468
ASAS15al,0.032,6.5,52288.07916686821,89518.66235149282,0.583777239962904
ASAS15al,0.032,7.0,57301.08195464743,99703.4978805398,0.6013689312424454
ASAS15al,0.032,7.5,61183.15385682878,108588.89624800556,0.6228838965339654
ASAS15al,0.032,8.0,65749.92519232418,117202.21933153953,0.6276014312135934
ASAS15al,0.032,8.5,69879.01932725626,126218.75462982069,0.6419427231425017
ASAS15al,0.032,9.0,73208.70576786059,132497.01005427376,0.644108372148931
ASAS15al,0.032,9.5,75782.15982256099,138026.26349786972,0.650986881733585
ASAS15al,0.032,10.0,78099.94612839697,143377.1387965425,0.6595729378453273
ASAS15as,0.028,1.0,1198.624649516678,2356.4190747246034,0.7339233123899485
ASAS15as,0.028,1.5,2552.8409615752867,4800.526670085535,0.685662817797194
ASAS15as,0.028,2.0,4239.914086513237,7996.690996434295,0.6888831450510359
ASAS15as,0.028,2.5,6164.7490826558405,11322.639604920176,0.660080698646293
ASAS15as,0.028,3.0,7714.457465472104,14497.971970845449,0.6850046673419969
ASAS15as,0.028,3.5,8989.599938246547,16568.356125999984,0.6638476399740607
ASAS15as,0.028,4.0,10024.116487069385,17990.711170037048,0.6350055661632187
ASAS15as,0.028,4.5,10725.842806282524,19095.7524572324,0.626263370869002
ASAS15as,0.028,5.0,11303.815546933582,20395.310773716606,0.6407631627214992
ASAS15as,0.028,5.5,11919.168704223206,21334.48775465688,0.632090632471829
ASAS15as,0.028,6.0,12178.20744151453,21830.24715680708,0.6336882130869264
ASAS15as,0.028,6.5,12227.867896904374,22415.35852548625,0.6579873785907575
ASAS15as,0.028,7.0,12371.444167616606,23281.36238541992,0.6864699784722454
ASAS15as,0.028,7.5,12669.875513627092,23269.450853374023,0.6600344662364406
ASAS15as,0.028,8.0,12699.759258208833,23415.44848075508,0.6642674798877001
ASAS15as,0.028,8.5,12514.342346181362,23559.469616193703,0.6868936941269124
ASAS15as,0.028,9.0,12469.27250543773,22980.713079815858,0.663805960790025
ASAS15as,0.028,9.5,11898.584040969805,22684.220007622574,0.7005714207760394
ASAS15as,0.028,10.0,11689.399761207143,22432.791332928464,0.7077277636356218
ASAS15ba,0.02313,1.0,4914.549323940249,10761.099229538822,0.8509323449051138
ASAS15ba,0.02313,1.5,9863.129322111388,20631.392920602146,0.8012845567533201
ASAS15ba,0.02313,2.0,14590.058701480311,30609.474527917493,0.8044970872656719
ASAS15ba,0.02313,2.5,19127.482742032396,39483.24198404983,0.7868874668941174
ASAS15ba,0.02313,3.0,22814.135120864343,47043.61457837685,0.7857416844895833
ASAS15ba,0.02313,3.5,26937.04459213192,54206.15374069841,0.7592466182369807
ASAS15ba,0.02313,4.0,30508.43549512082,60269.31821619585,0.7391908537488172
ASAS15ba,0.02313,4.5,33614.846546423985,65508.407546219176,0.724414773030924
ASAS15ba,0.02313,5.0,35128.79021717496,71215.94157099858,0.7672850675578814
ASAS15ba,0.02313,5.5,35995.198556672105,73740.81328696402,0.778658373915574
ASAS15ba,0.02313,6.0,37137.2091670102,74961.94169650918,0.762578908944454
ASAS15ba,0.02313,6.5,38177.61310324208,76719.17373650246,0.7577378610014606
ASAS15ba,0.02313,7.0,38805.99093485308,78323.71010864129,0.7624861836180312
ASAS15ba,0.02313,7.5,39095.01230759317,79757.34151072364,0.7741232883958411
ASAS15ba,0.02313,8.0,39651.61743780089,80793.51734657447,0.7727890203528297
ASAS15ba,0.02313,8.5,39163.969440152425,80071.77211564305,0.7764818430691578
ASAS15ba,0.02313,9.0,40308.0799354029,80634.08636443535,0.7528163958392303
ASAS15ba,0.02313,9.5,41153.19786596679,83561.1440944725,0.7690019731741861
ASAS15ba,0.02313,10.0,40944.390319134254,83412.9668572162,0.772597899831247
ASAS15be,0.0219,1.0,2856.906394767464,4532.664585736634,0.5011439289495866
ASAS15be,0.0219,1.5,5466.527162909702,8697.353377291001,0.5041890139360022
ASAS15be,0.0219,2.0,9743.66791987774,15170.291438794093,0.4806786252230464
ASAS15be,0.0219,2.5,16020.050880509967,24697.9065612528,0.4699906303756538
ASAS15be,0.0219,3.0,24658.69855979056,39612.36780791194,0.5146516282207302
ASAS15be,0.0219,3.5,34539.45025842925,59530.71220620598,0.5910641435827104
ASAS15be,0.0219,4.0,46225.82530831519,80730.3597412817,0.6053805350438112
ASAS15be,0.0219,4.5,56144.07913040082,99437.61129244367,0.620616800219583
ASAS15be,0.0219,5.0,63640.134309288725,112652.64155449536,0.6200257306867321
ASAS15be,0.0219,5.5,69203.65750156438,123028.67696590944,0.624693264015828
ASAS15be,0.0219,6.0,74037.29475752113,131631.45564696795,0.6247728556223616
ASAS15be,0.0219,6.5,77646.95373171176,138966.73872265738,0.6319661089119204
ASAS15be,0.0219,7.0,80384.16686311117,144604.9792717847,0.6375318316008292
ASAS15be,0.0219,7.5,82425.01293136214,149239.37615078303,0.6445610024706648
ASAS15be,0.0219,8.0,83569.58383112954,152899.11122649687,0.6558918038061522
ASAS15be,0.0219,8.5,84222.03600881409,154167.2106174919,0.6564156967757494
ASAS15be,0.0219,9.0,84827.49426433514,156052.8879190773,0.6618379291463492
ASAS15be,0.0219,9.5,86150.00323597925,157576.94974990937,0.6555934784952488
ASAS15be,0.0219,10.0,86857.61965015154,158287.86768620406,0.6515992635974189
ASAS15cb,0.04004,1.0,24293.833351038906,53108.632430807,0.8491726756962994
ASAS15cb,0.04004,1.5,43185.03937584862,93000.3427579024,0.8328780731306562
ASAS15cb,0.04004,2.0,66483.42902499394,141014.32642620895,0.8163745656444235
ASAS15cb,0.04004,2.5,93722.839476114,196001.82783748856,0.8010367092537453
ASAS15cb,0.04004,3.0,124323.98140968542,257010.674559553,0.7884906293916903
ASAS15cb,0.04004,3.5,156305.7622146784,319653.3927345124,0.7767608242936539
ASAS15cb,0.04004,4.0,185965.161245976,377188.1537337097,0.7678161336811145
ASAS15cb,0.04004,4.5,211265.26498428025,426191.0564062177,0.7619405827526332
ASAS15cb,0.04004,5.0,231558.8294259724,466879.1844554752,0.7613579153238428
ASAS15cb,0.04004,5.5,248834.2494586577,501204.05020387785,0.7602610389365055
ASAS15cb,0.04004,6.0,264970.3484268223,532679.4891002545,0.7581717442815085
ASAS15cb,0.04004,6.5,280248.7029026846,561976.1878980189,0.7554357570120134
ASAS15cb,0.04004,7.0,295245.5226239974,590423.8297209775,0.7524513928994091
ASAS15cb,0.04004,7.5,310853.343702826,619805.2227843628,0.7492492206696306
ASAS15cb,0.04004,8.0,327422.0154400899,650573.4597589822,0.7454711618316902
ASAS15cb,0.04004,8.5,343599.56872055505,681155.3701451647,0.742983937132008
ASAS15cb,0.04004,9.0,357807.2292329133,706888.1629323517,0.7392539960020528
ASAS15cb,0.04004,9.5,368668.2019311207,728089.1183428869,0.7388721488574744
ASAS15cb,0.04004,10.0,377181.6527147314,745006.8039696702,0.7390241998144229
ASAS15cd,0.03435,1.0,23307.711359610646,44761.08370274149,0.7085024035487972
ASAS15cd,0.03435,1.5,50380.77549747459,98801.2139579261,0.7312435813796171
ASAS15cd,0.03435,2.0,93791.65509432374,186164.829464848,0.7443335928352364
ASAS15cd,0.03435,2.5,157768.30156604323,319968.2927141535,0.7677179844614614
ASAS15cd,0.03435,3.0,220170.51917441245,440550.091257389,0.7530903225721548
ASAS15cd,0.03435,3.5,262419.4277724692,519626.1726776922,0.7417375836940256
ASAS15cd,0.03435,4.0,289789.9883034862,573283.5504119421,0.7407152578154141
ASAS15cd,0.03435,4.5,308781.9530061216,611474.318127555,0.7418157792115209
ASAS15cd,0.03435,5.0,322724.2551011601,640437.3082487828,0.7441125411629418
ASAS15cd,0.03435,5.5,334084.00859262544,664572.8565783501,0.746717278065626
ASAS15cd,0.03435,6.0,343441.11685376725,685418.4249322888,0.7502587171726163
ASAS15cd,0.03435,6.5,352067.84626680746,704323.6267594155,0.7528647341195422
ASAS15cd,0.03435,7.0,360386.8157892606,721833.7807713433,0.7541707699086817
ASAS15cd,0.03435,7.5,368366.0218479308,741323.8776152668,0.7593210618894607
ASAS15cd,0.03435,8.0,379885.6840545974,777372.7592057467,0.7774409760776746
ASAS15cd,0.03435,8.5,388613.982006,802303.0048704495,0.7870499916858275
ASAS15cd,0.03435,9.0,393583.8707379339,813088.8587729556,0.7877517943249507
ASAS15cd,0.03435,9.5,397742.79495685815,821155.429692341,0.7870576191930108
ASAS15cd,0.03435,10.0,401020.9020385787,828346.6382604925,0.7876127612987217
ASAS15da,0.048,1.0,14349.00689077592,42636.49810734948,1.1823992078155168
ASAS15da,0.048,1.5,23757.197172530643,70700.79278329045,1.1840727038524965
ASAS15da,0.048,2.0,30743.51838858196,90516.1329689594,1.1724310591509641
ASAS15da,0.048,2.5,35672.900320981804,105177.242014647,1.173958395342689
ASAS15da,0.048,3.0,39502.17036274631,116574.7151814318,1.174958513446992
ASAS15da,0.048,3.5,42535.19112460371,125508.37787738784,1.1748108200911882
ASAS15da,0.048,4.0,45058.71552295618,132812.22224495225,1.173648090576591
ASAS15da,0.048,4.5,47244.13458569031,139206.07233424313,1.1732757052562008
ASAS15da,0.048,5.0,49000.21332953579,144585.82244127963,1.1748193472893909
ASAS15da,0.048,5.5,50672.49082939747,149239.91224506035,1.1727818305989055
ASAS15da,0.048,6.0,52139.43916469295,153560.90972323914,1.172785802258995
ASAS15da,0.048,6.5,53676.60630124441,157524.66917775624,1.1689088160380265
ASAS15da,0.048,7.0,55199.66012546716,160981.40158196326,1.1620982513601357
ASAS15da,0.048,7.5,56656.73283515963,164680.568548077,1.1584770770013573
ASAS15da,0.048,8.0,58061.0044262181,168993.9586896578,1.1599665870030131
ASAS15da,0.048,8.5,59797.40913520075,173227.39281653852,1.1548355036680038
ASAS15da,0.048,9.0,62920.5512852877,177438.58836683672,1.1256388866311848
ASAS15da,0.048,9.5,65009.75332267506,182377.70321531195,1.1199830599154603
ASAS15da,0.048,10.0,66962.48440451757,188292.62165702807,1.122504360159404
ASAS15dd,0.02437,1.0,43249.78265442172,143055.9296814663,1.2988048368474114
ASAS15dd,0.02437,1.5,97618.04344428088,321669.06273873104,1.2946979869628794
ASAS15dd,0.02437,2.0,145904.94983138124,465784.8049282644,1.2602882276253502
ASAS15dd,0.02437,2.5,183876.8957810195,579214.5970935711,1.245780837132852
ASAS15dd,0.02437,3.0,216494.6688983736,676562.566304404,1.237151896130122
ASAS15dd,0.02437,3.5,245497.10409088223,762855.0788917629,1.2309891712267125
ASAS15dd,0.02437,4.0,270945.7805946091,839677.4069974422,1.2280751892428032
ASAS15dd,0.02437,4.5,293754.0463512564,907964.7051317046,1.2252127729206408
ASAS15dd,0.02437,5.0,313568.9132903396,967875.0408478308,1.2237157242479235
ASAS15dd,0.02437,5.5,331329.79789583955,1021612.713047722,1.2225644827652913
ASAS15dd,0.02437,6.0,347117.1554697961,1067777.7535653014,1.2200119754254226
ASAS15dd,0.02437,6.5,361012.9077813341,1108527.2218193251,1.2180590808509493
ASAS15dd,0.02437,7.0,373451.7345597789,1144900.60594543,1.2163332607244075
ASAS15dd,0.02437,7.5,384765.5866883491,1177134.3987770895,1.2140745727601703
ASAS15dd,0.02437,8.0,395453.6972199214,1205782.6048297975,1.210433434983684
ASAS15dd,0.02437,8.5,404277.4028845848,1232030.2782965424,1.2098547851572412
ASAS15dd,0.02437,9.0,415113.9022860921,1264115.270552972,1.209048498448793
ASAS15dd,0.02437,9.5,422624.17492914246,1287592.1611680875,1.2095599703157358
ASAS15dd,0.02437,10.0,429338.3582774394,1306506.15505046,1.2082794219465338
ASAS15eb,0.01648,1.0,308649.29991734825,1008690.7425083922,1.2857318469436647
ASAS15eb,0.01648,1.5,470889.799963305,1532527.621155325,1.28122256865081
ASAS15eb,0.01648,2.0,596930.0127985183,1939026.981355877,1.2791510928211183
ASAS15eb,0.01648,2.5,699071.8706925891,2269337.521080122,1.2784431662041977
ASAS15eb,0.01648,3.0,789446.4696838879,2555187.0070685223,1.2752500087114196
ASAS15eb,0.01648,3.5,868696.5387611784,2807455.746477927,1.2736120703862899
ASAS15eb,0.01648,4.0,937907.46167926,3029922.364276095,1.2731787743465168
ASAS15eb,0.01648,4.5,1027372.3994538186,3284601.8746432117,1.2618871056756968
ASAS15eb,0.01648,5.0,1118667.8422271493,3568376.315392713,1.259423735795335
ASAS15eb,0.01648,5.5,1180897.455410103,3746708.2633874896,1.2535942284416892
ASAS15eb,0.01648,6.0,1220886.952188465,3878166.884018677,1.2548776029455742
ASAS15eb,0.01648,6.5,1255082.6869387852,3995389.4760994255,1.2572169563435671
ASAS15eb,0.01648,7.0,1283905.912303928,4093936.899619876,1.2590198644509276
ASAS15eb,0.01648,7.5,1314273.0229388413,4190442.1735092727,1.2589356459301828
ASAS15eb,0.01648,8.0,1368348.554547239,4346677.169878387,1.2549016208401977
ASAS15eb,0.01648,8.5,1389135.8111324974,4420328.031544422,1.2567744802934377
ASAS15eb,0.01648,9.0,1415607.2087494698,4497273.587434585,1.2550163568132258
ASAS15eb,0.01648,9.5,1505587.1107619065,4785130.848603539,1.255469824635924
ASAS15eb,0.01648,10.0,1524076.718703835,4856459.272590483,1.258282304997293
ASAS15fr,0.03344,1.0,5621.711176426808,12566.679777169447,0.8733800480996952
ASAS15fr,0.03344,1.5,13570.697448787305,29934.29840624979,0.8589172886283325
ASAS15fr,0.03344,2.0,25763.42825435993,55520.57322734351,0.8336257217939387
ASAS15fr,0.03344,2.5,40556.059935458354,84614.4333196981,0.7984717350732233
ASAS15fr,0.03344,3.0,56741.59717633781,115065.08786413926,0.7676050429291872
ASAS15fr,0.03344,3.5,73647.10215784427,146955.97660930976,0.750078975551085
ASAS15fr,0.03344,4.0,91558.25392385334,179400.36693641602,0.7303145629823781
ASAS15fr,0.03344,4.5,109151.15242629794,210918.70249881604,0.715216914123662
ASAS15fr,0.03344,5.0,127247.44771227396,242846.7741703033,0.701708146956858
ASAS15fr,0.03344,5.5,146126.17527221044,275534.3794852474,0.6886194450249019
ASAS15fr,0.03344,6.0,165454.1684626722,307436.8160353574,0.6726954010985614
ASAS15fr,0.03344,6.5,183108.86141667387,336933.400565088,0.6620867575496613
ASAS15fr,0.03344,7.0,199064.7089697656,363660.30345411785,0.6542540587301833
ASAS15fr,0.03344,7.5,214767.0855196067,389185.7635805597,0.645473054431912
ASAS15fr,0.03344,8.0,229485.3858087295,413418.193546273,0.6390863778893838
ASAS15fr,0.03344,8.5,242507.1414933623,435275.97597460577,0.635100413694988
ASAS15fr,0.03344,9.0,254138.30528536293,454865.3400395305,0.6320317902003553
ASAS15fr,0.03344,9.5,265506.5837989512,473678.9472592464,0.6285219701535187
ASAS15fr,0.03344,10.0,276413.30026022985,491227.7358650749,0.6243098595637502
ASAS15ga,0.00663,1.0,1913867.2379375044,5715981.483902264,1.1879475128738781
ASAS15ga,0.00663,1.5,2753418.8861101973,8203494.715802485,1.1853165392624925
ASAS15ga,0.00663,2.0,3520963.222113604,10442414.045306675,1.1803485510735483
ASAS15ga,0.00663,2.5,4200585.80628084,12400969.910153572,1.1753644828996137
ASAS15ga,0.00663,3.0,4783715.225373668,14083635.615440106,1.1723736547245904
ASAS15ga,0.00663,3.5,5288191.156984123,15535412.492352022,1.170039108571154
ASAS15ga,0.00663,4.0,5721057.3653124655,16797415.954663422,1.1694154357744806
ASAS15ga,0.00663,4.5,6106910.7824338935,17908032.060003694,1.1680657197466313
ASAS15ga,0.00663,5.0,6449184.111861361,18907404.83387913,1.1678178694018062
ASAS15ga,0.00663,5.5,6750773.621735438,19803283.61687965,1.168459156533328
ASAS15ga,0.00663,6.0,7034550.812673336,20641846.12160505,1.16878041294056
ASAS15ga,0.00663,6.5,8960862.494907467,24230164.33337431,1.0800163662932571
ASAS15ga,0.00663,7.0,9294605.31384492,25236176.335214503,1.0844815017902634
ASAS15ga,0.00663,7.5,9515335.386201875,25891039.3333766,1.0868134601433346
ASAS15ga,0.00663,8.0,9724124.982245335,26508021.252727486,1.0888169450142522
ASAS15ga,0.00663,8.5,9926950.12001304,27099378.20508949,1.090358716058178
ASAS15ga,0.00663,9.0,10130640.345008638,27690914.25113939,1.0917509933456768
ASAS15ga,0.00663,9.5,10317497.96861744,28221838.621058084,1.0925272802370025
ASAS15ga,0.00663,10.0,10482472.2984073,28707174.981662355,1.0938168328060343
ASAS15go,0.01892,1.0,35812.082484244005,85786.29216539435,0.9484708028702604
ASAS15go,0.01892,1.5,80121.91103377375,193524.38125896387,0.957460970602894
ASAS15go,0.01892,2.0,140043.94945927704,339761.4134384496,0.9622742615974385
ASAS15go,0.01892,2.5,193835.5600852576,469379.6138687042,0.9602269247049502
ASAS15go,0.01892,3.0,239377.70387888973,577229.9733708343,0.955662943464896
ASAS15go,0.01892,3.5,279319.6135934523,671304.7738679589,0.9520457575828895
ASAS15go,0.01892,4.0,310217.39791286795,746190.547711386,0.9529589816904045
ASAS15go,0.01892,4.5,332212.9433119551,800251.3382852585,0.9545246503910464
ASAS15go,0.01892,5.0,349931.06008600834,843656.1142894755,0.955457414821111
ASAS15go,0.01892,5.5,364873.30734761455,879638.7661374938,0.9554056684785892
ASAS15go,0.01892,6.0,377135.9370675091,909160.1080555372,0.9553561338375809
ASAS15go,0.01892,6.5,386821.5513642457,932365.0880657762,0.9551883521584474
ASAS15go,0.01892,7.0,394820.34365635255,950385.2693769413,0.9537504352371364
ASAS15go,0.01892,7.5,401409.5541684332,965929.9157811448,0.953394779099037
ASAS15go,0.01892,8.0,406761.9074744224,978631.3588898132,0.9531971319013304
ASAS15go,0.01892,8.5,415974.1329738267,1000755.9208598556,0.9531546075888963
ASAS15go,0.01892,9.0,420927.3264838232,1010101.4876134144,0.9503947244263765
ASAS15go,0.01892,9.5,423713.4765989393,1015459.334247461,0.9489756467206749
ASAS15go,0.01892,10.0,427240.7741912322,1022364.454910697,0.9473326209034201
ASAS15gr,0.024,1.0,2831.746677133751,5262.146603311371,0.6727713594689226
ASAS15gr,0.024,1.5,6778.416331384228,12145.85813557967,0.6332499111824741
ASAS15gr,0.024,2.0,11841.733342757236,21452.47386996321,0.6451552610711624
ASAS15gr,0.024,2.5,17563.95957936797,31591.99115500178,0.6373864254049648
ASAS15gr,0.024,3.0,24020.427100466302,43586.63255833864,0.6469314803295898
ASAS15gr,0.024,3.5,32593.11354211348,58670.27191958142,0.6382306287251392
ASAS15gr,0.024,4.0,44409.85326333354,79563.22603540325,0.6330826146599944
ASAS15gr,0.024,4.5,58087.33638364818,104208.85006271204,0.6345578532899055
ASAS15gr,0.024,5.0,73090.15769808272,131079.90844224396,0.6341930761238406
ASAS15gr,0.024,5.5,135608.33309606573,232993.5239782763,0.5876436810225536
ASAS15gr,0.024,6.0,450280.9752416648,904205.3258771638,0.7569586567919244
ASAS15gr,0.024,6.5,560698.6688835288,1141171.6651482098,0.7715536367095427
ASAS15gr,0.024,7.0,581433.9372696028,1182160.9928006525,0.7704406196706064
ASAS15gr,0.024,7.5,595568.2683329161,1208815.1963117227,0.7685709008691597
ASAS15gr,0.024,8.0,608690.391448846,1233603.0133882032,0.7669474384505743
ASAS15gr,0.024,8.5,621988.8656762197,1258885.0272976789,0.7655086446420468
ASAS15gr,0.024,9.0,636258.5502889665,1286489.160725975,0.7644312495642043
ASAS15gr,0.024,9.5,653029.7401161342,1318771.3732766602,0.7630913775929666
ASAS15gr,0.024,10.0,670176.7592557825,1350971.1413921583,0.7611417723127543
ASAS15hf,0.00618,1.0,605305.0126807712,1616887.4433081397,1.0667637947674296
ASAS15hf,0.00618,1.5,790020.7170322018,2106813.7644491,1.0649691673802928
ASAS15hf,0.00618,2.0,910029.6520741708,2424422.6664269306,1.063881980552333
ASAS15hf,0.00618,2.5,985778.0358181706,2627251.829401983,1.0643064143308494
ASAS15hf,0.00618,3.0,1031267.9288527012,2750232.006148885,1.0649945499375482
ASAS15hf,0.00618,3.5,1057698.2623050353,2826178.643117496,1.0670945483502807
ASAS15hf,0.00618,4.0,1077536.888107001,2882885.589345033,1.0684881516078528
ASAS15hf,0.00618,4.5,1358446.003848022,3494352.5562715367,1.0258108491122666
ASAS15hf,0.00618,5.0,1376463.700348716,3538976.66250816,1.0252823397986712
ASAS15hf,0.00618,5.5,1382738.074039964,3558566.954652383,1.0263380502508703
ASAS15hf,0.00618,6.0,1385842.44605627,3573677.320317828,1.028503692671157
ASAS15hf,0.00618,6.5,1386771.985415852,3579612.032242697,1.029577248633964
ASAS15hf,0.00618,7.0,1391315.215746367,3596369.4359354884,1.0310969085438895
ASAS15hf,0.00618,7.5,1391374.1622089178,3601589.877006698,1.0326258068241403
ASAS15hf,0.00618,8.0,1407060.156621757,3642869.8604733087,1.032827477961676
ASAS15hf,0.00618,8.5,1546029.0974544135,3976595.486417136,1.0257343795567397
ASAS15hf,0.00618,9.0,1559224.1664903143,4007107.0675425488,1.0248059734197743
ASAS15hf,0.00618,9.5,1776150.9038706252,4471072.8618897,1.0023297153330537
ASAS15hf,0.00618,10.0,1776459.7530203066,4477254.687296575,1.0036410677917407
ASAS15hg,0.02977,1.0,2783.888668345028,7996.737397480348,1.1456524283707379
ASAS15hg,0.02977,1.5,6490.358266279309,18454.795554969656,1.1346014199019112
ASAS15hg,0.02977,2.0,11902.7689622734,33844.88627949422,1.1346126383562518
ASAS15hg,0.02977,2.5,19331.42974616179,54543.8724313116,1.1262049816334367
ASAS15hg,0.02977,3.0,29017.611198173185,81181.38366983907,1.1169869796584655
ASAS15hg,0.02977,3.5,41153.14022470576,114908.51545023156,1.1148730846063784
ASAS15hg,0.02977,4.0,56639.90831742158,157632.98818864065,1.1113114167395859
ASAS15hg,0.02977,4.5,77969.53537095884,218967.6934962321,1.1211377437963064
ASAS15hg,0.02977,5.0,108896.49100571036,311483.0858589545,1.1410514574388253
ASAS15hg,0.02977,5.5,148912.16385255894,435050.4572481875,1.1640236375234925
ASAS15hg,0.02977,6.0,187970.58964303075,550310.1414916744,1.1662940315046617
ASAS15hg,0.02977,6.5,218092.6269432084,636597.5794135164,1.1630599982511542
ASAS15hg,0.02977,7.0,241397.25707230964,701587.3753499127,1.1583735863247484
ASAS15hg,0.02977,7.5,259995.8105283774,752547.0072450896,1.153918207487939
ASAS15hg,0.02977,8.0,275458.41075020464,794292.2862005733,1.149810768489887
ASAS15hg,0.02977,8.5,288330.31059087784,828431.1644743507,1.1459153207803559
ASAS15hg,0.02977,9.0,298992.8007074969,857260.5786074557,1.1436303043028635
ASAS15hg,0.02977,9.5,308126.7394726351,882595.0158636126,1.1425802055985008
ASAS15hg,0.02977,10.0,316266.43218693003,905124.0091726072,1.141637464393547
ASAS15hx,0.0081,1.0,25056.14203561584,47761.30383746656,0.7004049295886565
ASAS15hx,0.0081,1.5,39513.527267720216,75929.16713238707,0.7091570909918727
ASAS15hx,0.0081,2.0,48912.82738523282,92398.41995344729,0.6906044423375991
ASAS15hx,0.0081,2.5,53778.480474479285,101001.76912247443,0.6843011347337233
ASAS15hx,0.0081,3.0,58084.8792596254,109394.93110453252,0.6873352704369087
ASAS15hx,0.0081,3.5,62008.56870581498,118062.51185847804,0.6991507797423182
ASAS15hx,0.0081,4.0,62102.84838583338,119595.96200960764,0.7115124918343898
ASAS15hx,0.0081,4.5,60727.7740820262,117793.4845586199,0.7193347661810603
ASAS15hx,0.0081,5.0,59682.49294550338,114935.52825740156,0.7115183521361095
ASAS15hx,0.0081,5.5,61246.87686841536,120119.00130191707,0.7313194121888957
ASAS15hx,0.0081,6.0,60877.25043989927,124296.42891900855,0.7750090559206406
ASAS15hx,0.0081,6.5,60552.980855558286,124073.0664299606,0.7788549717578139
ASAS15hx,0.0081,7.0,59695.069028518046,123281.83869567043,0.7874016108568973
ASAS15hx,0.0081,7.5,69276.4042092029,145873.720053635,0.8084793021880603
ASAS15hx,0.0081,8.0,71181.87648006924,150697.28106515546,0.814339960245934
ASAS15hx,0.0081,8.5,73849.72890087517,154332.2059530989,0.8002691461508933
ASAS15hx,0.0081,9.0,81185.00443933727,169748.73864924232,0.8008268427265232
ASAS15hx,0.0081,9.5,83364.8809735016,175643.35840333026,0.809121495108192
ASAS15hx,0.0081,10.0,109483.93569713554,241408.8214824248,0.8585068374659431
CSP12G,0.03697,1.0,703.0942908616576,1250.6058220967532,0.6252671867560611
CSP12G,0.03697,1.5,1637.0271180227037,2993.56261781285,0.655331182974382
CSP12G,0.03697,2.0,3037.9956273291546,5687.4139420506135,0.6808192346022645
CSP12G,0.03697,2.5,4965.463509926224,9506.024959359238,0.7050978888832938
CSP12G,0.03697,3.0,7369.69242897494,13984.98830831254,0.6955318612277023
CSP12G,0.03697,3.5,9604.615644939424,18265.580345834875,0.6978837134820042
CSP12G,0.03697,4.0,11847.34398615294,22361.87890116199,0.6897182323350204
CSP12G,0.03697,4.5,14720.115378799155,26092.06755627373,0.6214932005391447
CSP12G,0.03697,5.0,16788.390602359763,29714.88920758621,0.619912625691261
CSP12G,0.03697,5.5,18974.077760455213,33587.96093769959,0.6200574083542958
CSP12G,0.03697,6.0,21337.241580340797,36671.47259331262,0.5879751891890912
CSP12G,0.03697,6.5,23124.233818434863,39382.7325554649,0.5780962353710061
CSP12G,0.03697,7.0,24569.84810686379,41607.41194114466,0.5719205776631776
CSP12G,0.03697,7.5,25710.77678171164,43702.85297227871,0.5759864781511398
CSP12G,0.03697,8.0,26612.037528891567,45731.47711714896,0.5878427550048468
CSP12G,0.03697,8.5,27688.80190095047,47548.248196165696,0.5870758921183484
CSP12G,0.03697,9.0,28659.849594646887,49111.32379724113,0.5847693344932811
CSP12G,0.03697,9.5,29318.5556515878,50154.79120907476,0.5829246384681425
CSP12G,0.03697,10.0,29847.99516698493,51026.110968465175,0.5821932586930347
CSP12J,0.0147,1.0,196009.20960044477,568560.8535794412,1.1562511925990515
CSP12J,0.0147,1.5,278699.620915051,799996.1861351395,1.1448788464288286
CSP12J,0.0147,2.0,332148.32843953103,949250.6617724044,1.1401220935417355
CSP12J,0.0147,2.5,376586.8171922405,1073736.483558127,1.1375814921296727
CSP12J,0.0147,3.0,423589.5704803769,1197178.5889454086,1.1280342064570452
CSP12J,0.0147,3.5,458818.80761939,1286794.322838967,1.1196698106469307
CSP12J,0.0147,4.0,487095.7048809939,1357458.9039360955,1.1127809761370757
CSP12J,0.0147,4.5,511057.3275787014,1417967.1396668092,1.1079913672421304
CSP12J,0.0147,5.0,532457.9655747476,1473588.4454432554,1.105227197626062
CSP12J,0.0147,5.5,553311.8823693088,1530252.7460079286,1.1044829267975658
CSP12J,0.0147,6.0,564371.3528312118,1562518.5942998207,1.105650582853913
CSP12J,0.0147,6.5,573281.808264278,1583272.964626205,1.1029690882279777
CSP12J,0.0147,7.0,581550.6171170763,1604737.0104904564,1.1020408701623052
CSP12J,0.0147,7.5,594456.6377256748,1628563.5618756867,1.0942113318085929
CSP12J,0.0147,8.0,606881.3046767117,1649078.6001117968,1.0853439923201396
CSP12J,0.0147,8.5,630321.8446986304,1691289.9916247083,1.071639301042946
CSP12J,0.0147,9.0,648032.4771618586,1744152.8986349746,1.0749694557443872
CSP12J,0.0147,9.5,655518.4816248874,1763814.24618966,1.0746697634707045
CSP12J,0.0147,10.0,661721.8468015142,1774453.4055022337,1.070972816899892
CSP13aam,0.07495,1.0,-34.39209165979173,114.92742699730672,
CSP13aam,0.07495,1.5,-19.018080047525796,252.6518132245538,
CSP13aam,0.07495,2.0,-80.76405537112925,409.0510819880718,
CSP13aam,0.07495,2.5,-220.51085119208864,627.4345505517483,
CSP13aam,0.07495,3.0,-340.7009187174491,883.7584909013178,
CSP13aam,0.07495,3.5,-142.51808774010863,1429.242890921074,
CSP13aam,0.07495,4.0,352.03095012749617,2666.5749116463217,2.198432352401166
CSP13aam,0.07495,4.5,1027.1398370852637,4634.661874252536,1.6359712046908212
CSP13aam,0.07495,5.0,2033.5509116726232,7475.878791994399,1.4135180041197695
CSP13aam,0.07495,5.5,3982.2517019954153,11553.60036865208,1.1564715873863878
CSP13aam,0.07495,6.0,7116.075507240731,17573.0851377472,0.9815186636293195
CSP13aam,0.07495,6.5,12531.992601994998,27477.743061008103,0.8524023209495484
CSP13aam,0.07495,7.0,20449.10664180408,40690.33246945396,0.7470422464805919
CSP13aam,0.07495,7.5,28678.559508059858,53584.44677827052,0.6787035446716043
CSP13aam,0.07495,8.0,34666.44933786887,62972.81976408166,0.6481094460355065
CSP13aam,0.07495,8.5,38392.13042429386,70309.10479533437,0.6569233901438307
CSP13aam,0.07495,9.0,41141.4693828812,76403.33760685846,0.672081330263085
CSP13aam,0.07495,9.5,43772.798206045234,82620.83956737272,0.689713234392061
CSP13aam,0.07495,10.0,46574.05310897653,89616.2045522799,0.7106062813639212
CSP13aao,0.0614,1.0,6837.81108687804,19866.4890883044,1.1580100624948917
CSP13aao,0.0614,1.5,12947.892184310793,39919.28879915117,1.2224593022103138
CSP13aao,0.0614,2.0,18130.006755814484,57752.93706278594,1.2579402738094978
CSP13aao,0.0614,2.5,22292.425167944784,71321.87331419605,1.2626635605316663
CSP13aao,0.0614,3.0,25496.007051773755,81133.53367704719,1.256820552495864
CSP13aao,0.0614,3.5,27957.611904618185,88573.41503067211,1.2520082943138577
CSP13aao,0.0614,4.0,29900.12372244015,94257.99795757855,1.2466130642959798
CSP13aao,0.0614,4.5,31376.09210912752,98688.3632002109,1.2441677369089985
CSP13aao,0.0614,5.0,32654.89947399741,102269.83629053085,1.2394980239914435
CSP13aao,0.0614,5.5,33655.31123587781,104992.37454154831,1.2352603670473639
CSP13aao,0.0614,6.0,34542.3174175517,107705.70356395692,1.2347180782825713
CSP13aao,0.0614,6.5,35441.69388970748,110312.68504515728,1.2327774633220305
CSP13aao,0.0614,7.0,36369.50805793415,112667.94731006822,1.2276573881899284
CSP13aao,0.0614,7.5,37026.726386942886,114593.73372244532,1.2266138827996258
CSP13aao,0.0614,8.0,37740.07542986247,115862.22612962974,1.21784776190117
CSP13aao,0.0614,8.5,38322.50251290088,117133.61859609083,1.213069246842052
CSP13aao,0.0614,9.0,38638.01252248535,118139.60434642402,1.2134518328802246
CSP13aao,0.0614,9.5,38957.839070719085,118694.35373567096,1.2095880022534318
CSP13aao,0.0614,10.0,39099.40830505691,118981.30125211753,1.20827132274288
CSP13abm,0.02818,1.0,,930.5915178656912,
CSP13abm,0.02818,1.5,,1565.9923016012783,
CSP13abm,0.02818,2.0,,3084.455592145515,
CSP13abm,0.02818,2.5,,4298.738841054503,
CSP13abm,0.02818,3.0,,5395.277989270067,
CSP13abm,0.02818,3.5,,6214.1712084201545,
CSP13abm,0.02818,4.0,,8140.910253911606,
CSP13abm,0.02818,4.5,,10644.567395638733,
CSP13abm,0.02818,5.0,,14173.477364355029,
CSP13abm,0.02818,5.5,,18749.55030894529,
CSP13abm,0.02818,6.0,,22425.06053132179,
CSP13abm,0.02818,6.5,,24943.457473577684,
CSP13abm,0.02818,7.0,,27750.097288117424,
CSP13abm,0.02818,7.5,,31229.93091966549,
CSP13abm,0.02818,8.0,,33494.64642064104,
CSP13abm,0.02818,8.5,,35825.80675168181,
CSP13abm,0.02818,9.0,,37903.50691271985,
CSP13abm,0.02818,9.5,,38998.86626624425,
CSP13abm,0.02818,10.0,,37975.43677612347,
CSP14aaq,0.03591,1.0,68732.6067080969,230529.06768648847,1.31390719724754
CSP14aaq,0.03591,1.5,114004.64222139498,375029.1318297968,1.2928561713635651
CSP14aaq,0.03591,2.0,155325.8420558652,505439.699376602,1.281064083887262
CSP14aaq,0.03591,2.5,193673.91994199285,625750.6906459506,1.273325487229458
CSP14aaq,0.03591,3.0,230327.4836445333,739094.6642057922,1.2658857601453288
CSP14aaq,0.03591,3.5,265008.3048545268,844361.9277766305,1.2581728966434125
CSP14aaq,0.03591,4.0,298304.69075005525,942944.213418247,1.2495647928749822
CSP14aaq,0.03591,4.5,328955.65848749323,1034941.3188374134,1.2444459118532545
CSP14aaq,0.03591,5.0,358308.48260715645,1121392.1886061446,1.2387510919358995
CSP14aaq,0.03591,5.5,386004.5345839228,1200874.3421768777,1.232262898094347
CSP14aaq,0.03591,6.0,410340.43688328,1272740.0135577328,1.2289884539142113
CSP14aaq,0.03591,6.5,434431.8880590859,1345023.6134734957,1.227020533081
CSP14aaq,0.03591,7.0,462119.3228909613,1428290.69843139,1.2251561989554915
CSP14aaq,0.03591,7.5,485826.4241911848,1496681.2795610577,1.221620485203707
CSP14aaq,0.03591,8.0,504282.0042730232,1550934.7351560509,1.2198001309779798
CSP14aaq,0.03591,8.5,521313.59883523965,1600596.034494583,1.2179567065807544
CSP14aaq,0.03591,9.0,538501.7759740184,1648679.7226080426,1.2148728914346596
CSP14aaq,0.03591,9.5,553646.8009801571,1693218.8334776626,1.2137007389232717
CSP14aaq,0.03591,10.0,567127.0547082154,1733015.5529878666,1.2128052364652313
CSP14acy,0.0664,1.0,309.98763148035226,935.9554336858426,1.199777010293789
CSP14acy,0.0664,1.5,668.8953656295929,2159.8817912649893,1.2726794904630132
CSP14acy,0.0664,2.0,1105.9172857785898,3857.262500762611,1.3563913723541312
CSP14acy,0.0664,2.5,1774.2770679855732,5961.808091532855,1.3158913817100915
CSP14acy,0.0664,3.0,2551.156339347836,8397.724606379135,1.2935613864936681
CSP14acy,0.0664,3.5,3334.522902511233,11098.221856706985,1.3055492440204566
CSP14acy,0.0664,4.0,4102.576913254044,13690.84936300527,1.3084341507331951
CSP14acy,0.0664,4.5,4869.1314699539125,15998.08168584506,1.2915410224928483
CSP14acy,0.0664,5.0,5441.450301768327,17953.101329230125,1.2960620377480407
CSP14acy,0.0664,5.5,5964.049474360004,19728.41078757957,1.298877162068056
CSP14acy,0.0664,6.0,6576.181757660226,21522.51484353813,1.2872980198580057
CSP14acy,0.0664,6.5,7038.562413661406,22913.957660042488,1.281540350638343
CSP14acy,0.0664,7.0,7332.396352262166,24178.6493034725,1.295465258596221
CSP14acy,0.0664,7.5,7635.687273953534,25393.129425087704,1.3046702325580815
CSP14acy,0.0664,8.0,7932.742910042795,26185.943406398717,1.2966121133643758
CSP14acy,0.0664,8.5,8091.238831181588,26519.65559198644,1.2888821477203285
CSP14acy,0.0664,9.0,8246.143200303019,26928.397649826424,1.284899098761116
CSP14acy,0.0664,9.5,8312.394793777785,27152.16992825483,1.285195953198655
CSP14acy,0.0664,10.0,8456.120765149,27220.137150615512,1.269297831061797
CSP14ade,0.06246,1.0,2049.7840604265025,6780.816051733127,1.2989346286673156
CSP14ade,0.06246,1.5,4621.371809744814,15684.058960598995,1.326718888575476
CSP14ade,0.06246,2.0,8255.641142316143,27171.45165900284,1.293405087259703
CSP14ade,0.06246,2.5,12443.166251236284,39709.35925465806,1.259904939232789
CSP14ade,0.06246,3.0,16904.045689587485,52300.42040643494,1.2262863049478558
CSP14ade,0.06246,3.5,21262.105527021893,64537.27767859366,1.205510931722542
CSP14ade,0.06246,4.0,25407.509005475087,75867.25815217523,1.1877307518327398
CSP14ade,0.06246,4.5,29337.469782911943,86190.3477917138,1.1700899446779032
CSP14ade,0.06246,5.0,32975.676584254856,95930.51801163064,1.1594076864588103
CSP14ade,0.06246,5.5,36336.0064359458,104898.69647499896,1.1510822441546882
CSP14ade,0.06246,6.0,39447.54065831166,113325.509762334,1.1457693720418487
CSP14ade,0.06246,6.5,42300.752777943686,121317.74027465914,1.1439405406049088
CSP14ade,0.06246,7.0,44889.9588386735,128737.93511237338,1.1438933295426095
CSP14ade,0.06246,7.5,47281.90952695363,135264.54487579688,1.1412224198638383
CSP14ade,0.06246,8.0,49486.333949125685,141334.73023763057,1.139409031878658
CSP14ade,0.06246,8.5,51595.40098838142,146749.81344708914,1.134916414463102
CSP14ade,0.06246,9.0,53582.79036100393,151843.70416361353,1.1309286589921477
CSP14ade,0.06246,9.5,55733.599596345644,156968.14899839292,1.1242361095342783
CSP14ade,0.06246,10.0,57955.0954871789,163424.15410930733,1.1255615500091738
KISS13l,0.13201,1.0,49.5893923119808,61.82333042972776,0.23940902635592048
KISS13l,0.13201,1.5,86.05201658878154,185.5155987619526,0.8340484503110008
KISS13l,0.13201,2.0,95.61582602333914,338.83263387073856,1.3736386261984455
KISS13l,0.13201,2.5,76.58351801287762,397.2626596034673,1.7873560829197923
KISS13l,0.13201,3.0,138.91099007025753,463.9871218012438,1.3094232998874902
KISS13l,0.13201,3.5,242.43891077143115,587.113386566517,0.9602991463523785
KISS13l,0.13201,4.0,376.0672104141362,766.0194046179522,0.7724357565183593
KISS13l,0.13201,4.5,582.66592469031,997.0093450023036,0.5831990211156205
KISS13l,0.13201,5.0,836.3932075032894,1350.9293000862092,0.520555309873356
KISS13l,0.13201,5.5,1153.3918472909895,1827.4432813872625,0.4996675732244291
KISS13l,0.13201,6.0,1519.5504168361117,2605.938964192899,0.5856228137869027
KISS13l,0.13201,6.5,2019.112763718293,3797.084737715959,0.6857242875592329
KISS13l,0.13201,7.0,2711.008421767621,5320.722579872494,0.732099372176967
KISS13l,0.13201,7.5,3438.975060320696,7114.243053999922,0.7892491805563063
KISS13l,0.13201,8.0,4155.210556563958,8915.770798785186,0.8289146493379197
KISS13l,0.13201,8.5,4822.1876024693975,10390.126092020617,0.8334417897758184
KISS13l,0.13201,9.0,5321.235376511744,11654.01732851262,0.851157974567721
KISS13l,0.13201,9.5,5642.114284773699,12497.511765310335,0.8634541886080421
KISS13l,0.13201,10.0,5905.777070698111,12874.764945234414,0.8461556488245325
KISS13v,0.08,1.0,141.7736646207276,390.6156599680186,1.1003852126407416
KISS13v,0.08,1.5,360.8834000954468,675.8867249481909,0.6812675268028402
KISS13v,0.08,2.0,561.7358753357834,1034.4397441552253,0.6629325929054561
KISS13v,0.08,2.5,778.066197692292,1339.2345237247914,0.589600220262021
KISS13v,0.08,3.0,968.6465283920888,1512.4403900786633,0.48378235119793644
KISS13v,0.08,3.5,1023.117197427424,1603.2150177786084,0.4876659691211615
KISS13v,0.08,4.0,1063.4279061484754,1694.939302231623,0.5061152436792018
KISS13v,0.08,4.5,1053.8420333742276,1866.562994317915,0.6206678366455531
KISS13v,0.08,5.0,1153.5440241347026,1886.1534444966017,0.5338571184067665
KISS13v,0.08,5.5,1251.7456054428867,1803.888579361662,0.39673408406320687
KISS13v,0.08,6.0,1457.2854110931776,1921.3469807548056,0.300152962633451
KISS13v,0.08,6.5,1607.03353988051,2039.864348303132,0.25894086692953877
KISS13v,0.08,7.0,1721.7439067128291,2017.6228912414865,0.17217860481708172
KISS13v,0.08,7.5,1806.4174286549223,2068.8867032241733,0.14729648410540802
KISS13v,0.08,8.0,1906.967139861305,2250.28018783233,0.17973346755861253
KISS13v,0.08,8.5,1982.2506156855584,2398.943968431483,0.20715385739381548
KISS13v,0.08,9.0,2060.531853645888,2408.6034054359216,0.16946490851035245
KISS13v,0.08,9.5,2096.7363217462416,2600.0889832024177,0.2336109815160829
KISS13v,0.08,10.0,3108.141591742732,2716.6215780179223,-0.14617912240010503
KISS15m,0.0243,1.0,,247.91501004076983,
KISS15m,0.0243,1.5,,278.3408236888565,
KISS15m,0.0243,2.0,,-276.3923367469997,
KISS15m,0.0243,2.5,,-367.4121883200328,
KISS15m,0.0243,3.0,,41.96685478762265,
KISS15m,0.0243,3.5,,481.37888016215766,
KISS15m,0.0243,4.0,,1081.3778645926814,
KISS15m,0.0243,4.5,,1677.5254665470277,
KISS15m,0.0243,5.0,,2727.103691611397,
KISS15m,0.0243,5.5,,3084.117547734182,
KISS15m,0.0243,6.0,,3303.6957816411013,
KISS15m,0.0243,6.5,,3981.4152749190034,
KISS15m,0.0243,7.0,,5164.598685797639,
KISS15m,0.0243,7.5,,7279.569888368991,
KISS15m,0.0243,8.0,,10852.473758905966,
KISS15m,0.0243,8.5,,15338.195840208553,
KISS15m,0.0243,9.0,,21277.419337609987,
KISS15m,0.0243,9.5,,24271.008931358687,
KISS15m,0.0243,10.0,,27428.098265338725,
LSQ11bk,0.037,1.0,898.7306330747298,1428.3832971147444,0.503038045771158
LSQ11bk,0.037,1.5,1805.557857565032,2712.5163487538844,0.44190238710325713
LSQ11bk,0.037,2.0,2587.8785930071585,3851.302123418901,0.4316592274663684
LSQ11bk,0.037,2.5,2885.4735990564573,4368.967738782347,0.4504043319387597
LSQ11bk,0.037,3.0,3051.481918564536,4452.696090320748,0.41028063338565457
LSQ11bk,0.037,3.5,3181.855981805269,4525.221259342533,0.3823982504533119
LSQ11bk,0.037,4.0,3339.4281911854528,4592.552375812735,0.3459550219925431
LSQ11bk,0.037,4.5,3304.721064762873,4380.166835470881,0.305889609706625
LSQ11bk,0.037,5.0,2954.704244448112,4800.227959361424,0.5268696154035553
LSQ11bk,0.037,5.5,2996.143564030878,4903.046480630411,0.5347584776413854
LSQ11bk,0.037,6.0,2987.9437838284703,5467.84917100239,0.6561102597940935
LSQ11bk,0.037,6.5,2952.389551226467,6097.546128783034,0.7874535871144563
LSQ11bk,0.037,7.0,2914.367391791362,6036.592653848235,0.7906189295960024
LSQ11bk,0.037,7.5,2881.9986927944824,6124.862454313057,0.8185064018180239
LSQ11bk,0.037,8.0,3066.781136539113,5988.915514895449,0.7266635082060411
LSQ11bk,0.037,8.5,2950.56863619667,5753.686582636784,0.7251011986409197
LSQ11bk,0.037,9.0,2961.5813822309588,5453.941521042683,0.662967014314539
LSQ11bk,0.037,9.5,3141.8998231464666,4902.256417332383,0.48300922475398456
LSQ11bk,0.037,10.0,3081.4835494539366,5001.761108784001,0.5259077294577892
LSQ11ot,0.027,1.0,6922.7612341700615,18026.545379184005,1.039082882767136
LSQ11ot,0.027,1.5,13959.602999610695,35679.85528213895,1.018875041858879
LSQ11ot,0.027,2.0,22154.752477409445,56628.824286200426,1.0189266068439946
LSQ11ot,0.027,2.5,30224.362370937728,76756.17700606889,1.0118904704449274
LSQ11ot,0.027,3.0,38598.52838772826,97576.88578435448,1.006940515618113
LSQ11ot,0.027,3.5,47474.081688869526,120103.98372946146,1.0077521000188792
LSQ11ot,0.027,4.0,56372.47966520114,144129.84330253425,1.019216939621259
LSQ11ot,0.027,4.5,66252.82432950326,169632.63664700676,1.020762539264364
LSQ11ot,0.027,5.0,76906.46544660715,197956.18433585437,1.0265155551075382
LSQ11ot,0.027,5.5,88601.12232245506,228643.6067637493,1.029299597844867
LSQ11ot,0.027,6.0,101037.95354739708,263652.6898622083,1.0413691629564006
LSQ11ot,0.027,6.5,113921.665609912,298449.3260595474,1.0456606912996782
LSQ11ot,0.027,7.0,126301.32898282986,332558.22985866363,1.0511494486920783
LSQ11ot,0.027,7.5,137527.78231042018,363121.4810352263,1.0541537529592788
LSQ11ot,0.027,8.0,147680.08888303983,389207.4094525184,1.0521478859892925
LSQ11ot,0.027,8.5,156311.52866829684,412165.1034018883,1.0527005210983396
LSQ11ot,0.027,9.0,164178.5104160992,432888.89985679527,1.0526503468909214
LSQ11ot,0.027,9.5,171456.79954767367,452044.9996583661,1.052567391971241
LSQ11ot,0.027,10.0,178456.35210188478,469779.9447269618,1.0509061532850341
LSQ11pn,0.033,1.0,7382.695854670709,18801.78848854966,1.014960464061414
LSQ11pn,0.033,1.5,16271.33662202809,42579.02577457847,1.0444312262751512
LSQ11pn,0.033,2.0,28293.74183566885,73402.230277717,1.0350471733578364
LSQ11pn,0.033,2.5,43959.225924658895,112535.952307483,1.0206031351093192
LSQ11pn,0.033,3.0,64209.64360078483,161660.10751879023,1.002506509902191
LSQ11pn,0.033,3.5,89910.04049221579,222413.72908345083,0.9833834961808978
LSQ11pn,0.033,4.0,123135.15197958628,300179.2119583119,0.9674964059810698
LSQ11pn,0.033,4.5,167608.32741423274,407789.2059185547,0.9653503342636722
LSQ11pn,0.033,5.0,222740.20834801195,553895.7216779119,0.9890734727161652
LSQ11pn,0.033,5.5,274816.4724304128,699438.9939987696,1.0142677001654987
LSQ11pn,0.033,6.0,315091.5509293087,814266.8129853368,1.0308249419250206
LSQ11pn,0.033,6.5,347081.89704890107,902025.344712558,1.0369669445386045
LSQ11pn,0.033,7.0,374192.6487254178,974714.2806821916,1.0394551944815047
LSQ11pn,0.033,7.5,397867.8946269335,1038234.363965896,1.0413912586644964
LSQ11pn,0.033,8.0,419166.0039000974,1095264.5766655542,1.0428324737714685
LSQ11pn,0.033,8.5,439571.43607738754,1148689.6131113458,1.042933075950152
LSQ11pn,0.033,9.0,459095.0421991133,1199730.9205425314,1.0429531230281235
LSQ11pn,0.033,9.5,476816.6757406665,1246290.0358042202,1.0431692180171497
LSQ11pn,0.033,10.0,492694.4678469134,1287741.5356279768,1.0431275451075457
LSQ12agq,0.064,1.0,240.99241826590577,547.2723602651654,0.890500337935114
LSQ12agq,0.064,1.5,669.6362060551386,1216.834222923791,0.6484812209895235
LSQ12agq,0.064,2.0,1475.478345059636,2997.4809197774885,0.7695589684443478
LSQ12agq,0.064,2.5,2923.0416169301625,6202.224577789255,0.8167812224199458
LSQ12agq,0.064,3.0,5261.04295403856,11303.850230679374,0.8303863677602731
LSQ12agq,0.064,3.5,8285.253128161356,18117.856351741542,0.8495025766006947
LSQ12agq,0.064,4.0,11621.180250429956,26173.6071041004,0.8815333537478925
LSQ12agq,0.064,4.5,14969.450716903428,34123.681392314764,0.8946250338876209
LSQ12agq,0.064,5.0,17987.69726546159,41067.79426221217,0.8963145198068978
LSQ12agq,0.064,5.5,20530.380766035665,46774.60336982643,0.8940327736704633
LSQ12agq,0.064,6.0,22429.854790948557,50673.01279996871,0.8848756608505364
LSQ12agq,0.064,6.5,23507.228024171225,52862.36120409753,0.8798628444866596
LSQ12agq,0.064,7.0,24242.54439552789,54281.96144095368,0.875193331478301
LSQ12agq,0.064,7.5,24711.38725753973,54683.79455760898,0.8624037908631828
LSQ12agq,0.064,8.0,25085.49304093333,55194.10899252336,0.8561752139837246
LSQ12agq,0.064,8.5,25264.651306769127,55547.80752896709,0.8553840334324894
LSQ12agq,0.064,9.0,25734.38126277484,56642.30495739507,0.8565679675063662
LSQ12agq,0.064,9.5,25996.45180091818,57104.16465069344,0.8543842668100636
LSQ12agq,0.064,10.0,25788.91857583621,56836.051111450746,0.8579769129522954
LSQ12aor,0.093,1.0,533.7760979714149,1007.6616612999444,0.6898890315756945
LSQ12aor,0.093,1.5,1323.6551671815669,2364.97060394988,0.6301272189338991
LSQ12aor,0.093,2.0,2343.5941368177696,4375.085312332626,0.6777603079466072
LSQ12aor,0.093,2.5,3652.3969054308586,6945.863040419308,0.6978706235772868
LSQ12aor,0.093,3.0,5207.2173780576495,9996.418780236794,0.7080968345940329
LSQ12aor,0.093,3.5,6977.143166676221,13508.016302473052,0.7172848539419961
LSQ12aor,0.093,4.0,8840.857110816907,17443.339591853444,0.7378381611048335
LSQ12aor,0.093,4.5,11016.448675069973,21836.143827673557,0.7428358268986247
LSQ12aor,0.093,5.0,13496.157657881762,26515.476090529784,0.7332232161595325
LSQ12aor,0.093,5.5,16399.478042890612,32207.44793757017,0.7328157193799949
LSQ12aor,0.093,6.0,19548.14995481377,38798.25803947563,0.7442664131404784
LSQ12aor,0.093,6.5,22997.40030298047,46265.00814817026,0.7589347454647724
LSQ12aor,0.093,7.0,26357.661398775534,54099.45681920786,0.7807150751794988
LSQ12aor,0.093,7.5,29598.72198018801,61324.672428602345,0.7909056941370545
LSQ12aor,0.093,8.0,32794.36545498118,68286.31093248958,0.7963360479167693
LSQ12aor,0.093,8.5,36208.43215566479,74972.4507151369,0.7902299683610547
LSQ12aor,0.093,9.0,39577.715124562266,81542.41650348571,0.784832148525022
LSQ12aor,0.093,9.5,42950.29650848338,88120.92885405464,0.7802822497973899
LSQ12aor,0.093,10.0,45786.5884033828,94099.59282326384,0.782123647778451
LSQ12bld,0.083,1.0,57.71485347130019,226.4973061108616,1.4844386090557307
LSQ12bld,0.083,1.5,135.42093535985242,564.9235128846288,1.5507596046790681
LSQ12bld,0.083,2.0,310.2623319782292,1018.2124603870616,1.290273387568145
LSQ12bld,0.083,2.5,573.0465623431296,1719.9752199812033,1.193330696022055
LSQ12bld,0.083,3.0,770.1138999565339,2488.440993618061,1.273430962475663
LSQ12bld,0.083,3.5,1107.2610667367828,3463.131748810463,1.238047460552047
LSQ12bld,0.083,4.0,1392.4315201215873,4615.956934589905,1.3012197564971737
LSQ12bld,0.083,4.5,2807.4749868274776,5900.612232164987,0.8064529490922077
LSQ12bld,0.083,5.0,4943.098990926687,7233.341682351807,0.41334918160744427
LSQ12bld,0.083,5.5,7980.302086909893,8839.600280866376,0.11103323889539776
LSQ12bld,0.083,6.0,8905.611959839722,10860.282882491558,0.21544342441036968
LSQ12bld,0.083,6.5,9653.39019295136,13027.450114271543,0.3254488948711498
LSQ12bld,0.083,7.0,10732.024169236352,15520.60395106055,0.40056743707335724
LSQ12bld,0.083,7.5,11875.351554382158,18050.51145842632,0.45460759217571
LSQ12bld,0.083,8.0,12919.359811085033,21055.65364413977,0.5303193357773286
LSQ12bld,0.083,8.5,14286.63059341283,24189.05776541149,0.5717228406038084
LSQ12bld,0.083,9.0,15516.241988437594,27785.7774249658,0.632590020910586
LSQ12bld,0.083,9.5,16739.975118165235,31297.326855396484,0.6793810933760441
LSQ12bld,0.083,10.0,18347.460669912707,35320.33382505357,0.7111220854721709
LSQ12btn,0.054,1.0,597.252325045996,1487.6628096492252,0.9908666426211896
LSQ12btn,0.054,1.5,1214.880655450703,3223.2539006615543,1.0594022501486893
LSQ12btn,0.054,2.0,1949.6840652137423,5569.5184839540525,1.1396335184990938
LSQ12btn,0.054,2.5,2779.3782447254234,8614.248297937802,1.228174329881672
LSQ12btn,0.054,3.0,4112.089211363256,12412.964783517744,1.1995324880053508
LSQ12btn,0.054,3.5,5581.052169329228,16766.795784109854,1.1943349815462883
LSQ12btn,0.054,4.0,7279.827098714297,21948.70945779395,1.1982198125566534
LSQ12btn,0.054,4.5,9277.350912561164,28194.20110648464,1.2068395231309967
LSQ12btn,0.054,5.0,11870.156988834928,35348.37497387137,1.1847824764100734
LSQ12btn,0.054,5.5,14836.834178344234,43805.58781365265,1.1754706737144818
LSQ12btn,0.054,6.0,17990.342551847327,53930.71114323661,1.1919917856646176
LSQ12btn,0.054,6.5,22099.912738507446,66032.42746388513,1.1884167602257214
LSQ12btn,0.054,7.0,26897.731160636435,80108.2092753045,1.1849034378739627
LSQ12btn,0.054,7.5,32302.68623901458,97058.6230927088,1.1944887172825103
LSQ12btn,0.054,8.0,39175.13843601916,116721.3836498181,1.185349718325124
LSQ12btn,0.054,8.5,47229.166379628565,140679.77741465962,1.1850534809692346
LSQ12btn,0.054,9.0,57504.81874552427,170446.40473375205,1.1797090152220773
LSQ12btn,0.054,9.5,70214.55358736149,207852.3514978045,1.1783195078971722
LSQ12btn,0.054,10.0,86752.12664273096,257904.9757295731,1.1829489777898992
LSQ12ca,0.098,1.0,157.2616110682784,363.9844588257212,0.9111503008273601
LSQ12ca,0.098,1.5,374.6086278598428,927.6120011392474,0.9844714577070905
LSQ12ca,0.098,2.0,673.2862785781132,1941.9239083784169,1.1500811123439016
LSQ12ca,0.098,2.5,1132.688700160171,3266.7880047662666,1.1500259607175571
LSQ12ca,0.098,3.0,1722.5216825909995,4973.108392370065,1.1511580692573575
LSQ12ca,0.098,3.5,2468.1823152016887,6977.346497907994,1.128282636342722
LSQ12ca,0.098,4.0,3408.206047884138,9257.84489296873,1.0849601437879233
LSQ12ca,0.098,4.5,4372.834351443761,11930.09944090173,1.08970259407995
LSQ12ca,0.098,5.0,5383.44495846675,14720.49147159404,1.0921550822545218
LSQ12ca,0.098,5.5,6591.833251509389,17751.323329546474,1.0755613041519416
LSQ12ca,0.098,6.0,7765.547536868521,21100.05048940093,1.0852785298006358
LSQ12ca,0.098,6.5,9062.978321152848,24975.280247097075,1.1005985724564975
LSQ12ca,0.098,7.0,10599.022111656885,29224.26670777456,1.1011945612987224
LSQ12ca,0.098,7.5,12068.538333798784,33519.503032157205,1.1091072420422774
LSQ12ca,0.098,8.0,13626.789823062854,38165.59490181886,1.1181961969700513
LSQ12ca,0.098,8.5,15462.018542169471,43313.67974779763,1.1183972284576806
LSQ12ca,0.098,9.0,17309.091684033392,48492.701855605614,1.1185052598287766
LSQ12ca,0.098,9.5,19108.679915088986,54469.38687869992,1.1373045026128603
LSQ12ca,0.098,10.0,21198.021365758446,60448.52905599752,1.1377260293230114
LSQ12cda,0.13749,1.0,-5.6134721230028966,40.55303261317247,
LSQ12cda,0.13749,1.5,-5.418184523349405,129.781030103017,
LSQ12cda,0.13749,2.0,-11.40997039917449,221.7908103738616,
LSQ12cda,0.13749,2.5,23.331027329160836,328.29706591187323,2.870832847338971
LSQ12cda,0.13749,3.0,73.27257765754685,471.80315773508494,2.0220484334745974
LSQ12cda,0.13749,3.5,106.26389228798988,605.3810388096135,1.889107737087471
LSQ12cda,0.13749,4.0,141.3049878204198,809.6066673365514,1.8952914602180304
LSQ12cda,0.13749,4.5,240.67844796523448,1123.2002596355574,1.6725499823274235
LSQ12cda,0.13749,5.0,365.19436560220805,1407.3287796150034,1.4646787514858273
LSQ12cda,0.13749,5.5,409.8214530608921,1754.0932246998068,1.578644955625711
LSQ12cda,0.13749,6.0,483.7756138657002,2138.526110649315,1.6136764613053551
LSQ12cda,0.13749,6.5,540.8136688314219,2477.0241458689143,1.6522064510080694
LSQ12cda,0.13749,7.0,604.4340893795376,2843.397606992953,1.6812216087977452
LSQ12cda,0.13749,7.5,700.7762863304552,3332.928439690121,1.6931164797461102
LSQ12cda,0.13749,8.0,831.0575804840416,4025.926109416548,1.7130867111420343
LSQ12cda,0.13749,8.5,1105.1788858270402,4703.281962055775,1.5724210906875333
LSQ12cda,0.13749,9.0,1382.169103522901,5259.305033719153,1.450917948603034
LSQ12cda,0.13749,9.5,1703.7067471532932,5919.019970284574,1.3521374047859807
LSQ12cda,0.13749,10.0,2033.4752097868225,6733.657518892499,1.3000303541565492
LSQ12cdl,0.111,1.0,408.0374350684924,1081.8304661125503,1.0586479970051952
LSQ12cdl,0.111,1.5,962.1938495687996,2558.563118807076,1.0618338969985635
LSQ12cdl,0.111,2.0,1855.403824162728,4650.005895605934,0.9975376403378844
LSQ12cdl,0.111,2.5,3086.8415515983206,7435.770863565158,0.9545291518371906
LSQ12cdl,0.111,3.0,4645.96289846328,11022.153818029596,0.9379768253913424
LSQ12cdl,0.111,3.5,6571.080034568705,15249.954871001242,0.9140795040785188
LSQ12cdl,0.111,4.0,8766.934540215943,20015.402059400003,0.8962913864634637
LSQ12cdl,0.111,4.5,11086.373019041112,24973.276340124943,0.8817150895142395
LSQ12cdl,0.111,5.0,13345.566071259236,29796.5900286282,0.8720739145025719
LSQ12cdl,0.111,5.5,15343.026726007212,34150.46499310287,0.8687139496939534
LSQ12cdl,0.111,6.0,17112.32289878648,38216.20376801391,0.8723464435645234
LSQ12cdl,0.111,6.5,18827.63070523508,42063.89353225881,0.8727844956961328
LSQ12cdl,0.111,7.0,20403.29535459353,45511.156517643576,0.8710438886030236
LSQ12cdl,0.111,7.5,21915.628457361683,48886.48143082043,0.8710871281622221
LSQ12cdl,0.111,8.0,23310.565717867783,52236.55088138957,0.8760541995753351
LSQ12cdl,0.111,8.5,24569.801613228763,55271.90820079777,0.880257021378299
LSQ12cdl,0.111,9.0,25851.171072993187,57680.55482840679,0.8713730188425345
LSQ12cdl,0.111,9.5,26995.25797252763,59944.291157809705,0.8661508674627023
LSQ12cdl,0.111,10.0,28125.90622667156,62245.62017187668,0.8625056845929756
LSQ12fuk,0.02,1.0,16693.200047889713,33397.98586471281,0.7529516966413865
LSQ12fuk,0.02,1.5,27239.503921966618,54002.763584026805,0.7430419782151407
LSQ12fuk,0.02,2.0,35584.11454636059,69586.64658739287,0.7281743614307651
LSQ12fuk,0.02,2.5,41724.31216016271,82098.92551913921,0.734870718385489
LSQ12fuk,0.02,3.0,46583.35809335721,92663.6773762625,0.7466968464891433
LSQ12fuk,0.02,3.5,51270.60723522435,101645.22265088336,0.743046275936537
LSQ12fuk,0.02,4.0,56016.99836195503,111395.85292210926,0.7463729734978176
LSQ12fuk,0.02,4.5,61641.5346808022,125918.85595901772,0.7755433162037524
LSQ12fuk,0.02,5.0,102476.8862973781,329952.4632739475,1.2695636345266665
LSQ12fuk,0.02,5.5,186548.817433864,637824.7380636825,1.33477214762683
LSQ12fuk,0.02,6.0,191329.27951170277,649700.0539062272,1.3273286667788917
LSQ12fuk,0.02,6.5,192760.78490733064,654621.835843503,1.327429504193576
LSQ12fuk,0.02,7.0,195762.39822090688,658723.2170914041,1.3174342347573997
LSQ12fuk,0.02,7.5,197114.58582277017,663912.9871278774,1.3184810059101157
LSQ12fuk,0.02,8.0,197299.9261095967,665632.5043903532,1.3202689970231472
LSQ12fuk,0.02,8.5,197056.8633200922,666322.8301459685,1.3227328203525859
LSQ12fuk,0.02,9.0,198497.6626150679,667131.0494713647,1.3161393920415492
LSQ12fuk,0.02,9.5,199357.58305198143,668007.2455029314,1.312871033222693
LSQ12fuk,0.02,10.0,199975.68896930863,670046.6985771206,1.312819674936041
LSQ12fvl,0.056,1.0,728.5010393973461,2365.191511024532,1.2785903396253628
LSQ12fvl,0.056,1.5,1963.7124295521512,5345.10380112536,1.0871956362774824
LSQ12fvl,0.056,2.0,3319.3508703481234,9659.91858222985,1.159800760747474
LSQ12fvl,0.056,2.5,5010.24549386946,15256.280638304384,1.2089741570491683
LSQ12fvl,0.056,3.0,7189.643974760882,22277.68748367788,1.2279068056568847
LSQ12fvl,0.056,3.5,9895.505043888095,30896.31596538748,1.2361718333178093
LSQ12fvl,0.056,4.0,13229.768383367064,41341.611299858814,1.2370878959999083
LSQ12fvl,0.056,4.5,17250.129660653292,54062.47737017579,1.240258948054314
LSQ12fvl,0.056,5.0,21910.550111476397,68845.634030565,1.2430578057694492
LSQ12fvl,0.056,5.5,27706.50972485239,86606.87483453295,1.2374263694582384
LSQ12fvl,0.056,6.0,34431.73565708574,107440.69471605992,1.235524730960011
LSQ12fvl,0.056,6.5,42504.07654630143,132480.06675468184,1.234299883111608
LSQ12fvl,0.056,7.0,52430.44096026533,162839.9343434768,1.230443520719573
LSQ12fvl,0.056,7.5,64151.49378942709,199528.17177573335,1.2319936243044471
LSQ12fvl,0.056,8.0,78685.4513161707,244491.96574655728,1.2309253804806624
LSQ12fvl,0.056,8.5,96833.64223164866,299762.727613246,1.2268784111250057
LSQ12fvl,0.056,9.0,118641.81647670768,367084.9618835704,1.2263220151202965
LSQ12fvl,0.056,9.5,141906.45576232736,443661.6918764751,1.2376244443115048
LSQ12fvl,0.056,10.0,163386.9151736498,516578.5574310026,1.2497977550077215
LSQ12fxd,0.031,1.0,473.9957159745241,1132.2901763649777,0.9454583073634565
LSQ12fxd,0.031,1.5,710.8375772622784,1754.1342382243106,0.9807311186239351
LSQ12fxd,0.031,2.0,1057.222595524685,2774.692444461054,1.0476210376089066
LSQ12fxd,0.031,2.5,1746.3751047309129,3891.784731649568,0.870028195486619
LSQ12fxd,0.031,3.0,2523.2861245578765,5395.313042386524,0.8251253712245054
LSQ12fxd,0.031,3.5,3624.9386805261424,7728.854972889887,0.8220362341719398
LSQ12fxd,0.031,4.0,4966.835860748186,10226.01754467344,0.7840668135574581
LSQ12fxd,0.031,4.5,6155.406227374246,13232.0585546469,0.8309267362131912
LSQ12fxd,0.031,5.0,7634.687161746298,16349.05594589582,0.8267535845697911
LSQ12fxd,0.031,5.5,9216.700770426443,19890.097923605157,0.8351535833918471
LSQ12fxd,0.031,6.0,10889.282351624995,23760.75368780223,0.8471523834429167
LSQ12fxd,0.031,6.5,12620.931458063198,27558.3588925342,0.8479048587138207
LSQ12fxd,0.031,7.0,14218.772390658802,31172.40729683092,0.8522705995951129
LSQ12fxd,0.031,7.5,16301.382900003371,35231.04607731838,0.8367527245263673
LSQ12fxd,0.031,8.0,18200.696212805826,39409.6327572521,0.8387859673409006
LSQ12fxd,0.031,8.5,20222.451991883336,43774.98025244741,0.8384803644116017
LSQ12fxd,0.031,9.0,22835.34906007297,48720.10558428537,0.8227514155321296
LSQ12fxd,0.031,9.5,25293.76070596965,53940.07019062607,0.8222452542360787
LSQ12fxd,0.031,10.0,27894.698959158843,58873.25467559049,0.8109909165604854
LSQ12gdj,0.03,1.0,1020.07578330187,2130.81300145541,0.799782251338192
LSQ12gdj,0.03,1.5,1757.049054483257,3463.025817792077,0.7366796068815512
LSQ12gdj,0.03,2.0,2950.221418981917,5109.923543091897,0.5963994759031965
LSQ12gdj,0.03,2.5,3992.631291846983,7354.302488136741,0.6632057064562881
LSQ12gdj,0.03,3.0,5474.135903415891,10165.36724318461,0.6720187444184182
LSQ12gdj,0.03,3.5,6993.311444990066,12996.02385632697,0.6728190751228291
LSQ12gdj,0.03,4.0,8317.28608591454,16300.89653581366,0.7305746273182269
LSQ12gdj,0.03,4.5,9758.752509644575,18715.65955038064,0.7070270811063573
LSQ12gdj,0.03,5.0,11099.620619459498,23162.95745268924,0.7987146860055163
LSQ12gdj,0.03,5.5,13533.681260485642,28207.92068274625,0.7973878245621392
LSQ12gdj,0.03,6.0,16962.94649630178,34068.71840114933,0.7571362607640021
LSQ12gdj,0.03,6.5,20382.75159246412,40388.27556756416,0.7424812476789164
LSQ12gdj,0.03,7.0,23383.445339673253,46671.45407915281,0.7503570772654321
LSQ12gdj,0.03,7.5,26003.627600622764,51902.95569508996,0.7503953806878826
LSQ12gdj,0.03,8.0,28766.50856014996,57590.89111867892,0.753666611249728
LSQ12gdj,0.03,8.5,30330.81303178985,62174.30059104567,0.7793171414588634
LSQ12gdj,0.03,9.0,33711.9097929651,68868.72498423138,0.7755967162132654
LSQ12gdj,0.03,9.5,36671.296372541474,75206.56325204,0.7798236998506773
LSQ12gdj,0.03,10.0,41432.24401970137,82404.45848972902,0.7465306349385539
LSQ12gef,0.065,1.0,,-106.21927517771792,
LSQ12gef,0.065,1.5,,-128.00684070260618,
LSQ12gef,0.065,2.0,,-237.76781642180123,
LSQ12gef,0.065,2.5,,-570.2557101523483,
LSQ12gef,0.065,3.0,,-642.4159351528074,
LSQ12gef,0.065,3.5,,-734.3108379551535,
LSQ12gef,0.065,4.0,,-871.2504288502363,
LSQ12gef,0.065,4.5,,-1031.9449439978566,
LSQ12gef,0.065,5.0,,-1112.88128560649,
LSQ12gef,0.065,5.5,,-1300.4495688927343,
LSQ12gef,0.065,6.0,,-1290.3947731315648,
LSQ12gef,0.065,6.5,,-1538.2747916228209,
LSQ12gef,0.065,7.0,,-1623.962339779675,
LSQ12gef,0.065,7.5,,-2021.0814349402772,
LSQ12gef,0.065,8.0,,-2256.127276550392,
LSQ12gef,0.065,8.5,,-2343.932249948519,
LSQ12gef,0.065,9.0,,-2742.896960261012,
LSQ12gef,0.065,9.5,,-3036.558652741412,
LSQ12gef,0.065,10.0,,-3367.549985808234,
LSQ12gln,0.112,1.0,8.921667425185474,39.626038097152026,1.618836557038843
LSQ12gln,0.112,1.5,-18.46958004048413,119.1254062469275,
LSQ12gln,0.112,2.0,-26.91204884396073,172.091109128328,
LSQ12gln,0.112,2.5,3.6090155352365,318.4179192217439,4.864021871272893
LSQ12gln,0.112,3.0,78.40714342209101,495.68304921004005,2.002121090015962
LSQ12gln,0.112,3.5,93.00587537341066,553.8191850295746,1.9371440287626471
LSQ12gln,0.112,4.0,115.71073602722652,750.7035596614643,2.030237047714441
LSQ12gln,0.112,4.5,226.85953420811725,929.2200528274678,1.5309038434473652
LSQ12gln,0.112,5.0,341.69137132317286,1011.2350310517884,1.1780452354848387
LSQ12gln,0.112,5.5,424.40875389000246,1056.6209596173292,0.9903372204627545
LSQ12gln,0.112,6.0,568.3638694680271,1367.3720301069916,0.9531505743984872
LSQ12gln,0.112,6.5,764.6961026700243,2189.4714345795533,1.1421260166647222
LSQ12gln,0.112,7.0,945.0596006389763,2846.659436258505,1.1971907862884794
LSQ12gln,0.112,7.5,1258.0770185548795,3223.3088713751667,1.0214867359134892
LSQ12gln,0.112,8.0,1649.2591108973777,3832.63612611402,0.9155217425055938
LSQ12gln,0.112,8.5,2081.562352115215,4469.137034852393,0.8295856173264787
LSQ12gln,0.112,9.0,2630.159074436267,5329.495521203097,0.7667602143998202
LSQ12gln,0.112,9.5,3224.417431082345,6554.265865166828,0.7701819843011075
LSQ12gln,0.112,10.0,3937.523648846184,7929.4723073899295,0.7600527788721827
LSQ12gpw,0.058,1.0,988.7467976964195,1929.7149175195616,0.7260201605102158
LSQ12gpw,0.058,1.5,1971.924585586576,4144.358880432933,0.8064176358154502
LSQ12gpw,0.058,2.0,3517.3752519620484,6811.723021395531,0.7175956918865585
LSQ12gpw,0.058,2.5,5607.12648547654,9807.299907430392,0.6070227580491668
LSQ12gpw,0.058,3.0,7118.563573076919,13062.865765767943,0.6591152403781119
LSQ12gpw,0.058,3.5,8793.414630721563,16943.43677091479,0.712109886578194
LSQ12gpw,0.058,4.0,10791.17784452694,21481.80811914417,0.7475049575757917
LSQ12gpw,0.058,4.5,13133.346091022686,26610.90872023524,0.7667107907312843
LSQ12gpw,0.058,5.0,15659.50744609994,32398.077774215923,0.7893528649831165
LSQ12gpw,0.058,5.5,18384.19316584449,38591.640122835335,0.805121654147034
LSQ12gpw,0.058,6.0,21163.65288742339,45047.854944817336,0.8202087149896311
LSQ12gpw,0.058,6.5,24189.33006482216,52213.41429013377,0.8353956314491741
LSQ12gpw,0.058,7.0,27509.806159240343,59627.08762269978,0.8398901681964955
LSQ12gpw,0.058,7.5,31016.25061578568,67539.88934787393,0.8449276190250832
LSQ12gpw,0.058,8.0,34719.05613102979,76390.61384477589,0.8561802247104433
LSQ12gpw,0.058,8.5,38829.12159037854,86140.8925403096,0.8651295037360203
LSQ12gpw,0.058,9.0,43213.34562415676,97041.29441803206,0.8783467242928934
LSQ12gpw,0.058,9.5,48009.24995969772,109175.58858897818,0.8920015521512624
LSQ12gpw,0.058,10.0,53000.73445665764,122629.41785653496,0.9107819468131484
LSQ12gxj,0.036,1.0,241.7743455702007,374.7515746868993,0.47583312495850083
LSQ12gxj,0.036,1.5,291.27334014465816,774.0267611057669,1.0611381003171236
LSQ12gxj,0.036,2.0,623.9349198943318,1523.8125769027822,0.9694806529371622
LSQ12gxj,0.036,2.5,1101.3762957653266,2301.2176335784216,0.8000549201124397
LSQ12gxj,0.036,3.0,1608.9282439482292,3383.098943574648,0.8069450599028034
LSQ12gxj,0.036,3.5,2436.3655296148168,4914.01663324934,0.7617354395486955
LSQ12gxj,0.036,4.0,3278.921928846169,7131.151508787391,0.8435714683735853
LSQ12gxj,0.036,4.5,4769.40763073067,10221.864619379348,0.8276642063899027
LSQ12gxj,0.036,5.0,6173.153523304159,13922.278918494583,0.8830081309034304
LSQ12gxj,0.036,5.5,8543.275972294647,19144.932959503472,0.876073535890144
LSQ12gxj,0.036,6.0,12083.246664402792,25841.982012188884,0.8253554467305018
LSQ12gxj,0.036,6.5,16692.627097860714,33987.88452263782,0.7719986059538775
LSQ12gxj,0.036,7.0,21381.15238321221,43596.91391342116,0.7735615982383723
LSQ12gxj,0.036,7.5,26997.96504593723,54871.86452440539,0.7700467171858685
LSQ12gxj,0.036,8.0,32814.49671834979,66738.89622455862,0.7707831797812708
LSQ12gxj,0.036,8.5,38395.319265656864,78930.87519237607,0.7824215878280836
LSQ12gxj,0.036,9.0,44395.69989005972,91441.31525056458,0.7845038929415344
LSQ12gxj,0.036,9.5,50440.411540083485,104595.31639674216,0.7918340417252061
LSQ12gxj,0.036,10.0,57064.562151735496,118261.2975361352,0.791190375836689
LSQ12gyc,0.093,1.0,4.2250989886140085,40.139097354908586,2.4443267837869946
LSQ12gyc,0.093,1.5,23.288728510081945,119.73279171487954,1.7776683265686914
LSQ12gyc,0.093,2.0,88.2857102439358,230.71091600037275,1.0429443207383038
LSQ12gyc,0.093,2.5,171.37361788730905,372.5431630541088,0.8430815808224411
LSQ12gyc,0.093,3.0,270.5680228942056,593.0086199682326,0.8519613453712188
LSQ12gyc,0.093,3.5,379.2219416315986,740.0945115171407,0.725984315068773
LSQ12gyc,0.093,4.0,549.688887317815,943.572937180942,0.5866462976919788
LSQ12gyc,0.093,4.5,682.8342582919374,1252.012019310988,0.6582329906506099
LSQ12gyc,0.093,5.0,827.2312744149009,1581.0882916714604,0.703322943937702
LSQ12gyc,0.093,5.5,1022.7580830015092,1811.609338660191,0.6207290757139847
LSQ12gyc,0.093,6.0,1260.2780519020648,2048.6326988383275,0.5274943184443264
LSQ12gyc,0.093,6.5,1423.65046172945,2263.1355498853213,0.50326798344163
LSQ12gyc,0.093,7.0,1529.572978430059,2353.954786867381,0.4680697856112549
LSQ12gyc,0.093,7.5,1612.4569629729988,2577.4993905331944,0.5092760981745034
LSQ12gyc,0.093,8.0,1750.6058897656037,2837.050994831034,0.524196892126598
LSQ12gyc,0.093,8.5,1748.4577548659363,2725.828493597108,0.48210845840310224
LSQ12gyc,0.093,9.0,1846.353467052379,2815.159587563111,0.4579704329845821
LSQ12gyc,0.093,9.5,1926.7887533403068,2850.44186835663,0.4251952144883289
LSQ12gyc,0.093,10.0,2280.506217614429,2793.6717381961657,0.22036028422944504
LSQ12gzm,0.1,1.0,13.775070074299538,-15.728921056812847,
LSQ12gzm,0.1,1.5,40.53712408072207,-54.599490672502654,
LSQ12gzm,0.1,2.0,38.11240415246789,-60.20892926129135,
LSQ12gzm,0.1,2.5,-36.83414520486328,-73.14090826760889,
LSQ12gzm,0.1,3.0,-81.18848306950561,-110.43020887830043,
LSQ12gzm,0.1,3.5,-230.09594333914137,-32.96581740621769,
LSQ12gzm,0.1,4.0,-314.0536182768052,-16.876092075175386,
LSQ12gzm,0.1,4.5,-314.00784373717363,61.80714919062761,
LSQ12gzm,0.1,5.0,-205.92266554883395,119.66102893399366,
LSQ12gzm,0.1,5.5,-157.15110442628074,421.3068880811038,
LSQ12gzm,0.1,6.0,-51.45027995488485,847.0286010226412,
LSQ12gzm,0.1,6.5,121.3356561141539,1390.537790154221,2.647985882831538
LSQ12gzm,0.1,7.0,274.6887482251932,2079.07893912612,2.197575272049186
LSQ12gzm,0.1,7.5,643.9715537112928,3179.1061610226334,1.7335958677587924
LSQ12gzm,0.1,8.0,1233.8074804369448,4708.225348822174,1.4540246055537782
LSQ12gzm,0.1,8.5,1816.9378159427429,6454.896671250365,1.3763730764215096
LSQ12gzm,0.1,9.0,2522.732839602248,8490.037202310346,1.3175958315534262
LSQ12gzm,0.1,9.5,3544.772257004202,10587.118433434667,1.1879735832920688
LSQ12gzm,0.1,10.0,4614.375557626176,12848.477773747738,1.111846848327447
LSQ12hjm,0.07,1.0,959.7852258175426,2024.926676216895,0.8105881032970613
LSQ12hjm,0.07,1.5,2033.2629844169448,4104.625286351477,0.7626999047042762
LSQ12hjm,0.07,2.0,3343.285479597085,6904.10445802054,0.7873347286096086
LSQ12hjm,0.07,2.5,4774.531496553739,10158.981904533844,0.8197985602856079
LSQ12hjm,0.07,3.0,6378.235887493271,13704.328976807596,0.8303929966564718
LSQ12hjm,0.07,3.5,8317.197677399594,18154.47191638228,0.8475164922657923
LSQ12hjm,0.07,4.0,10520.908533227346,23299.786398711018,0.8632467367404388
LSQ12hjm,0.07,4.5,12890.652295234251,29136.948997721436,0.8854229489998123
LSQ12hjm,0.07,5.0,15523.093567204767,34980.70039693627,0.8821255639682328
LSQ12hjm,0.07,5.5,18303.51143846416,41852.20405801068,0.8979597978862669
LSQ12hjm,0.07,6.0,21391.319082052145,49511.08493908169,0.9111621931615967
LSQ12hjm,0.07,6.5,24878.617874547188,58067.57492895515,0.9202685986076409
LSQ12hjm,0.07,7.0,28703.464073873747,66977.3500431342,0.9199841200619202
LSQ12hjm,0.07,7.5,32746.54305809984,76074.77464018292,0.9151880368872573
LSQ12hjm,0.07,8.0,36664.36607127201,85585.97450115111,0.9203960489576826
LSQ12hjm,0.07,8.5,40876.25337397491,95576.3873250001,0.9221988204631295
LSQ12hjm,0.07,9.0,45439.54296938624,106711.58949363726,0.9269440856892477
LSQ12hjm,0.07,9.5,50285.22573898949,118248.0379248332,0.9283838479590505
LSQ12hjm,0.07,10.0,54756.17928558249,129805.95247366148,0.9371536785590759
LSQ12hno,0.048,1.0,1851.5946269543228,4917.371638090625,1.0604678004061923
LSQ12hno,0.048,1.5,3744.166642440512,9417.057894292067,1.0014001766323748
LSQ12hno,0.048,2.0,6053.315070648008,14067.05393118879,0.9155246831883914
LSQ12hno,0.048,2.5,8420.091569966837,18662.968174162623,0.864159752274334
LSQ12hno,0.048,3.0,10842.2558504791,23008.011928263717,0.816898606287181
LSQ12hno,0.048,3.5,12820.523089148724,27317.383749731463,0.8213333960880298
LSQ12hno,0.048,4.0,14989.978979877134,31565.017944780266,0.8085125417845619
LSQ12hno,0.048,4.5,17261.365999416135,36160.28596936838,0.8028917380422889
LSQ12hno,0.048,5.0,19185.345487255807,40132.71788299046,0.8013223696483829
LSQ12hno,0.048,5.5,21251.724551041894,44128.8784274256,0.793321778384636
LSQ12hno,0.048,6.0,23017.16224076306,47499.52429201539,0.7865937031348412
LSQ12hno,0.048,6.5,24405.292410509715,50391.87090251131,0.7871911681008326
LSQ12hno,0.048,7.0,25817.45716381397,52553.60014432671,0.7717225182034138
LSQ12hno,0.048,7.5,26857.05795546783,54245.364698753445,0.7632604925557553
LSQ12hno,0.048,8.0,27834.55225402186,55312.648722417216,0.7456005402725334
LSQ12hno,0.048,8.5,28578.60231020212,55778.585552512326,0.7260662803171098
LSQ12hno,0.048,9.0,28792.27893600845,56328.39134019263,0.7286282687887368
LSQ12hno,0.048,9.5,29152.13012399022,56853.2621565845,0.725212737738284
LSQ12hno,0.048,10.0,29528.867285404056,57533.23719996717,0.7241800576337455
LSQ12hnr,0.1243,1.0,5.055657713652609,50.46360796729284,2.4980015870817027
LSQ12hnr,0.1243,1.5,12.506637334943887,88.16116657744574,2.1203419295791597
LSQ12hnr,0.1243,2.0,4.716984010666744,80.01877223625301,3.0738186985391676
LSQ12hnr,0.1243,2.5,8.36596549253872,87.03857222838641,2.5429892234909897
LSQ12hnr,0.1243,3.0,1.8590815490104455,142.51840939269954,4.711431315147517
LSQ12hnr,0.1243,3.5,34.23920771145737,221.3439858179014,2.02636004884956
LSQ12hnr,0.1243,4.0,47.55285404461756,317.85120815973875,2.062618197079735
LSQ12hnr,0.1243,4.5,94.2901346466052,401.2887305546984,1.5724767691082209
LSQ12hnr,0.1243,5.0,173.47733478620287,583.4099465917134,1.3168277197602327
LSQ12hnr,0.1243,5.5,253.4034150242001,786.1567496137429,1.2292417100807749
LSQ12hnr,0.1243,6.0,340.5140219286227,1016.9086598348226,1.1878673635740342
LSQ12hnr,0.1243,6.5,423.0948053082659,1188.7624216293668,1.1216434370985895
LSQ12hnr,0.1243,7.0,507.35173609032967,1263.1581159598354,0.9903714150191676
LSQ12hnr,0.1243,7.5,552.2589388784166,1277.4991679183968,0.9105446795806215
LSQ12hnr,0.1243,8.0,565.689481879396,1359.51271346651,0.9520129236511392
LSQ12hnr,0.1243,8.5,603.6629401556575,1461.2580902087657,0.9598310350074134
LSQ12hnr,0.1243,9.0,614.1350774979923,1458.4751024776742,0.939087790155171
LSQ12hnr,0.1243,9.5,717.4172395268827,1461.5609480131382,0.7726128046718959
LSQ12hnr,0.1243,10.0,795.1254805074952,1411.964948288663,0.6234706113776031
LSQ12hvj,0.071,1.0,624.7213561890204,1483.3459902433658,0.9388902733803302
LSQ12hvj,0.071,1.5,1376.0841023537837,3131.8970312749616,0.8929062439444693
LSQ12hvj,0.071,2.0,2471.991118288747,5572.732356296908,0.8825531987675944
LSQ12hvj,0.071,2.5,3963.320412445577,8854.668803807834,0.8727828440421017
LSQ12hvj,0.071,3.0,5749.824551237406,13152.553430802333,0.8983887045296499
LSQ12hvj,0.071,3.5,8070.53277264978,18486.6561595493,0.8998903956479852
LSQ12hvj,0.071,4.0,10931.053120245915,24992.775280829548,0.8978811987841524
LSQ12hvj,0.071,4.5,13945.996151050143,31986.69193402457,0.9012994665796183
LSQ12hvj,0.071,5.0,16746.363395745768,38316.11888497254,0.8986525023406317
LSQ12hvj,0.071,5.5,19217.181559388016,44053.51864098438,0.9007272720345972
LSQ12hvj,0.071,6.0,21579.30453262472,49181.86064832668,0.8944187775154682
LSQ12hvj,0.071,6.5,23983.220181906403,54237.73098579427,0.885985045294524
LSQ12hvj,0.071,7.0,26266.604943079685,59132.54838379063,0.8810566339620183
LSQ12hvj,0.071,7.5,28645.672844841756,63983.83713024677,0.8725281341397242
LSQ12hvj,0.071,8.0,30910.24060990748,68810.56117128879,0.8688817849415903
LSQ12hvj,0.071,8.5,33108.92725841801,73509.94789359017,0.8660025130742688
LSQ12hvj,0.071,9.0,35148.18177240459,77637.39682438837,0.8604202534213073
LSQ12hvj,0.071,9.5,36949.779077699495,81582.65686854182,0.8599649965066792
LSQ12hvj,0.071,10.0,38747.28207593964,85427.0836489766,0.8583858402294265
LSQ12hxx,0.069,1.0,686.9881943299632,1682.2039083755585,0.9723234093809362
LSQ12hxx,0.069,1.5,1580.8720553347982,3894.804375058728,0.9789723164165548
LSQ12hxx,0.069,2.0,2824.910101066978,7221.902354257848,1.0191174514714156
LSQ12hxx,0.069,2.5,4583.1647186277,11854.299737466306,1.0317760954832549
LSQ12hxx,0.069,3.0,6886.451466596475,17810.063763190105,1.0316749581173488
LSQ12hxx,0.069,3.5,9971.676965227802,25248.177949379933,1.0086546036539938
LSQ12hxx,0.069,4.0,13655.8077771273,34559.09115777571,1.0081122947187713
LSQ12hxx,0.069,4.5,18051.64069888326,45818.47668697421,1.0113099138244095
LSQ12hxx,0.069,5.0,23120.51723280914,58916.33643185919,1.0155954698555567
LSQ12hxx,0.069,5.5,28796.338691196903,74169.69194414892,1.0272230057432805
LSQ12hxx,0.069,6.0,35232.62150384955,91998.67314017944,1.0420915135434463
LSQ12hxx,0.069,6.5,42534.55968721916,112978.094358479,1.0606307591617843
LSQ12hxx,0.069,7.0,50484.17394275648,135521.15006841518,1.0721295602889156
LSQ12hxx,0.069,7.5,58611.61104979873,157579.14356082916,1.0737876920665168
LSQ12hxx,0.069,8.0,66430.61736864729,178083.09620955714,1.0706360232269436
LSQ12hxx,0.069,8.5,73963.61308508934,197333.66811184067,1.0654576767940847
LSQ12hxx,0.069,9.0,81431.85785183315,215639.24062455056,1.0573336263459996
LSQ12hxx,0.069,9.5,88604.58734019722,232807.5576352201,1.0488521686114836
LSQ12hxx,0.069,10.0,95293.7472199186,248865.55328901493,1.0422509573772991
LSQ12hzj,0.029,1.0,13261.193673501746,34358.08464000602,1.0336158186277762
LSQ12hzj,0.029,1.5,27566.15463992377,71239.44508226453,1.0308608494043408
LSQ12hzj,0.029,2.0,38852.9506804927,99720.89786239306,1.023405433306324
LSQ12hzj,0.029,2.5,47331.20270460587,122205.30910373952,1.0298563341519147
LSQ12hzj,0.029,3.0,54515.62581675275,141239.00697849583,1.0335841337464384
LSQ12hzj,0.029,3.5,60933.84008181815,158276.0148470483,1.0363913959988007
LSQ12hzj,0.029,4.0,66492.31985637291,173487.0786316995,1.0412391214939474
LSQ12hzj,0.029,4.5,71211.68945299581,186130.8568448631,1.0431677183673576
LSQ12hzj,0.029,5.0,75581.27077806745,196649.20514027367,1.0381950142854062
LSQ12hzj,0.029,5.5,79172.38710662426,206327.12151797,1.039956449778868
LSQ12hzj,0.029,6.0,82246.38311250659,214564.4832652042,1.0411025666636213
LSQ12hzj,0.029,6.5,84790.48830850949,221222.41942531144,1.0412050033864375
LSQ12hzj,0.029,7.0,86734.33632740818,226123.1968573256,1.040385142600972
LSQ12hzj,0.029,7.5,87817.42747866863,230289.85594604857,1.0467352434340325
LSQ12hzj,0.029,8.0,88922.62288632945,233696.8579214298,1.049101522526751
LSQ12hzj,0.029,8.5,89961.4931502051,236289.93611322663,1.0484714244515492
LSQ12hzj,0.029,9.0,91092.02626358562,238020.48284162348,1.0428349229183465
LSQ12hzj,0.029,9.5,91610.11062813632,240175.3648489356,1.0464626287842305
LSQ12hzj,0.029,10.0,92048.2581672916,242688.07507690004,1.0525821556365884
LSQ12hzs,0.072,1.0,675.3733893551766,1213.7658253647303,0.6364774013823946
LSQ12hzs,0.072,1.5,1462.1895051986892,2572.6419944610047,0.6134392302642077
LSQ12hzs,0.072,2.0,2449.0113526363752,4437.234623683728,0.6453039869488533
LSQ12hzs,0.072,2.5,3670.7983618404983,6545.024962506092,0.6278769451347266
LSQ12hzs,0.072,3.0,5072.755970833434,9133.996735775994,0.6385422033650688
LSQ12hzs,0.072,3.5,6725.521464009295,12303.936028595956,0.6557952535096765
LSQ12hzs,0.072,4.0,8571.26526432673,15849.728899832338,0.6674422559299164
LSQ12hzs,0.072,4.5,10635.844124580572,20061.067928620098,0.6889552116335969
LSQ12hzs,0.072,5.0,13035.337549440132,24702.55900706076,0.6940491592085251
LSQ12hzs,0.072,5.5,15806.463010177253,30230.992903995662,0.704044279994217
LSQ12hzs,0.072,6.0,19077.4340579314,37028.66676002311,0.7200452855526143
LSQ12hzs,0.072,6.5,22786.527470109915,45008.37989157368,0.7390380853255151
LSQ12hzs,0.072,7.0,27007.057884227168,54360.76552515716,0.7595207217929222
LSQ12hzs,0.072,7.5,31215.77240843566,63347.93056184784,0.7683958658602064
LSQ12hzs,0.072,8.0,35175.64924357344,71242.73637768441,0.7662461749666241
LSQ12hzs,0.072,8.5,38935.98637468444,78817.21008847383,0.7656746917969508
LSQ12hzs,0.072,9.0,42773.40044631577,86296.98793548017,0.762054649874897
LSQ12hzs,0.072,9.5,46538.78145582277,93760.69662046758,0.7605145440174326
LSQ12hzs,0.072,10.0,50386.87178182187,101191.80574362472,0.7570698735052949
LSQ13cwp,0.0665,1.0,0.7568274913676607,283.84864531551835,6.43522481666814
LSQ13cwp,0.0665,1.5,46.08931549744821,562.7472487528286,2.7167828056236676
LSQ13cwp,0.0665,2.0,209.5425225239133,1043.2656846292746,1.742806887347713
LSQ13cwp,0.0665,2.5,232.2467801807768,1653.3162267397418,2.13101556619268
LSQ13cwp,0.0665,3.0,349.1077687149183,2281.950642853615,2.0383668334199148
LSQ13cwp,0.0665,3.5,644.9757552918578,3286.2736343318907,1.767900831833532
LSQ13cwp,0.0665,4.0,730.88820800393,4483.099198556419,1.969318483949928
LSQ13cwp,0.0665,4.5,929.85548191153,5861.656953013556,1.9990123561707416
LSQ13cwp,0.0665,5.0,1416.8846904024383,7371.815466370369,1.7905998689105684
LSQ13cwp,0.0665,5.5,1909.26354777406,9313.379235003742,1.720603516396425
LSQ13cwp,0.0665,6.0,2343.3433982895026,11328.31770957412,1.7108237122901047
LSQ13cwp,0.0665,6.5,3162.63072298019,13608.888775469424,1.584435447782278
LSQ13cwp,0.0665,7.0,3803.3750062972,16472.912029301708,1.5915030773569747
LSQ13cwp,0.0665,7.5,4559.764959409074,19635.20940067255,1.585232700922383
LSQ13cwp,0.0665,8.0,5782.889370598467,22663.512426775746,1.482955835650639
LSQ13cwp,0.0665,8.5,6755.976083860026,26213.61912516479,1.4720972037249127
LSQ13cwp,0.0665,9.0,7820.029712058372,30156.68606831902,1.4654380296216405
LSQ13cwp,0.0665,9.5,9245.229832544095,34870.01804348498,1.4413361502330053
LSQ13cwp,0.0665,10.0,10721.589840342733,39740.13453738853,1.4224253599743872
LSQ13dby,0.09993,1.0,-115.06491339839566,28.886389599993517,
LSQ13dby,0.09993,1.5,-227.68611758567724,102.62124470865446,
LSQ13dby,0.09993,2.0,-356.4220303417254,146.22413377411294,
LSQ13dby,0.09993,2.5,-506.5146257459428,76.3428407350948,
LSQ13dby,0.09993,3.0,-377.1615613186669,-88.5099922375953,
LSQ13dby,0.09993,3.5,-213.1372883885425,-229.74091658883663,
LSQ13dby,0.09993,4.0,-219.99525878737185,-154.87440974177974,
LSQ13dby,0.09993,4.5,-272.2047331166486,-201.7961332390804,
LSQ13dby,0.09993,5.0,-316.7624625821764,-20.572359143836024,
LSQ13dby,0.09993,5.5,-549.1821421798616,180.21816945177457,
LSQ13dby,0.09993,6.0,-493.006933589416,222.7386346897788,
LSQ13dby,0.09993,6.5,-249.96594995301507,134.4176248057728,
LSQ13dby,0.09993,7.0,-303.9422563931395,-39.45874347993589,
LSQ13dby,0.09993,7.5,-383.2143459296608,-270.3763576494163,
LSQ13dby,0.09993,8.0,-556.5737663229796,-321.51758947878943,
LSQ13dby,0.09993,8.5,-653.0074158697189,-122.4790468887374,
LSQ13dby,0.09993,9.0,-786.9779675897369,-54.546834829684826,
LSQ13dby,0.09993,9.5,-893.2120104574487,-307.1702307273522,
LSQ13dby,0.09993,10.0,-827.426119024886,-605.7237102707818,
LSQ13dhj,0.0935,1.0,277.58260451630974,831.1359586200414,1.1906995646268421
LSQ13dhj,0.0935,1.5,630.733213694647,1641.057614043778,1.0381953185675676
LSQ13dhj,0.0935,2.0,1056.4857278129873,2474.686442572965,0.924141361447086
LSQ13dhj,0.0935,2.5,1321.8587752166382,3325.244575290205,1.001596337935998
LSQ13dhj,0.0935,3.0,1672.0124073353822,3998.9522367843615,0.9467668028497499
LSQ13dhj,0.0935,3.5,1873.298455235126,4511.7672325642725,0.9543492769819601
LSQ13dhj,0.0935,4.0,2017.0017049970893,4726.86402940191,0.9246671111449098
LSQ13dhj,0.0935,4.5,2003.0660789739643,4984.718859251147,0.9898634811739302
LSQ13dhj,0.0935,5.0,2234.8602398409867,5308.80899062791,0.9393668268518457
LSQ13dhj,0.0935,5.5,2241.4927257162303,5478.243198003492,0.9702599359321638
LSQ13dhj,0.0935,6.0,2022.7155890531865,5467.104850523952,1.0795564537006292
LSQ13dhj,0.0935,6.5,1811.8383004175853,5433.9581953766665,1.1924921425262305
LSQ13dhj,0.0935,7.0,1912.5372557349588,5472.568082341882,1.1414531733227606
LSQ13dhj,0.0935,7.5,1889.3755451781672,5719.493161797994,1.2025981381292095
LSQ13dhj,0.0935,8.0,1711.9498775742404,6039.573664917747,1.3687880936948829
LSQ13dhj,0.0935,8.5,1577.6245007363127,6256.366938234534,1.4957964250630418
LSQ13dhj,0.0935,9.0,1608.354927077912,6147.310738573544,1.4557581821711203
LSQ13dhj,0.0935,9.5,1646.3946583584766,5807.1537383216255,1.368573438257096
LSQ13dhj,0.0935,10.0,1570.6919290947174,5588.614266244111,1.3780328072681989
LSQ13dkp,0.06894,1.0,-6.093348298526131,41.74666514766005,
LSQ13dkp,0.06894,1.5,-18.488559907449314,122.12088652991132,
LSQ13dkp,0.06894,2.0,-62.97390254338191,162.80553274696763,
LSQ13dkp,0.06894,2.5,-57.09133851276047,62.69082393293559,
LSQ13dkp,0.06894,3.0,-106.8684693684047,202.00730192280912,
LSQ13dkp,0.06894,3.5,-133.19878538639568,337.59890661513055,
LSQ13dkp,0.06894,4.0,23.199566248248743,498.39447744822473,3.3302333905940964
LSQ13dkp,0.06894,4.5,139.93972512375183,720.0090556377195,1.7784923553068706
LSQ13dkp,0.06894,5.0,229.15910666240663,776.6455675675161,1.325214368619141
LSQ13dkp,0.06894,5.5,170.85609857155623,1048.4469209707013,1.9697899085329111
LSQ13dkp,0.06894,6.0,285.0255067181088,1277.847757468542,1.6289884717773373
LSQ13dkp,0.06894,6.5,231.79323886456564,1610.7159469852218,2.1047954862676814
LSQ13dkp,0.06894,7.0,106.57337015810162,1938.6775277339657,3.1496421913684762
LSQ13dkp,0.06894,7.5,61.85376782430967,2385.340665467227,3.9654606307297424
LSQ13dkp,0.06894,8.0,-8.826190405869966,2873.172928084105,
LSQ13dkp,0.06894,8.5,-2.773375931343708,3243.32218444339,
LSQ13dkp,0.06894,9.0,-54.0772556410061,3591.3812408151407,
LSQ13dkp,0.06894,9.5,-90.0930352963087,3989.282737801499,
LSQ13dkp,0.06894,10.0,98.67731262414692,4671.426953114973,4.188080621955647
LSQ13dpm,0.05086,1.0,687.3525024475174,1184.8579123470718,0.5912168872886592
LSQ13dpm,0.05086,1.5,1428.078492408668,2747.907824094698,0.7106252053437607
LSQ13dpm,0.05086,2.0,2820.776139485651,5236.413198001383,0.6716632186438978
LSQ13dpm,0.05086,2.5,4529.817670038399,8886.028236274327,0.7315674184280097
LSQ13dpm,0.05086,3.0,6619.072868974628,13176.178824406676,0.7474807953033566
LSQ13dpm,0.05086,3.5,9160.12334025151,18174.889018618494,0.7439261154034299
LSQ13dpm,0.05086,4.0,12326.405175567845,24104.206340264565,0.7281409931707088
LSQ13dpm,0.05086,4.5,16113.374685206512,31394.243631403155,0.724158795888905
LSQ13dpm,0.05086,5.0,20038.353036919336,39721.10689639331,0.7428982964623569
LSQ13dpm,0.05086,5.5,24454.75373466956,49386.70840181838,0.7631169697472507
LSQ13dpm,0.05086,6.0,28991.983529243887,59223.6056663822,0.7755422885389809
LSQ13dpm,0.05086,6.5,33015.93759126515,68392.82952297696,0.790717341589854
LSQ13dpm,0.05086,7.0,36666.11602469676,76214.07647908012,0.7944257077095517
LSQ13dpm,0.05086,7.5,40241.15337569975,83473.39500335089,0.7921941438698263
LSQ13dpm,0.05086,8.0,43678.52408178929,90402.06098811376,0.7897759417916105
LSQ13dpm,0.05086,8.5,46929.60141127358,96532.78711040811,0.7830699494295855
LSQ13dpm,0.05086,9.0,50308.29809619724,102906.2990312408,0.7770058342560716
LSQ13dpm,0.05086,9.5,53092.354428546205,108232.94266702142,0.7733187034371256
LSQ13dpm,0.05086,10.0,55298.70221528489,112766.1450139124,0.7736594872789971
LSQ13dqh,0.1038,1.0,40.62980307092515,324.3057222731068,2.2552747359663488
LSQ13dqh,0.1038,1.5,176.4697142907886,492.2377182339284,1.113761765893469
LSQ13dqh,0.1038,2.0,323.1515168583078,845.6301046449876,1.0444355918648327
LSQ13dqh,0.1038,2.5,366.8302544024437,1195.8149268757577,1.2829970580924976
LSQ13dqh,0.1038,3.0,566.1400922275776,1592.9000954798528,1.1231615674513955
LSQ13dqh,0.1038,3.5,816.4791174769705,1902.844915518356,0.9186457814160733
LSQ13dqh,0.1038,4.0,800.5108097410807,2010.9653762004973,1.0000934809530433
LSQ13dqh,0.1038,4.5,770.0357828653051,2327.3797742326706,1.2008908722806853
LSQ13dqh,0.1038,5.0,902.7488414868238,2568.4626250086844,1.1352657767682803
LSQ13dqh,0.1038,5.5,926.140202600384,3018.1247135913127,1.2826511118360264
LSQ13dqh,0.1038,6.0,915.8378452996355,3189.9033333135494,1.354897341100272
LSQ13dqh,0.1038,6.5,869.9115733245526,3354.941844044033,1.465524718957563
LSQ13dqh,0.1038,7.0,986.184269069742,3628.893403632133,1.4145403514676678
LSQ13dqh,0.1038,7.5,1121.8180833454387,3877.911363810643,1.3466886047704476
LSQ13dqh,0.1038,8.0,1166.041588375116,4230.551523863215,1.399207370793494
LSQ13dqh,0.1038,8.5,1460.4986817682511,4138.002845525887,1.130724039138913
LSQ13dqh,0.1038,9.0,1319.3910521306457,4357.634954317403,1.2971932786968834
LSQ13dqh,0.1038,9.5,1054.7710213674643,4501.390783044557,1.5754713195255468
LSQ13dqh,0.1038,10.0,1026.230315138129,4527.86585620981,1.6116217803784112
LSQ14act,0.0591,1.0,239.2631799231968,973.3254238492324,1.5234554928439457
LSQ14act,0.0591,1.5,548.2208294683905,2334.659115947486,1.573169864284437
LSQ14act,0.0591,2.0,910.7581486701798,4337.3418939440935,1.6945514785951397
LSQ14act,0.0591,2.5,1615.2219256940427,7036.676847768861,1.597838514208173
LSQ14act,0.0591,3.0,2659.9922267740662,10475.4741572236,1.4882333057271857
LSQ14act,0.0591,3.5,4543.334401413512,14800.174946851515,1.2822303645792112
LSQ14act,0.0591,4.0,6293.029106551752,20359.96003063672,1.2747929515832435
LSQ14act,0.0591,4.5,8220.70364869925,27791.17909336606,1.3224949512365987
LSQ14act,0.0591,5.0,10584.829937468628,37160.66316847279,1.3634989275957634
LSQ14act,0.0591,5.5,13446.14987634474,48715.17022424098,1.3976656916542178
LSQ14act,0.0591,6.0,16775.6401571639,62100.84928486659,1.4210460944554895
LSQ14act,0.0591,6.5,20498.69069195177,76767.47296293639,1.433627805883897
LSQ14act,0.0591,7.0,24162.27388876193,91528.34775688828,1.4460445493987546
LSQ14act,0.0591,7.5,28355.977534539357,106000.40752407102,1.4316572783301003
LSQ14act,0.0591,8.0,32238.33477023633,119671.72996341708,1.42404742101669
LSQ14act,0.0591,8.5,36051.87854710715,133254.18961747587,1.4193824328668718
LSQ14act,0.0591,9.0,38993.89866474392,144468.47628083796,1.4219410838651956
LSQ14act,0.0591,9.5,41046.44181010432,153240.32766245728,1.4302438912465152
LSQ14act,0.0591,10.0,43087.01997502969,160114.59084915958,1.425211129668805
LSQ14age,0.08054,1.0,275.4180611322081,617.1413307992656,0.8759805400843945
LSQ14age,0.08054,1.5,640.9752282889343,1319.4292790467366,0.7838621786045031
LSQ14age,0.08054,2.0,1168.9046347824844,2292.392329434552,0.7312746648863733
LSQ14age,0.08054,2.5,1869.694598022951,3643.559268590991,0.724387912960237
LSQ14age,0.08054,3.0,2882.532701151528,5584.71478238071,0.7180668880660047
LSQ14age,0.08054,3.5,4095.641942360331,8083.677726887802,0.7382175231704937
LSQ14age,0.08054,4.0,5531.399584806671,10862.36434980293,0.7327233330510987
LSQ14age,0.08054,4.5,7206.28862566419,14082.278882253157,0.7274032206896142
LSQ14age,0.08054,5.0,9008.81910778718,18007.446048782225,0.7519606391861846
LSQ14age,0.08054,5.5,10969.997220715004,22205.64166393528,0.7656420242739035
LSQ14age,0.08054,6.0,13181.580368029268,26855.040288773467,0.7726458159372094
LSQ14age,0.08054,6.5,15423.600019793888,31913.520951022438,0.7894724186970153
LSQ14age,0.08054,7.0,17650.444488092697,36783.97613926557,0.7972575639655309
LSQ14age,0.08054,7.5,19795.602281412976,41365.22409675699,0.8001666544086756
LSQ14age,0.08054,8.0,21836.61804557691,45467.1836436457,0.7962816899541725
LSQ14age,0.08054,8.5,23718.057209934024,49038.705643589,0.7886497158886854
LSQ14age,0.08054,9.0,25463.899991787654,52547.26727377242,0.7865630386866119
LSQ14age,0.08054,9.5,27052.14217089105,55418.1455056492,0.7786258185899685
LSQ14age,0.08054,10.0,28363.256140409565,58077.29252688684,0.7781256876486099
LSQ14ahc,0.05086,1.0,1487.6808175869874,3493.929394257393,0.9270109032047047
LSQ14ahc,0.05086,1.5,3371.083335126616,7672.737248041105,0.8929520935733473
LSQ14ahc,0.05086,2.0,5726.0830478976895,13119.792572393246,0.9001733157031084
LSQ14ahc,0.05086,2.5,8472.991059973368,19065.154364852187,0.8805089445058245
LSQ14ahc,0.05086,3.0,11194.789223858734,25151.58671519859,0.8788736678138508
LSQ14ahc,0.05086,3.5,13951.574350557878,31556.46248890387,0.8861627363637208
LSQ14ahc,0.05086,4.0,16811.95927161345,38024.830656639024,0.8861223984541857
LSQ14ahc,0.05086,4.5,19671.17194333973,44829.15560320867,0.8943258102594296
LSQ14ahc,0.05086,5.0,22875.06288466953,52400.98718252459,0.8999429302507429
LSQ14ahc,0.05086,5.5,26251.51113406884,60813.50485863421,0.9121143143155972
LSQ14ahc,0.05086,6.0,29518.898526276276,69247.76744094475,0.9257640703285583
LSQ14ahc,0.05086,6.5,32655.913153410573,77109.95893591263,0.9328715986364879
LSQ14ahc,0.05086,7.0,35472.68086090987,83618.16468301316,0.9310165485148001
LSQ14ahc,0.05086,7.5,37964.43260666933,89775.21839568796,0.9344488918602673
LSQ14ahc,0.05086,8.0,40450.42924580709,95621.9415241217,0.9340860572106007
LSQ14ahc,0.05086,8.5,42813.32668943097,100809.52475637448,0.9298064814623092
LSQ14ahc,0.05086,9.0,44764.39340275432,105283.97084329191,0.9285738811062682
LSQ14ahc,0.05086,9.5,46349.63354986462,109415.7927786738,0.9325842663502917
LSQ14ahc,0.05086,10.0,47804.3153568284,113102.38055277248,0.9350116081255344
LSQ14ahm,0.04977,1.0,839.0334042307732,1786.3170218142598,0.8204482125166992
LSQ14ahm,0.04977,1.5,1335.419196736063,2763.6879675209616,0.7896784819180127
LSQ14ahm,0.04977,2.0,1707.1090417134862,3424.009843768033,0.7556843549458993
LSQ14ahm,0.04977,2.5,1959.0018594617004,3979.067390029187,0.7693661156429866
LSQ14ahm,0.04977,3.0,2326.7426766033195,4745.340120787196,0.7737974753793343
LSQ14ahm,0.04977,3.5,2957.852045643397,6827.45661805394,0.9082062572058065
LSQ14ahm,0.04977,4.0,3782.592467601918,10565.176945515355,1.1152180540309475
LSQ14ahm,0.04977,4.5,4388.7029985446925,13059.570458780618,1.1839817536824597
LSQ14ahm,0.04977,5.0,4725.088253855829,14021.5037804088,1.180961672150906
LSQ14ahm,0.04977,5.5,4867.164241715965,14325.601781833831,1.172092182323451
LSQ14ahm,0.04977,6.0,4954.394914686938,14539.03193167726,1.1688621728707147
LSQ14ahm,0.04977,6.5,4948.005567567228,14654.562875160802,1.178856722367642
LSQ14ahm,0.04977,7.0,5023.83284747287,14823.682544860189,1.1748023116436346
LSQ14ahm,0.04977,7.5,5211.646430083213,15066.861301360295,1.1526196146381085
LSQ14ahm,0.04977,8.0,5103.881273351602,14901.763370807068,1.1633427489410217
LSQ14ahm,0.04977,8.5,5210.40379935164,14611.002552285128,1.1195215869260773
LSQ14ahm,0.04977,9.0,5249.930489613921,14612.13590351232,1.1114003738420473
LSQ14ahm,0.04977,9.5,5344.510630380943,14447.336831639694,1.079699632521688
LSQ14ahm,0.04977,10.0,5375.149226219091,14466.178984512651,1.07490827102168
LSQ14ajn,0.02101,1.0,97957.4136061298,271179.339029047,1.1055482200814284
LSQ14ajn,0.02101,1.5,130110.11909196292,364490.2450032949,1.1184370880720216
LSQ14ajn,0.02101,2.0,155138.66069210728,434662.218362263,1.1185796357155524
LSQ14ajn,0.02101,2.5,176354.68055882843,493844.8797441279,1.1180089117680796
LSQ14ajn,0.02101,3.0,195092.6951394824,545063.1551991533,1.115514543707021
LSQ14ajn,0.02101,3.5,211509.18035823383,589254.473895747,1.112434165774294
LSQ14ajn,0.02101,4.0,225484.41424553827,627606.687602172,1.1114275859181437
LSQ14ajn,0.02101,4.5,237815.4085010558,661365.8618983118,1.1105044599744482
LSQ14ajn,0.02101,5.0,247850.31108278048,690101.056320388,1.111808059588522
LSQ14ajn,0.02101,5.5,256996.2961084116,715230.593458695,1.1112980464713937
LSQ14ajn,0.02101,6.0,264573.01913245866,736180.9710618814,1.1110975857530672
LSQ14ajn,0.02101,6.5,270628.341609565,753489.6536581089,1.111760042673394
LSQ14ajn,0.02101,7.0,274958.7059038178,767015.599111,1.1138418033542183
LSQ14ajn,0.02101,7.5,278458.92917971645,777923.7760262219,1.1154397412714954
LSQ14ajn,0.02101,8.0,280914.5142829297,785010.0673711962,1.1157526187498534
LSQ14ajn,0.02101,8.5,282646.76555693214,790168.5012063287,1.1161892330664969
LSQ14ajn,0.02101,9.0,284450.8406240709,793461.2579107111,1.1137962622240423
LSQ14ajn,0.02101,9.5,285800.95499464235,798218.1993413699,1.1151448745461858
LSQ14ajn,0.02101,10.0,287091.9118656859,800930.3219394408,1.113934445542466
LSQ14asu,0.0684,1.0,1080.901206738067,3672.55221629451,1.3279549440049954
LSQ14asu,0.0684,1.5,2464.183268592711,8034.898675385197,1.2832684999429738
LSQ14asu,0.0684,2.0,4153.622887815598,13669.248725098118,1.2932939552281808
LSQ14asu,0.0684,2.5,6283.335213203484,20479.356591725,1.2828151958896303
LSQ14asu,0.0684,3.0,8713.264544233201,28132.9588940876,1.2725862793918106
LSQ14asu,0.0684,3.5,11286.63033429838,36387.524511644406,1.27097052491332
LSQ14asu,0.0684,4.0,13897.723345756383,45617.18428915663,1.2904620321597984
LSQ14asu,0.0684,4.5,16829.451151428533,55873.37753115775,1.3028374307879695
LSQ14asu,0.0684,5.0,20051.87641230836,67417.36124733352,1.316541826931736
LSQ14asu,0.0684,5.5,23739.668840230213,80224.53327633603,1.3220813569049914
LSQ14asu,0.0684,6.0,27977.21805359305,94299.79778328093,1.3192655842445071
LSQ14asu,0.0684,6.5,32704.27824866136,110185.6508553954,1.31880118054619
LSQ14asu,0.0684,7.0,38010.73268722722,128225.89252227369,1.3201737240461395
LSQ14asu,0.0684,7.5,44308.164064266406,149676.23766597913,1.3216727571136673
LSQ14asu,0.0684,8.0,51461.824124573046,174037.60687398585,1.32289481654389
LSQ14asu,0.0684,8.5,58442.26306777259,197271.34164075417,1.3208424334703295
LSQ14asu,0.0684,9.0,64532.3123560889,217386.0337487445,1.318636028926667
LSQ14asu,0.0684,9.5,69419.21865842608,234402.46953011325,1.321206154115795
LSQ14asu,0.0684,10.0,73686.20117435124,252816.10302742544,1.3385464131922546
LSQ14auy,0.0825,1.0,193.5986597259212,753.992487431854,1.4761616808013338
LSQ14auy,0.0825,1.5,417.89426448683537,1671.1642539329334,1.5048818174158014
LSQ14auy,0.0825,2.0,774.8924124387363,2965.454532609554,1.4571246531470399
LSQ14auy,0.0825,2.5,1311.745609596313,4628.226148268017,1.3689123809182822
LSQ14auy,0.0825,3.0,2026.930489996448,6751.7917039163685,1.30645045010239
LSQ14auy,0.0825,3.5,2870.4930054498755,9325.168667386974,1.2792505070551663
LSQ14auy,0.0825,4.0,3816.429341265249,12135.83604466279,1.2560311859598703
LSQ14auy,0.0825,4.5,4851.352041016863,15608.95820759371,1.2687778180587228
LSQ14auy,0.0825,5.0,6129.290987229195,19683.85785181401,1.2667499504450963
LSQ14auy,0.0825,5.5,7482.744316627954,24224.437086955702,1.2754819705330553
LSQ14auy,0.0825,6.0,8977.374007769678,29358.301673978265,1.2864540250751852
LSQ14auy,0.0825,6.5,10573.21033451776,35003.56804779392,1.2997636103164754
LSQ14auy,0.0825,7.0,12461.3193259583,41122.21477988236,1.2962811798414178
LSQ14auy,0.0825,7.5,14412.39078152781,48315.8742837787,1.3133845334678071
LSQ14auy,0.0825,8.0,16777.64566845887,56787.647027913736,1.3238071401780482
LSQ14auy,0.0825,8.5,19590.86040698524,66634.29713794746,1.3291107775382627
LSQ14auy,0.0825,9.0,22784.41283339514,78705.42561841813,1.3459170768799698
LSQ14auy,0.0825,9.5,26713.23208102734,93428.5072760317,1.3593824321182244
LSQ14auy,0.0825,10.0,31998.45385353326,112408.5144336178,1.364175535843379
LSQ14azy,0.0458,1.0,2510.8518099252,4813.918732045249,0.7066941820487926
LSQ14azy,0.0458,1.5,5750.964602055997,10928.36619657613,0.6970363620187046
LSQ14azy,0.0458,2.0,10433.609815149151,19998.122155317647,0.7063865636386818
LSQ14azy,0.0458,2.5,16950.9324599931,32598.11025158073,0.7099970770210852
LSQ14azy,0.0458,3.0,24929.293224450423,48162.15369283243,0.7149898333935999
LSQ14azy,0.0458,3.5,34875.116017297136,67369.65188642938,0.7148716055880058
LSQ14azy,0.0458,4.0,47638.95506635777,92107.73676286776,0.7158347105044044
LSQ14azy,0.0458,4.5,63552.53568639364,122958.73111299991,0.7165662239627612
LSQ14azy,0.0458,5.0,80541.51258892947,153381.04552723214,0.6993797808114522
LSQ14azy,0.0458,5.5,94365.84896546662,179035.24467752545,0.6953092067952203
LSQ14azy,0.0458,6.0,106317.38379656024,201262.1696342742,0.6928946724075111
LSQ14azy,0.0458,6.5,117706.88868928686,222162.2856791468,0.6896711366282914
LSQ14azy,0.0458,7.0,128517.97987752465,241850.33735459403,0.686457017712938
LSQ14azy,0.0458,7.5,138053.78357094858,259950.0798012121,0.6871041036558924
LSQ14azy,0.0458,8.0,146547.28685180776,275411.1470524781,0.6850093290104211
LSQ14azy,0.0458,8.5,154115.51178625462,290304.00659794325,0.6875166922805315
LSQ14azy,0.0458,9.0,160450.61442007605,302204.7930929892,0.6873999091286103
LSQ14azy,0.0458,9.5,165323.81182739502,311564.0312246798,0.6880297606485442
LSQ14azy,0.0458,10.0,168941.16117977744,318858.34340134205,0.6896557763672191
LSQ14ba,0.07755,1.0,237.78508235204768,494.0821844954922,0.7940364729314843
LSQ14ba,0.07755,1.5,613.4621021570405,1127.146963129511,0.6604820169169032
LSQ14ba,0.07755,2.0,1113.2893958241673,2093.8938198879,0.6858664567237989
LSQ14ba,0.07755,2.5,1806.835527428156,3476.2897916806824,0.7104933791974339
LSQ14ba,0.07755,3.0,2735.577634516338,5259.638579919278,0.7097671448079839
LSQ14ba,0.07755,3.5,3955.589123799261,7634.147290547864,0.7138734018102605
LSQ14ba,0.07755,4.0,5269.072181901237,10495.511185705009,0.7481736193395783
LSQ14ba,0.07755,4.5,6728.8165218008335,13661.57411456198,0.7689051405048731
LSQ14ba,0.07755,5.0,8283.569829820666,16966.39243466203,0.7784299260013667
LSQ14ba,0.07755,5.5,9942.348124180911,20498.025769939468,0.785557673020852
LSQ14ba,0.07755,6.0,11736.270932254816,24407.80254020665,0.794996386347272
LSQ14ba,0.07755,6.5,13592.879562822498,28430.255427245786,0.8011732315731006
LSQ14ba,0.07755,7.0,15551.496857956858,33237.329164550894,0.824634802935238
LSQ14ba,0.07755,7.5,17670.349945383132,38260.26282962962,0.8387569967315144
LSQ14ba,0.07755,8.0,19721.52787543167,43460.56087278199,0.8578869223987367
LSQ14ba,0.07755,8.5,21944.49184451764,48147.71841544303,0.8531254583951865
LSQ14ba,0.07755,9.0,23981.262738671103,52410.03470456689,0.8488560001118507
LSQ14ba,0.07755,9.5,25584.25329205124,56312.62115450515,0.856582491547182
LSQ14ba,0.07755,10.0,27113.93883991812,59901.59217707992,0.8606143848659554
LSQ14bjj,0.08114,1.0,630.3581850176272,1332.030871557366,0.8123172347489148
LSQ14bjj,0.08114,1.5,1324.3921490426235,2889.254250450851,0.8469229081191899
LSQ14bjj,0.08114,2.0,2187.88421277889,4776.770724338895,0.8477751549065976
LSQ14bjj,0.08114,2.5,3183.003205186793,6679.266481873711,0.8047292371536802
LSQ14bjj,0.08114,3.0,4252.524739102254,8732.942560651662,0.7812843871760187
LSQ14bjj,0.08114,3.5,5328.789105590096,10757.408312410596,0.7626978010767558
LSQ14bjj,0.08114,4.0,6441.406982113173,12750.39331886422,0.7413571055497398
LSQ14bjj,0.08114,4.5,7348.963722996421,14383.805597436238,0.7291192530409456
LSQ14bjj,0.08114,5.0,8062.418172510969,15640.895409477216,0.7194907300229071
LSQ14bjj,0.08114,5.5,8515.480670175808,16366.123021821431,0.7093416098309007
LSQ14bjj,0.08114,6.0,8842.787518671354,16972.070301520256,0.7078640811270337
LSQ14bjj,0.08114,6.5,9159.660386844658,17431.016103344453,0.6986083312371234
LSQ14bjj,0.08114,7.0,9372.705439034216,17971.670800031246,0.706808715680252
LSQ14bjj,0.08114,7.5,9591.12238054318,18559.6599964789,0.7167514584407129
LSQ14bjj,0.08114,8.0,9768.528274906905,18805.588215097407,0.7111444606328872
LSQ14bjj,0.08114,8.5,10027.607656903505,18945.18953265928,0.6907540528567899
LSQ14bjj,0.08114,9.0,10290.15338824491,19107.429780269056,0.6719510592233174
LSQ14bjj,0.08114,9.5,10322.339795125306,19210.87719708881,0.6744226114639456
LSQ14bjj,0.08114,10.0,10427.042651534372,19398.88344817288,0.6740389592933748
LSQ14fms,0.078,1.0,101.72238628847415,437.98424176514425,1.585104864098239
LSQ14fms,0.078,1.5,300.9930634989045,981.9419927906308,1.2838233645526562
LSQ14fms,0.078,2.0,541.2391300908789,1679.1057013589905,1.229222122287057
LSQ14fms,0.078,2.5,819.3053000807544,2595.293574642791,1.2518518180181206
LSQ14fms,0.078,3.0,1289.033552179637,3798.580468203601,1.1733927727496658
LSQ14fms,0.078,3.5,1860.36112481105,5238.379834155117,1.1239993254906802
LSQ14fms,0.078,4.0,2461.8589531796806,6874.216065262042,1.114900027703961
LSQ14fms,0.078,4.5,3223.86618796376,8854.366110427223,1.096951169623284
LSQ14fms,0.078,5.0,4112.492142561117,11209.085520765042,1.088662753708968
LSQ14fms,0.078,5.5,5140.851833115733,14063.641950471703,1.0926567850559383
LSQ14fms,0.078,6.0,6516.182789628125,17734.31428395387,1.0870528554892205
LSQ14fms,0.078,6.5,8019.848444776871,22219.710896010507,1.10643060674172
LSQ14fms,0.078,7.0,9884.994505966752,27762.70299640668,1.1212132869710265
LSQ14fms,0.078,7.5,12241.95236071251,35064.43818956444,1.1425404995153057
LSQ14fms,0.078,8.0,15252.447248077528,44513.17966194716,1.1628727156456258
LSQ14fms,0.078,8.5,18829.141936866472,55794.868213081696,1.1794093172327633
LSQ14fms,0.078,9.0,22441.14491686438,66815.47164265787,1.1845800703065212
LSQ14fms,0.078,9.5,25265.095163746384,75907.55321523342,1.1944101357961203
LSQ14fms,0.078,10.0,27773.239622252757,83671.52876899039,1.1973779072565804
LSQ14foj,0.04607,1.0,296.39045966937965,148.0446100509537,-0.7536790497516002
LSQ14foj,0.04607,1.5,464.1304557108085,479.8873719131856,0.036248136240875965
LSQ14foj,0.04607,2.0,853.6012154592829,771.0464368985564,-0.110436225600702
LSQ14foj,0.04607,2.5,1055.7507883652413,973.9154826426584,-0.0876003609856134
LSQ14foj,0.04607,3.0,1611.4906897800151,1393.6378416780228,-0.15769467617755997
LSQ14foj,0.04607,3.5,2075.0405139613063,2199.470860046618,0.0632290801749495
LSQ14foj,0.04607,4.0,2603.7351405917093,2924.020182188125,0.12595890355903563
LSQ14foj,0.04607,4.5,3405.404259389569,4509.487010266365,0.30489616341303993
LSQ14foj,0.04607,5.0,4297.001194548281,6253.989020194713,0.40747910005811677
LSQ14foj,0.04607,5.5,5771.529762877619,8402.814547645175,0.4078345976618542
LSQ14foj,0.04607,6.0,7312.024816016959,11622.89038113726,0.503191213001827
LSQ14foj,0.04607,6.5,9330.472577978562,15352.636186299247,0.5406982941727563
LSQ14foj,0.04607,7.0,10981.60158916254,18874.34388301374,0.5880154498385609
LSQ14foj,0.04607,7.5,12519.812467328216,21709.146076598885,0.5976122931315184
LSQ14foj,0.04607,8.0,14159.91225275631,24052.7054801115,0.5752584284564464
LSQ14foj,0.04607,8.5,15350.779173341354,26114.37809139659,0.5768731585301844
LSQ14foj,0.04607,9.0,16608.43885695891,27890.812783887468,0.5628308962505342
LSQ14foj,0.04607,9.5,17853.181836224223,30092.70600670852,0.5668640348502948
LSQ14foj,0.04607,10.0,18929.46811770309,31584.13760241565,0.5558265295026745
LSQ14gfb,0.0527,1.0,1799.4473448087672,5920.70720801364,1.2930861047232478
LSQ14gfb,0.0527,1.5,4190.269319212183,13156.873850651473,1.2422769339628195
LSQ14gfb,0.0527,2.0,7586.201199353564,23392.398238828624,1.222625980307026
LSQ14gfb,0.0527,2.5,11996.351005447948,36389.67403008747,1.2048225021259298
LSQ14gfb,0.0527,3.0,17480.989538852667,52732.120529666085,1.198773057894548
LSQ14gfb,0.0527,3.5,24638.98228468702,73390.13808818998,1.185037348903913
LSQ14gfb,0.0527,4.0,34056.80589207599,101236.75303319302,1.1828357337622002
LSQ14gfb,0.0527,4.5,46777.58024884508,141410.5768244875,1.2011103532519654
LSQ14gfb,0.0527,5.0,62399.874113448015,193499.516389178,1.228740425998505
LSQ14gfb,0.0527,5.5,76777.10265487146,239878.81134240597,1.2369004226500666
LSQ14gfb,0.0527,6.0,88100.52199397377,274163.1964963013,1.2325766833197696
LSQ14gfb,0.0527,6.5,96895.46969362276,300090.46469389054,1.2273718094096124
LSQ14gfb,0.0527,7.0,104210.11905287142,321469.8277054908,1.2230758135276778
LSQ14gfb,0.0527,7.5,110574.35243658606,339874.09669401124,1.2191591542007267
LSQ14gfb,0.0527,8.0,116186.07401197586,356452.1011139214,1.217117755243101
LSQ14gfb,0.0527,8.5,121262.1597451746,371388.7229004485,1.215258533504711
LSQ14gfb,0.0527,9.0,125794.32923668074,384597.3435009771,1.2133630410846938
LSQ14gfb,0.0527,9.5,129790.31073913796,396186.849722876,1.2116444602159993
LSQ14gfb,0.0527,10.0,134383.06574989777,406597.20454001456,1.2020496094415418
LSQ14gfn,0.1217,1.0,262.86688695015255,803.2565585668616,1.2127959957047374
LSQ14gfn,0.1217,1.5,612.5191293490011,1788.349111990884,1.1633316171508097
LSQ14gfn,0.1217,2.0,1124.6852708066967,3245.526938473142,1.1506355266756112
LSQ14gfn,0.1217,2.5,1727.8227835893786,5141.063599179236,1.1838844500898562
LSQ14gfn,0.1217,3.0,2454.8028211255387,7203.872952626339,1.1688735782256792
LSQ14gfn,0.1217,3.5,3252.828344588841,9443.6921789592,1.1572016923787931
LSQ14gfn,0.1217,4.0,4074.054489646681,11837.847599824192,1.1581147781793548
LSQ14gfn,0.1217,4.5,4974.593091539953,14519.356410936323,1.1629745093215376
LSQ14gfn,0.1217,5.0,5851.40529393722,17372.602873245105,1.181511779448535
LSQ14gfn,0.1217,5.5,6761.010303691154,20354.532443718927,1.196623832549172
LSQ14gfn,0.1217,6.0,7750.251456000618,23586.88300725724,1.2083868988702056
LSQ14gfn,0.1217,6.5,8847.504339740957,27319.84929056533,1.2241437872643703
LSQ14gfn,0.1217,7.0,10070.92738178172,31803.58368845349,1.2485164886275175
LSQ14gfn,0.1217,7.5,11391.051480252532,36978.21008218595,1.2784551771426336
LSQ14gfn,0.1217,8.0,12827.071095923146,42404.595572541744,1.2982135591511221
LSQ14gfn,0.1217,8.5,14260.961854285684,47564.27425449294,1.307830140903379
LSQ14gfn,0.1217,9.0,15617.160518497089,52120.94881764173,1.3085255973182428
LSQ14gfn,0.1217,9.5,16882.47622893078,56033.47695386162,1.302528562445175
LSQ14gfn,0.1217,10.0,18011.045442673916,59539.23336734621,1.2981607909013624
LSQ14gov,0.0896,1.0,210.8616638245648,344.34138056358603,0.532478968267442
LSQ14gov,0.0896,1.5,425.9014200633962,806.2101148651133,0.6928478861701295
LSQ14gov,0.0896,2.0,727.6404573177289,1362.31573215337,0.6809023344619426
LSQ14gov,0.0896,2.5,1013.6526908752204,2202.3560322134454,0.8424958765486787
LSQ14gov,0.0896,3.0,1394.4220153849878,3165.1688703880354,0.8900066372270178
LSQ14gov,0.0896,3.5,1859.987515367503,4375.797483116472,0.9288679624934614
LSQ14gov,0.0896,4.0,2421.90110839038,5797.189496067562,0.9476527266925412
LSQ14gov,0.0896,4.5,3031.3858801358365,7398.172979618021,0.9687081453141012
LSQ14gov,0.0896,5.0,3812.797533804037,9403.499856442242,0.9801144454316547
LSQ14gov,0.0896,5.5,4652.971089950132,11658.818979562158,0.997310512810443
LSQ14gov,0.0896,6.0,5602.514509267619,14185.135100568088,1.008626216196313
LSQ14gov,0.0896,6.5,6683.8119077391775,16798.46433682037,1.0006134049604558
LSQ14gov,0.0896,7.0,7641.596238848188,19237.00908605761,1.002383657734651
LSQ14gov,0.0896,7.5,8569.638659065404,21290.941893990668,0.9880809113094531
LSQ14gov,0.0896,8.0,9401.830161840193,23498.166346946356,0.9945539306131783
LSQ14gov,0.0896,8.5,10370.36201299008,25669.432391960712,0.9840558709368087
LSQ14gov,0.0896,9.0,11286.179065143911,27812.432763297977,0.9792301049124823
LSQ14gov,0.0896,9.5,12145.248788057994,29625.74188539505,0.9681570480741396
LSQ14gov,0.0896,10.0,12818.588329033202,31239.23824750314,0.9671505874118678
LSQ14ie,0.08954,1.0,201.74648401331777,415.847674517203,0.7853207562509269
LSQ14ie,0.08954,1.5,438.2130693019563,820.8583117150883,0.6814571855062364
LSQ14ie,0.08954,2.0,756.7827777065888,1487.6341958680605,0.7338122816482433
LSQ14ie,0.08954,2.5,1186.6749896741237,2316.6009959483195,0.7262986235860959
LSQ14ie,0.08954,3.0,1696.3860475879644,3471.214895207509,0.7773920222190445
LSQ14ie,0.08954,3.5,2322.49563934372,4686.680658762708,0.7622761382665881
LSQ14ie,0.08954,4.0,2928.751371109476,5858.547221925415,0.7527685747863231
LSQ14ie,0.08954,4.5,3383.853007186754,6862.486499050673,0.7676750344923317
LSQ14ie,0.08954,5.0,3732.7198215799945,7667.205319861076,0.7815292510492784
LSQ14ie,0.08954,5.5,4085.376647871543,8278.704642960307,0.7668257163412117
LSQ14ie,0.08954,6.0,4328.32173482172,8737.045154091029,0.7626126118142047
LSQ14ie,0.08954,6.5,4431.521648927455,8998.614978805204,0.7690569872789492
LSQ14ie,0.08954,7.0,4469.750808693648,9177.518620273937,0.7811049067251229
LSQ14ie,0.08954,7.5,4609.531855573455,9386.419517279312,0.7721078501275068
LSQ14ie,0.08954,8.0,4651.9972211908425,9599.171449729403,0.7864857549819632
LSQ14ie,0.08954,8.5,4709.586182662299,9610.682751669312,0.7744287320010923
LSQ14ie,0.08954,9.0,4682.115122000419,9704.491717088267,0.7913267648465234
LSQ14ie,0.08954,9.5,4705.785690433166,9816.529290238988,0.7983145549559068
LSQ14ie,0.08954,10.0,4793.840031889315,9775.040154630971,0.7735875308867926
LSQ14ip,0.0613,1.0,-21.411469649961568,-97.45504122496034,
LSQ14ip,0.0613,1.5,-45.65096192387614,-55.718025886706585,
LSQ14ip,0.0613,2.0,-94.50878662088894,8.282341366918729,
LSQ14ip,0.0613,2.5,-95.35150214231044,79.75499116719755,
LSQ14ip,0.0613,3.0,-177.34186366464127,122.84053593574868,
LSQ14ip,0.0613,3.5,-261.9985841341503,155.42092321483187,
LSQ14ip,0.0613,4.0,-398.12214809918,123.1609194011769,
LSQ14ip,0.0613,4.5,-170.2643705440811,336.08464092040686,
LSQ14ip,0.0613,5.0,-2.258725314959974,352.2702090988864,
LSQ14ip,0.0613,5.5,304.25878869145413,567.8743795454398,0.6775228584637426
LSQ14ip,0.0613,6.0,433.2141859618848,1099.2732844927168,1.0110075099190543
LSQ14ip,0.0613,6.5,490.2989824706469,1946.2108753043376,1.4968222577314774
LSQ14ip,0.0613,7.0,570.6840823082243,3544.185245689606,1.9828016351193205
LSQ14ip,0.0613,7.5,691.1792355600373,4666.127875873689,2.0734148848739387
LSQ14ip,0.0613,8.0,860.5921292773696,5187.989904830143,1.950504381239728
LSQ14ip,0.0613,8.5,822.9096669953078,5858.545847137768,2.1310941719169882
LSQ14ip,0.0613,9.0,601.2219970573196,6223.772825219359,2.5375471754601806
LSQ14ip,0.0613,9.5,468.3924658423857,6844.276483021746,2.9117941107924894
LSQ14ip,0.0613,10.0,282.3985416395808,7182.844087639734,3.5135849751020247
LSQ14jp,0.0454,1.0,833.5958603167514,2171.708133960273,1.0396147718407491
LSQ14jp,0.0454,1.5,1748.0755811828333,5085.064292861621,1.1593406051947703
LSQ14jp,0.0454,2.0,3124.090704213312,9349.876808567047,1.1902056353960537
LSQ14jp,0.0454,2.5,5030.965592489668,15113.025726771077,1.194250186281124
LSQ14jp,0.0454,3.0,7557.425820349488,22615.232050642586,1.1900678881260398
LSQ14jp,0.0454,3.5,10888.963551508008,32039.70156838867,1.1717547953098155
LSQ14jp,0.0454,4.0,15108.810113804471,44436.6158047566,1.1712767838865097
LSQ14jp,0.0454,4.5,20668.114876571493,60449.1187468122,1.165222767888959
LSQ14jp,0.0454,5.0,27816.14138726629,81185.2899817455,1.1629511527231158
LSQ14jp,0.0454,5.5,37574.50848867007,108291.47547264416,1.1492524068050443
LSQ14jp,0.0454,6.0,50876.14967229518,146049.57191410658,1.1449651301248986
LSQ14jp,0.0454,6.5,69320.6718392652,200641.8596551966,1.1538969532526868
LSQ14jp,0.0454,7.0,92601.1806380906,279614.4116747551,1.1998575697079081
LSQ14jp,0.0454,7.5,114655.04110031964,364721.770958501,1.2564213340779273
LSQ14jp,0.0454,8.0,133104.2706237203,430314.3684708597,1.2739846443620744
LSQ14jp,0.0454,8.5,147809.3339290668,479890.614649252,1.2786009911405647
LSQ14jp,0.0454,9.0,159646.3923911303,519502.2206738804,1.2810707483058759
LSQ14jp,0.0454,9.5,169770.33288098374,552650.3848275149,1.2814716914071558
LSQ14jp,0.0454,10.0,178388.32029461212,581226.2623034588,1.2824470329148965
LSQ14mc,0.05662,1.0,873.274425262756,2119.0271714527216,0.9624644598715432
LSQ14mc,0.05662,1.5,2190.568256868004,5083.780947066452,0.9140750976360812
LSQ14mc,0.05662,2.0,3928.561956332793,8984.964266066638,0.8982068688582162
LSQ14mc,0.05662,2.5,6029.904569794773,13634.615950573529,0.8858311764816784
LSQ14mc,0.05662,3.0,8541.294437676373,18910.91777478204,0.8629722826870059
LSQ14mc,0.05662,3.5,10982.231169205248,23877.41159324568,0.8432416616299823
LSQ14mc,0.05662,4.0,12962.769241120352,28762.28934655249,0.8653141525110593
LSQ14mc,0.05662,4.5,14948.534613376642,33687.88013400098,0.8821876543711614
LSQ14mc,0.05662,5.0,16958.94289568584,38736.975761739646,0.8968173350936117
LSQ14mc,0.05662,5.5,18984.55601344628,43896.024722629,0.9100618672919293
LSQ14mc,0.05662,6.0,21248.454490117885,48895.20166621988,0.9048472366103726
LSQ14mc,0.05662,6.5,23182.33110063327,53941.48438445342,0.9169144726240351
LSQ14mc,0.05662,7.0,24727.45902292933,58409.11469821978,0.933252832203876
LSQ14mc,0.05662,7.5,26652.258407938847,61937.82410178051,0.9155548225792541
LSQ14mc,0.05662,8.0,28086.03774248376,64565.37615260307,0.9037730260252466
LSQ14mc,0.05662,8.5,29203.132490062584,66411.69126591571,0.8920377537703151
LSQ14mc,0.05662,9.0,29794.62043790092,68043.99261380434,0.8966298289176928
LSQ14mc,0.05662,9.5,30195.30274361457,68999.52199731756,0.8972667345932819
LSQ14mc,0.05662,10.0,30780.493323131595,70684.46988507436,0.9026210730118532
LSQ14q,0.06695,1.0,323.2540423069286,489.6477811114872,0.4508495658447996
LSQ14q,0.06695,1.5,649.511399765782,1282.3625991894062,0.7385601629677501
LSQ14q,0.06695,2.0,1234.4066660345077,2317.575530305958,0.6839390961653433
LSQ14q,0.06695,2.5,1897.4470455296944,3741.084948703884,0.7370697637357926
LSQ14q,0.06695,3.0,2683.247445291008,5418.016176693874,0.7629489320982314
LSQ14q,0.06695,3.5,3484.4402380827864,7119.970607202444,0.7758629511948747
LSQ14q,0.06695,4.0,4463.548720131563,8909.290815645601,0.7504071395732158
LSQ14q,0.06695,4.5,6080.971826548422,11384.69960328314,0.6808714612448914
LSQ14q,0.06695,5.0,7770.078220711343,14397.617325881458,0.66966308861186
LSQ14q,0.06695,5.5,9835.31519635836,18262.893235793108,0.6719532444035249
LSQ14q,0.06695,6.0,12144.367616843736,22632.24638217197,0.6758818931505837
LSQ14q,0.06695,6.5,14135.42629842854,27356.22514001028,0.7168681468675565
LSQ14q,0.06695,7.0,16459.530628231372,32782.34690109884,0.7480564881497119
LSQ14q,0.06695,7.5,18969.771491819243,38421.51594748642,0.7662809920136014
LSQ14q,0.06695,8.0,21947.86711289591,44077.98053581046,0.7570734169133891
LSQ14q,0.06695,8.5,25291.9423563814,51110.57693340306,0.763821499866217
LSQ14q,0.06695,9.0,28973.158951226906,59502.63738507806,0.7813509168097882
LSQ14q,0.06695,9.5,33220.93163248533,69171.76277002791,0.7962925898001094
LSQ14q,0.06695,10.0,38490.8849704304,80585.11975834382,0.8022423982131887
LSQ14wp,0.06945,1.0,417.2356528552071,792.3265966167761,0.6963070564559958
LSQ14wp,0.06945,1.5,852.1936227703744,1633.3827116858192,0.7063741865766477
LSQ14wp,0.06945,2.0,1301.8131721809077,2589.73142530084,0.7467651630884052
LSQ14wp,0.06945,2.5,1797.982426211612,3665.038984502637,0.7732328899539913
LSQ14wp,0.06945,3.0,2293.224812024352,4655.897814710097,0.7688920200075435
LSQ14wp,0.06945,3.5,2763.6457255150626,5649.268733283326,0.7762746619982093
LSQ14wp,0.06945,4.0,3134.4454199459137,6581.805045322109,0.8054607559070348
LSQ14wp,0.06945,4.5,3511.3741352101674,7344.804042015529,0.8012577689726069
LSQ14wp,0.06945,5.0,3866.222211522668,8237.908555167973,0.8213253880869181
LSQ14wp,0.06945,5.5,4158.675004334038,8947.312688869668,0.8318440829174292
LSQ14wp,0.06945,6.0,4437.628984503469,9533.152733043067,0.8302139038302886
LSQ14wp,0.06945,6.5,4671.944505498323,9980.620300487954,0.824149645660802
LSQ14wp,0.06945,7.0,4828.785999462746,10383.397467195397,0.8312537995738007
LSQ14wp,0.06945,7.5,4993.361908970018,10821.478494524225,0.8397338917787265
LSQ14wp,0.06945,8.0,5085.189522440151,11099.604267813627,0.8475008793599593
LSQ14wp,0.06945,8.5,5192.322909399131,11235.988808686574,0.8381240116332606
LSQ14wp,0.06945,9.0,5373.431525973343,11358.515805688254,0.8126746692437239
LSQ14wp,0.06945,9.5,5401.254495328211,11445.4480003258,0.8153453895618289
LSQ14wp,0.06945,10.0,5566.164460750928,11569.118187620774,0.7943605591998395
LSQ14xi,0.0508,1.0,5420.813072443555,12816.354320098715,0.9342501843847807
LSQ14xi,0.0508,1.5,11602.168260581942,27018.989160607867,0.9178248438670232
LSQ14xi,0.0508,2.0,19595.034326038367,45468.63024914763,0.913914606502908
LSQ14xi,0.0508,2.5,29235.58268425753,68050.52636179801,0.9172993368258484
LSQ14xi,0.0508,3.0,39858.64439750437,93674.96141487316,0.9277524968168033
LSQ14xi,0.0508,3.5,51017.74366396292,121163.59111495296,0.9391272233535515
LSQ14xi,0.0508,4.0,61935.22472093927,149551.14061825792,0.9571300300660807
LSQ14xi,0.0508,4.5,72447.56613519894,177297.64571261805,0.9716979219107768
LSQ14xi,0.0508,5.0,82078.91485849612,202944.29888935384,0.9828631237523088
LSQ14xi,0.0508,5.5,91084.55718872717,226462.02356827035,0.9888765808454381
LSQ14xi,0.0508,6.0,99643.85299655644,248283.42823250644,0.9912430525755593
LSQ14xi,0.0508,6.5,107333.6763343092,269429.75355670776,0.9992738725861909
LSQ14xi,0.0508,7.0,114548.16160976524,288047.268250899,1.0011890932680825
LSQ14xi,0.0508,7.5,120908.7899471532,304677.2848421536,1.0034555047659763
LSQ14xi,0.0508,8.0,126741.75062804252,319336.70893288014,1.0033228590321956
LSQ14xi,0.0508,8.5,131882.9738558762,332608.0659616456,1.0043601133969176
LSQ14xi,0.0508,9.0,136631.21258104543,344730.1154131842,1.0048232552948293
LSQ14xi,0.0508,9.5,140932.91285420125,356124.3038992681,1.0064729629238343
LSQ14xi,0.0508,10.0,144903.3364725757,366725.6917023805,1.0081573773983374
LSQ15aae,0.0516,1.0,259.3083392798106,568.4790557672595,0.8522449625363614
LSQ15aae,0.0516,1.5,654.2894197150475,1455.8814222425435,0.8683902668238044
LSQ15aae,0.0516,2.0,1182.6575961846174,2662.683465678064,0.881151289690588
LSQ15aae,0.0516,2.5,1974.4542067768691,4201.783062772371,0.8199664011216891
LSQ15aae,0.0516,3.0,2851.096191335473,6167.825450351515,0.8378005118139356
LSQ15aae,0.0516,3.5,3989.1014650064,8834.396776571,0.863254544312529
LSQ15aae,0.0516,4.0,5333.00162872016,11923.468231804456,0.8735772065345038
LSQ15aae,0.0516,4.5,6795.7163873193385,15598.78960150912,0.9021391364462947
LSQ15aae,0.0516,5.0,8223.017657927014,19954.11318840788,0.9625030213547332
LSQ15aae,0.0516,5.5,10226.303527104168,24638.751148230276,0.9547500307593376
LSQ15aae,0.0516,6.0,12843.036344901133,30365.647940194536,0.9342871023138627
LSQ15aae,0.0516,6.5,15253.011929364377,37007.78088797346,0.9623435854605923
LSQ15aae,0.0516,7.0,18358.3208921733,44874.8519364087,0.9704251796381294
LSQ15aae,0.0516,7.5,21880.30776436933,54013.31701020982,0.9811185553383872
LSQ15aae,0.0516,8.0,26381.069076470005,64612.19954715439,0.97255533647093
LSQ15aae,0.0516,8.5,31523.94359536845,77452.47261369285,0.9759868627095607
LSQ15aae,0.0516,9.0,36629.94895795537,91973.7671444008,0.9995691539422766
LSQ15aae,0.0516,9.5,42400.62926391525,108056.766594112,1.0156991648613316
LSQ15aae,0.0516,10.0,48718.79390835967,126063.96328717167,1.0322360709410938
LSQ15agh,0.0603,1.0,3581.40559313455,9538.681333385726,1.063587081687203
LSQ15agh,0.0603,1.5,8301.975985678066,22356.620686231738,1.075561714035024
LSQ15agh,0.0603,2.0,15233.968520828115,41595.31224783816,1.0905783374209912
LSQ15agh,0.0603,2.5,23608.54929981256,65362.49862093853,1.105648360852755
LSQ15agh,0.0603,3.0,32046.304618157497,89086.78199975229,1.110088287527347
LSQ15agh,0.0603,3.5,40349.12681017607,111021.02949142392,1.098927773870007
LSQ15agh,0.0603,4.0,48632.71413019547,131949.54106370083,1.0836984409021189
LSQ15agh,0.0603,4.5,57226.55177954494,152720.86219190425,1.0657519729988345
LSQ15agh,0.0603,5.0,66003.42008707066,173346.1106474957,1.0483691549745089
LSQ15agh,0.0603,5.5,75013.2506376031,193925.75941999076,1.0312437879169436
LSQ15agh,0.0603,6.0,83945.03003412741,213930.7417000677,1.0156955201126134
LSQ15agh,0.0603,6.5,92268.01562145562,232542.26355256655,1.0036267876675395
LSQ15agh,0.0603,7.0,99614.2221853856,249216.1175591528,0.9956369445293
LSQ15agh,0.0603,7.5,106015.55929214276,263940.70019566413,0.9903418891061676
LSQ15agh,0.0603,8.0,111693.68038369746,277121.0045508019,0.9866021079033895
LSQ15agh,0.0603,8.5,116741.4292932232,288635.32456482784,0.9828111871453228
LSQ15agh,0.0603,9.0,121224.28231835112,298429.0094378125,0.9781285393434598
LSQ15agh,0.0603,9.5,124938.9954529776,306656.2894636348,0.9748846666202325
LSQ15agh,0.0603,10.0,128015.62354125804,313841.5600159161,0.9736186948820001
LSQ15aja,0.07,1.0,335.4756076938396,825.5279730563373,0.9776771141871903
LSQ15aja,0.07,1.5,631.0695928718051,1382.832654414381,0.8517309290635109
LSQ15aja,0.07,2.0,801.943674823464,1792.6700623823644,0.8733912487378276
LSQ15aja,0.07,2.5,934.0261235235683,1993.9773261701237,0.8234029812704663
LSQ15aja,0.07,3.0,922.8107454760046,2006.4492349430568,0.8432888330491816
LSQ15aja,0.07,3.5,890.002288345731,1941.8812369317209,0.8470788554429485
LSQ15aja,0.07,4.0,878.2193752911918,1928.78673612453,0.8542029913450706
LSQ15aja,0.07,4.5,811.7100452650961,1970.9968160647927,0.9632125053499563
LSQ15aja,0.07,5.0,788.520672384923,1805.3689543777805,0.8993822159293798
LSQ15aja,0.07,5.5,754.606106030119,1833.258568907659,0.9637585214378159
LSQ15aja,0.07,6.0,700.4791067601149,1877.8505376142864,1.0706645918488404
LSQ15aja,0.07,6.5,636.725105776463,1912.7119399889689,1.194243986752675
LSQ15aja,0.07,7.0,595.3454705861609,1909.7772728646644,1.2655341672699425
LSQ15aja,0.07,7.5,629.7567505751017,2042.749610704582,1.2776057621533297
LSQ15aja,0.07,8.0,786.0800256828055,2170.7961450765406,1.102880701758081
LSQ15aja,0.07,8.5,1026.8960558448907,2426.0657621843225,0.9334402077478763
LSQ15aja,0.07,9.0,1381.284619306348,2981.803494105856,0.835489608443502
LSQ15aja,0.07,9.5,2094.369783251002,4094.01610083083,0.7277404572253603
LSQ15aja,0.07,10.0,3231.19957840806,5919.235899174056,0.657254661869206
LSQ15alq,0.0471,1.0,1135.2113305482048,2603.4631214517426,0.9011867825647779
LSQ15alq,0.0471,1.5,2403.7399114074574,5686.276513358172,0.9348512508131311
LSQ15alq,0.0471,2.0,4337.983420335498,10018.367456853372,0.9087726725436809
LSQ15alq,0.0471,2.5,7654.4800584074255,15508.346909195465,0.7666245282581232
LSQ15alq,0.0471,3.0,11913.080914645332,21969.54577466544,0.664492465796072
LSQ15alq,0.0471,3.5,14871.183613208485,29162.198643064174,0.7311868201239615
LSQ15alq,0.0471,4.0,17894.23078294031,36844.94905716108,0.7841623155675587
LSQ15alq,0.0471,4.5,21102.745361162517,45132.05686416079,0.8253654203908845
LSQ15alq,0.0471,5.0,24647.44662549573,53998.5203248066,0.8515248114302909
LSQ15alq,0.0471,5.5,28240.21664730008,63098.92345530626,0.872884813980813
LSQ15alq,0.0471,6.0,31889.727152189032,73619.92459670774,0.9083614121283137
LSQ15alq,0.0471,6.5,36003.791921444565,83777.46529473136,0.9169474336369463
LSQ15alq,0.0471,7.0,40326.52954293476,94936.0409080234,0.9296006694692984
LSQ15alq,0.0471,7.5,45238.32708495623,106577.58288299564,0.9303983253717434
LSQ15alq,0.0471,8.0,50316.63938944132,119604.282425578,0.9400877565507386
LSQ15alq,0.0471,8.5,55605.85879079111,134005.90847592987,0.9550084871118403
LSQ15alq,0.0471,9.0,61654.966463386285,149427.63531626895,0.9611571449054406
LSQ15alq,0.0471,9.5,68015.68433848016,165414.7617999938,0.9649129795330519
LSQ15alq,0.0471,10.0,74367.59782109738,182423.7134497357,0.9742438466768194
LSQ15bv,0.0689,1.0,952.8912906373356,2738.137937086209,1.1460299123182678
LSQ15bv,0.0689,1.5,2111.2255210672893,6334.668775279886,1.1929732111931393
LSQ15bv,0.0689,2.0,3824.827697541494,12001.759415264876,1.241582602733412
LSQ15bv,0.0689,2.5,6355.861627258582,20024.813855447763,1.2459851351094298
LSQ15bv,0.0689,3.0,9969.367783168242,31355.203371097945,1.2441050099495912
LSQ15bv,0.0689,3.5,14870.02423717184,47202.19445098525,1.2541262831313003
LSQ15bv,0.0689,4.0,21304.75551037808,68702.84724238308,1.2712454528980721
LSQ15bv,0.0689,4.5,29602.10802544221,97095.94419064268,1.2896961254144603
LSQ15bv,0.0689,5.0,39672.51122120423,130687.21452287192,1.2943585245637275
LSQ15bv,0.0689,5.5,50076.553543533104,163857.5749964518,1.287080229483974
LSQ15bv,0.0689,6.0,59102.93065221855,191899.83794508027,1.2786639795789974
LSQ15bv,0.0689,6.5,67020.37928793755,215609.7226032731,1.268653648803271
LSQ15bv,0.0689,7.0,73797.8547101149,236471.8288804532,1.26433918270854
LSQ15bv,0.0689,7.5,79835.89463043585,254901.2127186852,1.2604342634356587
LSQ15bv,0.0689,8.0,85217.7742438719,271588.62742814235,1.2584534832914183
LSQ15bv,0.0689,8.5,90284.23433415084,286643.89354214526,1.2543269374911137
LSQ15bv,0.0689,9.0,95029.83175398831,300638.3145712329,1.250460919172411
LSQ15bv,0.0689,9.5,99364.0635166202,313469.2676406008,1.247414063712137
LSQ15bv,0.0689,10.0,103408.427008749,324979.1892391315,1.2432490473232378
PS15sv,0.0333,1.0,8051.210227301754,16268.94581599731,0.7637456149066778
PS15sv,0.0333,1.5,16585.463670972375,33786.33634584219,0.7725337095496558
PS15sv,0.0333,2.0,24154.658823838326,49465.98580479725,0.7782644023057318
PS15sv,0.0333,2.5,29033.567472640927,59700.051448260856,0.7826857568846924
PS15sv,0.0333,3.0,32525.89174334858,67565.86156536444,0.7937452671082657
PS15sv,0.0333,3.5,35191.037154362,73929.44809415915,0.8059634936687711
PS15sv,0.0333,4.0,37404.61693064931,79033.87602372588,0.8122201749591268
PS15sv,0.0333,4.5,39370.626163666886,83364.31588337527,0.8145196713490828
PS15sv,0.0333,5.0,40979.73157056646,87523.21369508922,0.823885366196132
PS15sv,0.0333,5.5,43130.63777001091,92714.89230270208,0.8309090452359601
PS15sv,0.0333,6.0,51214.251925887416,111231.59126681362,0.842093291922962
PS15sv,0.0333,6.5,68880.37074500581,161281.56039398414,0.9237231013794946
PS15sv,0.0333,7.0,76443.54694522308,178168.98731027782,0.9187282040396392
PS15sv,0.0333,7.5,78149.88603217395,181344.6569101704,0.9139410378906766
PS15sv,0.0333,8.0,78825.52343785756,182776.5430323595,0.913133989096217
PS15sv,0.0333,8.5,79034.33866799038,183512.74989900045,0.914626048644399
PS15sv,0.0333,9.0,79333.03383498991,185390.8056861481,0.9215853226329084
PS15sv,0.0333,9.5,79182.16251367492,186197.53914782783,0.9283664461660429
PS15sv,0.0333,10.0,79361.87445685407,188100.8168919048,0.9369469117745254
SN04dt,0.02,1.0,,112841.70456873796,
SN04dt,0.02,1.5,,248051.2768351966,
SN04dt,0.02,2.0,,439248.8416951975,
SN04dt,0.02,2.5,,689759.317521757,
SN04dt,0.02,3.0,,998364.8943569778,
SN04dt,0.02,3.5,,1375179.7463775384,
SN04dt,0.02,4.0,,1852431.1869696963,
SN04dt,0.02,4.5,,2477921.4837952666,
SN04dt,0.02,5.0,,3332067.348315111,
SN04dt,0.02,5.5,,4307266.432842606,
SN04dt,0.02,6.0,,5042070.5383406,
SN04dt,0.02,6.5,,5636968.196927904,
SN04dt,0.02,7.0,,6149896.176760221,
SN04dt,0.02,7.5,,6606048.148801794,
SN04dt,0.02,8.0,,7021994.331387512,
SN04dt,0.02,8.5,,7397706.464188272,
SN04dt,0.02,9.0,,7734218.919882499,
SN04dt,0.02,9.5,,8031534.987120667,
SN04dt,0.02,10.0,,8292788.235475192,
SN04ef,0.031,1.0,8315.767897098392,21291.488250530307,1.0207591500678177
SN04ef,0.031,1.5,19108.969161905192,48269.579531832,1.0060906405152938
SN04ef,0.031,2.0,33737.759353678346,85806.57888573682,1.013510877045736
SN04ef,0.031,2.5,51120.65175613953,132079.12473932726,1.0305945002969943
SN04ef,0.031,3.0,70852.0045419185,185858.56323176905,1.0470760843540776
SN04ef,0.031,3.5,93283.38262327184,247269.05404313072,1.0584137034893013
SN04ef,0.031,4.0,117876.8804757132,317146.7633562841,1.0745791237802553
SN04ef,0.031,4.5,145663.63967983198,396244.3560402549,1.0865298298006527
SN04ef,0.031,5.0,177838.47417726408,487913.2475257404,1.0957922160921991
SN04ef,0.031,5.5,216619.2323383162,598146.015879793,1.1027755047613725
SN04ef,0.031,6.0,266059.85967648984,738795.3566169294,1.108861998777224
SN04ef,0.031,6.5,332806.89949475194,927189.0708207048,1.1124399564995138
SN04ef,0.031,7.0,424547.027706474,1189659.6223498697,1.1187422924248636
SN04ef,0.031,7.5,533528.1736728192,1489518.517555285,1.1147213720570885
SN04ef,0.031,8.0,631474.230491737,1754663.037216184,1.1095952380358665
SN04ef,0.031,8.5,711591.7932044696,1968343.834311001,1.104675083622368
SN04ef,0.031,9.0,780697.5969846107,2147338.307421512,1.098544072927484
SN04ef,0.031,9.5,843306.114935214,2309918.4223109605,1.0940284825835525
SN04ef,0.031,10.0,902211.9560729404,2462673.785783284,1.090245773652859
SN04eo,0.016,1.0,142.72893121153692,448.4526411073739,1.243011430949285
SN04eo,0.016,1.5,260.3047401920712,825.7765300082236,1.2534511464038673
SN04eo,0.016,2.0,677.7912202202574,1369.0449104844902,0.7633043904328461
SN04eo,0.016,2.5,1490.538689748939,3109.2917052721787,0.7982955370748325
SN04eo,0.016,3.0,4770.528326674856,5795.602456820996,0.2113302722144879
SN04eo,0.016,3.5,6972.473180421281,9813.560195282653,0.3710993457511952
SN04eo,0.016,4.0,16723.52829285057,24612.688047960637,0.41957784509405377
SN04eo,0.016,4.5,35198.26241373958,62428.75448396547,0.6221586141130302
SN04eo,0.016,5.0,45775.291265188935,84111.29605113616,0.6605580214961325
SN04eo,0.016,5.5,78897.03207032301,150925.01016331196,0.7042513686004672
SN04eo,0.016,6.0,109836.8983747957,237320.10283642213,0.8364656681560105
SN04eo,0.016,6.5,134366.42099369393,281278.0644687646,0.802112788893392
SN04eo,0.016,7.0,164535.12127090734,337873.3660911357,0.7812383572191012
SN04eo,0.016,7.5,219527.5126813539,432903.0553179027,0.7372542355851874
SN04eo,0.016,8.0,270452.1750497057,554469.1170251453,0.7794672079951857
SN04eo,0.016,8.5,327221.36535266467,1176466.6115415017,1.3893448846348344
SN04eo,0.016,9.0,849427.2677669647,2352320.868796832,1.1059259078750123
SN04eo,0.016,9.5,2405989.2153837644,4327335.260060131,0.6373171677960193
SN04eo,0.016,10.0,4090108.907357023,6369734.640146226,0.4809661702628459
SN04ey,0.016,1.0,40560.76477381182,87412.81336705844,0.8336724078159802
SN04ey,0.016,1.5,88989.66057095787,194128.25745461383,0.846873014887749
SN04ey,0.016,2.0,147980.0870027626,329190.00813987746,0.8681084158381271
SN04ey,0.016,2.5,216437.88530647708,492758.9536794786,0.8932531058520815
SN04ey,0.016,3.0,293852.2752047069,685557.4352989232,0.9197869693215492
SN04ey,0.016,3.5,382709.47310484527,914727.8815813076,0.9460567614275954
SN04ey,0.016,4.0,486502.77248719137,1179671.271693617,0.961689209206349
SN04ey,0.016,4.5,614219.9592781866,1499551.4155364956,0.9690935906228805
SN04ey,0.016,5.0,741451.868242613,1820762.510780736,0.9754258473431997
SN04ey,0.016,5.5,853150.8561656164,2104027.031826259,0.9800637106097555
SN04ey,0.016,6.0,962583.230758793,2375002.8882560777,0.9805646264548391
SN04ey,0.016,6.5,1075060.1797898626,2644352.426055558,0.9772163984210198
SN04ey,0.016,7.0,1188598.9824839851,2914882.169645556,0.9739641237911628
SN04ey,0.016,7.5,1292061.2685182365,3161880.838271318,0.9716559765306048
SN04ey,0.016,8.0,1388782.7039107918,3386632.326850808,0.9678343762067043
SN04ey,0.016,8.5,1482391.314311276,3597590.5513662645,0.9626221806443578
SN04ey,0.016,9.0,1573808.9415467675,3799907.711044144,0.9570526013872331
SN04ey,0.016,9.5,1663391.7532464662,3988394.296073876,0.9495088561902093
SN04ey,0.016,10.0,1739861.7905968628,4148068.40165798,0.9433278967290197
SN04gs,0.027,1.0,4794.05718795062,14119.69020138301,1.172804894040968
SN04gs,0.027,1.5,10473.06052243799,31179.95993127757,1.184504848696461
SN04gs,0.027,2.0,18672.31435782021,55183.02142415155,1.1765183132441126
SN04gs,0.027,2.5,29595.376003282858,87445.30155196805,1.1762815444320809
SN04gs,0.027,3.0,43538.42724943847,128389.46519505228,1.174141632407483
SN04gs,0.027,3.5,60489.844884718,177843.789793668,1.1708905840638415
SN04gs,0.027,4.0,80458.68777595481,238954.11324485167,1.1818539135141755
SN04gs,0.027,4.5,106219.40692644748,321359.4383167431,1.2019679685807774
SN04gs,0.027,5.0,168979.52517546108,478968.8505243632,1.1311829620002674
SN04gs,0.027,5.5,235545.68770739855,695290.4643597526,1.1752277887953446
SN04gs,0.027,6.0,276536.8702383558,850123.7659854186,1.2193227853119948
SN04gs,0.027,6.5,324645.3856832776,1003470.70638963,1.2252386612705646
SN04gs,0.027,7.0,385540.35180281225,1192637.9065548398,1.2260969235829153
SN04gs,0.027,7.5,460745.17982094525,1430162.818567334,1.2298117064759677
SN04gs,0.027,8.0,558260.1669361105,1745058.394152189,1.2374333076022364
SN04gs,0.027,8.5,693259.303439931,2174519.931180676,1.2411692155269758
SN04gs,0.027,9.0,860338.099186119,2667736.5787265585,1.228684470137717
SN04gs,0.027,9.5,996095.7921303726,3079742.6433274182,1.2255333024956032
SN04gs,0.027,10.0,1100808.9918582616,3397608.710243477,1.2236534823938314
SN04gu,0.046,1.0,4007.038668358459,6967.7396019755615,0.6006709460721018
SN04gu,0.046,1.5,9352.16393393664,17096.301576772203,0.6549751479150108
SN04gu,0.046,2.0,16341.865462824671,30342.122871666284,0.6718608298459197
SN04gu,0.046,2.5,24190.738734142986,45064.68464224624,0.675468013164289
SN04gu,0.046,3.0,32064.65843112307,59660.033738799095,0.674142191681878
SN04gu,0.046,3.5,39558.76968486686,73494.2558083399,0.6725265512327057
SN04gu,0.046,4.0,46483.10170784571,86202.08051361718,0.6705566199623748
SN04gu,0.046,4.5,53039.44378774808,97890.19421405108,0.665350572680921
SN04gu,0.046,5.0,58946.88490996406,108468.8970442064,0.6621109116492714
SN04gu,0.046,5.5,64535.9001517855,118286.94313294283,0.6578385913531383
SN04gu,0.046,6.0,69820.61364237785,127368.01985813136,0.6526918390293334
SN04gu,0.046,6.5,74629.44256998796,135914.2532600424,0.6508870140296751
SN04gu,0.046,7.0,79552.0494926745,144318.75675301303,0.6466785153160082
SN04gu,0.046,7.5,84556.00403551481,152314.8955375779,0.6389948153855853
SN04gu,0.046,8.0,88897.23482443187,159708.9695084388,0.6361026379263934
SN04gu,0.046,8.5,92888.9374050144,166259.62716680404,0.632057018598092
SN04gu,0.046,9.0,96451.00161571044,172505.36761661578,0.6312396773721575
SN04gu,0.046,9.5,99845.106445525,178295.93342649925,0.6295366339464786
SN04gu,0.046,10.0,102984.59937228911,183442.57020891315,0.6268196069979693
SN05A,0.019,1.0,72961.2636124194,189166.4598756224,1.0343794736965335
SN05A,0.019,1.5,171945.45455432317,455268.3802684956,1.0571919718968457
SN05A,0.019,2.0,335495.2129198202,883762.7184048061,1.0516233728401372
SN05A,0.019,2.5,640061.0708868618,1660142.256873182,1.0348097258472406
SN05A,0.019,3.0,1166626.5176983206,3200042.7700866605,1.095559847717415
SN05A,0.019,3.5,1629873.2202679948,4564878.002662003,1.1181883782572941
SN05A,0.019,4.0,2123759.934986911,5884657.988098061,1.1065395088116363
SN05A,0.019,4.5,2672089.509709123,7275574.72930599,1.0875407594281916
SN05A,0.019,5.0,3228087.634241029,8724233.69473275,1.0794549356495804
SN05A,0.019,5.5,3744978.3446525456,10078478.80965988,1.0748641907348013
SN05A,0.019,6.0,4267775.077905553,11395734.856245128,1.0663520325068319
SN05A,0.019,6.5,4784194.017305843,12694774.780982202,1.0595405419762118
SN05A,0.019,7.0,5274655.671699118,13908379.554827238,1.0527060491651146
SN05A,0.019,7.5,5779101.205545584,15112900.377362115,1.0437187987302226
SN05A,0.019,8.0,6305853.632990838,16366953.77895758,1.035559924889045
SN05A,0.019,8.5,6786338.713643481,17524837.80773899,1.0300461882460996
SN05A,0.019,9.0,7231110.811814523,18615654.914318576,1.0266832570412554
SN05A,0.019,9.5,7651796.870086693,19646113.96740747,1.0237830666040129
SN05A,0.019,10.0,8047551.759408665,20622969.49671511,1.021718551993697
SN05M,0.025,1.0,5468.37417896497,8533.160594912692,0.483129238069313
SN05M,0.025,1.5,10994.0040238632,18917.89355186957,0.5892922146128756
SN05M,0.025,2.0,22421.251215289976,39391.45643488753,0.6118554843718507
SN05M,0.025,2.5,45252.17548540132,80268.46734586277,0.6222637699188017
SN05M,0.025,3.0,91409.96803303804,162609.86112777353,0.6253833046318608
SN05M,0.025,3.5,170227.44819338672,306416.8362110018,0.6382075881219442
SN05M,0.025,4.0,277685.83059483155,503697.7539407411,0.6465407365040319
SN05M,0.025,4.5,407081.0012345551,747212.4242515906,0.6594081262153932
SN05M,0.025,5.0,552739.9198251846,1020457.8450984578,0.6656855940022357
SN05M,0.025,5.5,725223.1629656992,1357088.6402990576,0.6803413714337997
SN05M,0.025,6.0,886910.9523603009,1673218.941586717,0.6891818859031816
SN05M,0.025,6.5,1032292.5376981476,1951834.804993724,0.6916006753740802
SN05M,0.025,7.0,1164882.7763382818,2206029.727646892,0.6933228414791901
SN05M,0.025,7.5,1270686.2511902445,2410711.535094488,0.6952672876825704
SN05M,0.025,8.0,1353592.135186965,2569539.036503175,0.695918493937411
SN05M,0.025,8.5,1425399.688773472,2705509.590749739,0.6957810454110026
SN05M,0.025,9.0,1498366.8668827035,2838846.600317963,0.6938094116534028
SN05M,0.025,9.5,1580822.1679529634,2988120.515004075,0.6912877294217658
SN05M,0.025,10.0,1667639.2886628634,3143441.166589206,0.6882580452185488
SN05W,0.009,1.0,,169339.23455841024,
SN05W,0.009,1.5,,705630.7272694457,
SN05W,0.009,2.0,,912939.4665905512,
SN05W,0.009,2.5,,1100690.427206102,
SN05W,0.009,3.0,,1304423.261286438,
SN05W,0.009,3.5,,1519541.6785166094,
SN05W,0.009,4.0,,1767959.8129131652,
SN05W,0.009,4.5,,2045635.93392156,
SN05W,0.009,5.0,,2340489.0978849507,
SN05W,0.009,5.5,,2777003.8437169297,
SN05W,0.009,6.0,,3733334.023536731,
SN05W,0.009,6.5,,5656541.530984361,
SN05W,0.009,7.0,,8368059.283857958,
SN05W,0.009,7.5,,11418515.922322191,
SN05W,0.009,8.0,,15088956.269493096,
SN05W,0.009,8.5,,19265459.22925437,
SN05W,0.009,9.0,,24602513.66952939,
SN05W,0.009,9.5,,29968114.224339318,
SN05W,0.009,10.0,,35866598.88307631,
SN05ag,0.08,1.0,527.7559780724351,1436.813605970111,1.0874181762596962
SN05ag,0.08,1.5,1132.0679762239613,3239.65894299241,1.1415669667412502
SN05ag,0.08,2.0,2020.524753977412,5778.824817453904,1.140938384380327
SN05ag,0.08,2.5,3190.4034355248377,8974.6545008101,1.1229303353782312
SN05ag,0.08,3.0,4646.870660798841,12893.963832420137,1.1080646575449529
SN05ag,0.08,3.5,6224.3709257628325,17428.139710355263,1.117888918247442
SN05ag,0.08,4.0,8085.848252127472,22737.518164024004,1.1225436809549405
SN05ag,0.08,4.5,10269.292072546932,28643.623679602293,1.1137186334214078
SN05ag,0.08,5.0,12716.530185743452,35306.156243190606,1.1087045307303505
SN05ag,0.08,5.5,15463.778881982222,42881.58201313794,1.1073879204654573
SN05ag,0.08,6.0,18557.149382398115,51374.28962505084,1.105586414936299
SN05ag,0.08,6.5,21930.9888764108,60616.15302492167,1.1038253899928145
SN05ag,0.08,7.0,25478.204697962046,70739.99104453469,1.1087404449564056
SN05ag,0.08,7.5,29346.36533620213,81939.89932654671,1.1148527655318385
SN05ag,0.08,8.0,33718.831264839675,94353.8697497391,1.117218009017113
SN05ag,0.08,8.5,38723.43700518125,108412.6847726204,1.1177655055950368
SN05ag,0.08,9.0,44391.06589709088,124691.82682154968,1.1213560361930384
SN05ag,0.08,9.5,50871.044435073054,143442.85690815348,1.1255206802887914
SN05ag,0.08,10.0,58480.00982295187,165319.1209104708,1.1282891258569032
SN05al,0.012,1.0,83768.05339545633,236055.391202134,1.1248387504940445
SN05al,0.012,1.5,187685.40751002173,531947.2188536248,1.131095087457025
SN05al,0.012,2.0,338771.7987960777,961345.8376626758,1.1324310003678255
SN05al,0.012,2.5,545675.2282578056,1549521.4833033418,1.1331584077465549
SN05al,0.012,3.0,826359.0357767945,2345130.604550863,1.1324956353586335
SN05al,0.012,3.5,1214807.2985564617,3452418.3476589518,1.13404005870349
SN05al,0.012,4.0,1782735.18797844,5094246.559321135,1.139982810104838
SN05al,0.012,4.5,2574850.641451411,7487656.079983898,1.158984615558276
SN05al,0.012,5.0,3160776.286504067,9182608.122397298,1.1579307307732334
SN05al,0.012,5.5,3591129.29359545,10412808.087200323,1.155842056614111
SN05al,0.012,6.0,3927893.148512783,11369962.172904603,1.1539983869265282
SN05al,0.012,6.5,4207910.16129537,12164623.796643227,1.152580558501029
SN05al,0.012,7.0,4626400.86589743,13436808.305628724,1.157632152065638
SN05al,0.012,7.5,5063289.451279723,14713362.696494045,1.1581979639094921
SN05al,0.012,8.0,5241444.651179283,15224764.43622198,1.157748944247357
SN05al,0.012,8.5,5388060.775358937,15648410.211466054,1.1575943413465648
SN05al,0.012,9.0,5516669.751741068,16015051.974107018,1.15712841542204
SN05al,0.012,9.5,5662003.198985578,16424397.927626511,1.1562983702592053
SN05al,0.012,10.0,5767584.450108008,16722245.081998017,1.1557515547963872
SN05am,0.008,1.0,339886.3794036286,908247.7508736636,1.0671764251229048
SN05am,0.008,1.5,1909054.041212128,3836328.7860726174,0.7577439951450557
SN05am,0.008,2.0,2854769.3170073526,6394774.442954316,0.8756355257212438
SN05am,0.008,2.5,3481659.949016572,8093616.792313846,0.9158907159774012
SN05am,0.008,3.0,4164214.7450932497,9973809.652864162,0.9483198949033809
SN05am,0.008,3.5,4920142.717805989,12079675.712634249,0.9751939375996863
SN05am,0.008,4.0,5755034.9631465,14428603.340894092,0.9979408197610982
SN05am,0.008,4.5,6753210.645261036,17236540.20402975,1.0173495007607884
SN05am,0.008,5.0,7969111.9154073,20748799.487861056,1.0389576195740078
SN05am,0.008,5.5,9687512.339099117,25768548.5633019,1.0621942213283961
SN05am,0.008,6.0,12705758.628785685,34118454.6357532,1.0724718779520956
SN05am,0.008,6.5,15294189.850829637,41519187.97557102,1.0843059354382039
SN05am,0.008,7.0,16827299.91399533,45904703.20275724,1.0896068713675324
SN05am,0.008,7.5,17925427.535375398,49004040.32846694,1.0919059146903263
SN05am,0.008,8.0,18772108.68141352,51369679.86128378,1.0929844982073242
SN05am,0.008,8.5,19503314.866998468,53424550.463310026,1.0940811108166701
SN05am,0.008,9.0,20106928.163053904,55091959.22379177,1.0943562276700767
SN05am,0.008,9.5,20615658.58251401,56490205.74817635,1.0944398582614114
SN05am,0.008,10.0,21079461.889725357,57750055.35182396,1.0942322117069399
SN05be,0.034,1.0,3555.7109196964648,9902.296308036715,1.112023680464401
SN05be,0.034,1.5,8983.955614291572,25511.43912165298,1.133168401531385
SN05be,0.034,2.0,18699.930594292447,53487.65338433,1.1410338756695508
SN05be,0.034,2.5,34430.995724265114,99782.59084357345,1.155262984318498
SN05be,0.034,3.0,59007.07359361672,170805.78730852166,1.1539962620894846
SN05be,0.034,3.5,138727.8360266734,275185.3720512492,0.7436543315256148
SN05be,0.034,4.0,244961.18755508907,426123.7708138201,0.601096206735743
SN05be,0.034,4.5,363618.5109417026,660105.9721258467,0.6474191948266006
SN05be,0.034,5.0,460320.5148632646,985379.7906732438,0.8263583017716207
SN05be,0.034,5.5,539127.5454809613,1239505.3727857056,0.9038922298434917
SN05be,0.034,6.0,592891.3191863475,1404110.662771181,0.9360656142656754
SN05be,0.034,6.5,632145.1214562239,1522946.260511091,0.9546694705421704
SN05be,0.034,7.0,663978.7086066684,1616227.8026906222,0.9658710499488833
SN05be,0.034,7.5,689467.0915018775,1692869.3260102645,0.975274734668033
SN05be,0.034,8.0,711200.3757205548,1756574.9083303032,0.98168674353933
SN05be,0.034,8.5,728826.4943656627,1809739.780966893,0.9874799530475895
SN05be,0.034,9.0,744168.1238321656,1854760.8836155375,0.9915421623313271
SN05be,0.034,9.5,757323.597835701,1893515.026397679,0.9949681661688379
SN05be,0.034,10.0,768947.6104918754,1927649.87164346,0.9978285050617569
SN05bg,0.023,1.0,225161.22348671075,329382.2966013664,0.41301663361042235
SN05bg,0.023,1.5,399028.7786076972,574147.0926096014,0.39504737780864047
SN05bg,0.023,2.0,550487.9157313956,796947.2189958551,0.4017044241333203
SN05bg,0.023,2.5,672711.4502343928,982661.637968442,0.4114379553070199
SN05bg,0.023,3.0,780854.7005073235,1140083.0249287288,0.41091562601293874
SN05bg,0.023,3.5,882238.7615012454,1282664.6387437703,0.4063174681481786
SN05bg,0.023,4.0,972198.5392173752,1410250.2838284648,0.4038530790417949
SN05bg,0.023,4.5,1051852.737975122,1523183.1571759728,0.40199296758942243
SN05bg,0.023,5.0,1122333.7532719516,1621979.6192735313,0.39980842171205094
SN05bg,0.023,5.5,1185676.4175055998,1703376.791874722,0.39336135931673666
SN05bg,0.023,6.0,1230301.3770955428,1765468.2685492623,0.3921210152622522
SN05bg,0.023,6.5,1266541.8105110254,1818288.152324939,0.39260794461823634
SN05bg,0.023,7.0,1299267.7361547945,1865073.6309348247,0.392493319710007
SN05bg,0.023,7.5,1331070.4887928893,1908660.242466416,0.39131893106737536
SN05bg,0.023,8.0,1360066.7308484,1948842.1456694065,0.3905411145519827
SN05bg,0.023,8.5,1385639.9228532896,1986501.4801965293,0.3910962632850792
SN05bg,0.023,9.0,1408540.5764716482,2016854.185425741,0.3897628457324176
SN05bg,0.023,9.5,1426210.8654984357,2041978.4485773952,0.3896685334500921
SN05bg,0.023,10.0,1440557.5327994924,2063993.5163466064,0.3904443023556652
SN05bl,0.024,1.0,9674.527781706907,29584.16368093448,1.2135738014090716
SN05bl,0.024,1.5,22207.256132371916,66960.70690290263,1.1983128205477842
SN05bl,0.024,2.0,39821.79344713815,120368.75017763196,1.200982339432973
SN05bl,0.024,2.5,63245.390320267215,191583.91426364184,1.2033254123399442
SN05bl,0.024,3.0,92903.4827074826,282374.029218314,1.2069818899993705
SN05bl,0.024,3.5,129887.58701707848,395508.1555671627,1.2089694862588583
SN05bl,0.024,4.0,175080.13588377094,532494.5465399093,1.207695723417205
SN05bl,0.024,4.5,228976.3239818146,697334.6256322437,1.2091266286107936
SN05bl,0.024,5.0,293621.570318483,893720.357470909,1.2085342339246898
SN05bl,0.024,5.5,370356.74332020886,1128549.2168337647,1.2097506179578648
SN05bl,0.024,6.0,462236.0838362773,1409858.379148936,1.2107791117716054
SN05bl,0.024,6.5,574066.3211722793,1748071.581359866,1.20899285920282
SN05bl,0.024,7.0,707239.4396260708,2162604.46529257,1.2135265600165277
SN05bl,0.024,7.5,877523.151372366,2692647.164416189,1.217302163762274
SN05bl,0.024,8.0,1114615.8667183712,3428807.7904342674,1.2200447985751206
SN05bl,0.024,8.5,1456857.7612166123,4486554.443064445,1.2212394755170566
SN05bl,0.024,9.0,1806498.2753729,5592590.469268122,1.2269386673864928
SN05bl,0.024,9.5,2066596.8269164795,6422470.356765646,1.2311158755087837
SN05bl,0.024,10.0,2268764.626104743,7062199.72650759,1.2328763838574561
SN05bo,0.014,1.0,136302.40218387294,174532.5720977338,0.268432447702987
SN05bo,0.014,1.5,272013.9175548495,361842.9725129651,0.30982254307208124
SN05bo,0.014,2.0,435259.8079335793,603633.5338047242,0.35506198040679315
SN05bo,0.014,2.5,669934.7824491181,950788.449499863,0.3801284263797156
SN05bo,0.014,3.0,1146441.8742326018,1533167.8857100075,0.31559418333802597
SN05bo,0.014,3.5,1622343.781223856,2170711.0094598727,0.3161478013327127
SN05bo,0.014,4.0,2080798.906120767,2845126.934521874,0.3396788405211093
SN05bo,0.014,4.5,2580877.363269654,3576917.6552110035,0.3543539345932034
SN05bo,0.014,5.0,2945029.013939254,4131497.303846904,0.3675447398420562
SN05bo,0.014,5.5,3257233.031074976,4596500.918917751,0.37394630255512873
SN05bo,0.014,6.0,3536753.449088544,5012139.057967211,0.37854581481553357
SN05bo,0.014,6.5,3779390.1235437454,5380126.83326208,0.3834269754998645
SN05bo,0.014,7.0,4003001.800474456,5719631.7665901445,0.3874557102616789
SN05bo,0.014,7.5,4217079.990394275,6045068.904274176,0.39097354155874886
SN05bo,0.014,8.0,4423423.966782187,6357338.990769043,0.3937920078460371
SN05bo,0.014,8.5,4637359.56145063,6676485.188524573,0.3956927982480885
SN05bo,0.014,9.0,4860815.831476346,7016167.508434511,0.3984769560989451
SN05bo,0.014,9.5,5125495.324271747,7418087.126420892,0.4013902204979009
SN05bo,0.014,10.0,5336713.999806161,7733844.34446909,0.40280374464180396
SN05el,0.015,1.0,2780.5137059693448,6947.536600285826,0.9942645079421536
SN05el,0.015,1.5,4981.618026235307,13527.40936505498,1.0846105214173076
SN05el,0.015,2.0,8176.349145214092,22819.53911887623,1.1143686011475
SN05el,0.015,2.5,12951.905064426795,36594.98154122876,1.12771969997792
SN05el,0.015,3.0,19605.56016410516,54428.81800960263,1.1086241195597732
SN05el,0.015,3.5,28956.638530372,78373.10785693163,1.081047310239026
SN05el,0.015,4.0,40768.85871429227,109939.40419476926,1.077062062659293
SN05el,0.015,4.5,56391.68162014372,147296.13401707547,1.0424407568937917
SN05el,0.015,5.0,73654.53642571892,193542.22852124463,1.0489405923201753
SN05el,0.015,5.5,94173.39862445569,251171.18272853436,1.0651039166592644
SN05el,0.015,6.0,118696.99952961814,322014.2034289409,1.0835882179795693
SN05el,0.015,6.5,146349.52295532636,402614.0199991506,1.0987439571779505
SN05el,0.015,7.0,179520.51328248667,495228.636060801,1.101729170102246
SN05el,0.015,7.5,216899.6786009157,601067.0861588359,1.1066600964978603
SN05el,0.015,8.0,257668.229260285,715053.5900204207,1.1081942962367963
SN05el,0.015,8.5,299530.8770810113,835104.5509412506,1.1132481305141102
SN05el,0.015,9.0,343028.2074254772,962340.0359018866,1.1199968003855425
SN05el,0.015,9.5,389368.4355963453,1093092.6901060536,1.120740619461115
SN05el,0.015,10.0,435900.35875763337,1229519.40881624,1.1258704057863407
SN05eq,0.029,1.0,3065.363000025487,6784.329264040183,0.8625625159272942
SN05eq,0.029,1.5,6274.2843286325815,14102.206360309,0.8793071749678232
SN05eq,0.029,2.0,11056.601664067268,24207.863538752943,0.8508369974590029
SN05eq,0.029,2.5,16946.43448633464,37367.69646360107,0.8585449738274042
SN05eq,0.029,3.0,23661.003408948392,53034.48059409903,0.8763129043122854
SN05eq,0.029,3.5,32002.82892868889,71453.05118028559,0.8720810217905063
SN05eq,0.029,4.0,43199.18187872404,95789.30369803729,0.8646037356736638
SN05eq,0.029,4.5,56754.21500311831,124864.9403152429,0.8561059820337262
SN05eq,0.029,5.0,69719.38948225847,154109.04939738737,0.8611864153237271
SN05eq,0.029,5.5,83876.29687772821,185005.47737317285,0.8588633458841501
SN05eq,0.029,6.0,97718.60533874154,216561.4532419298,0.8640097427949021
SN05eq,0.029,6.5,112409.03244755832,252862.22913049583,0.8802068812762311
SN05eq,0.029,7.0,128204.68401726514,289983.6233535323,0.8861739486407972
SN05eq,0.029,7.5,144342.22089675505,326407.8247585497,0.8859179451250372
SN05eq,0.029,8.0,160687.28475990987,363108.9686734575,0.8851386593164112
SN05eq,0.029,8.5,177205.44609388046,400519.1308362027,0.885365500027767
SN05eq,0.029,9.0,193895.9778575757,438329.6196657989,0.8855800459841741
SN05eq,0.029,9.5,211866.17501559245,477568.4422018341,0.8824349870423519
SN05eq,0.029,10.0,228868.67125420755,517916.4050568456,0.8866832983151869
SN05gj,0.062,1.0,,14376.581706708346,
SN05gj,0.062,1.5,,20156.290861815924,
SN05gj,0.062,2.0,,23049.99140473628,
SN05gj,0.062,2.5,,24862.22567449085,
SN05gj,0.062,3.0,,26345.898416867047,
SN05gj,0.062,3.5,,27589.12372475636,
SN05gj,0.062,4.0,,28542.921865321525,
SN05gj,0.062,4.5,,29785.924489361216,
SN05gj,0.062,5.0,,30828.643210290087,
SN05gj,0.062,5.5,,31744.514346445223,
SN05gj,0.062,6.0,,32259.67078529853,
SN05gj,0.062,6.5,,32654.59526959368,
SN05gj,0.062,7.0,,33052.98262939407,
SN05gj,0.062,7.5,,33106.998175902845,
SN05gj,0.062,8.0,,33205.10753819984,
SN05gj,0.062,8.5,,33512.57803461943,
SN05gj,0.062,9.0,,33683.72993465683,
SN05gj,0.062,9.5,,33459.32518090798,
SN05gj,0.062,10.0,,33804.43662770104,
SN05hc,0.046,1.0,15363.971234962311,53832.379485576654,1.3613502285678933
SN05hc,0.046,1.5,26915.456348294578,90993.41982590224,1.3225205997466458
SN05hc,0.046,2.0,39262.24063467377,130141.6292192375,1.3011028970171492
SN05hc,0.046,2.5,51897.29983029497,170351.31982603506,1.29050185050446
SN05hc,0.046,3.0,64719.68133431253,210835.3922971681,1.2822678652969408
SN05hc,0.046,3.5,78281.62345828109,252434.92010863865,1.2712240206455796
SN05hc,0.046,4.0,92174.18119905086,294191.4849799735,1.2600520251650043
SN05hc,0.046,4.5,106319.13191527972,335673.4726940572,1.2482639989618913
SN05hc,0.046,5.0,120611.4280407458,377076.9538375466,1.2376038262322109
SN05hc,0.046,5.5,135064.14149007906,417991.1221214028,1.2265674882549735
SN05hc,0.046,6.0,149647.71095396212,458667.72425484256,1.2160702560292402
SN05hc,0.046,6.5,165500.26968351522,498287.273662041,1.19670272390926
SN05hc,0.046,7.0,179961.4852673445,536318.5931865963,1.1856082114279594
SN05hc,0.046,7.5,193657.9365625322,571772.0324207895,1.1754690210337568
SN05hc,0.046,8.0,206019.47662262543,604567.1836740439,1.168840725331401
SN05hc,0.046,8.5,217701.1993348968,634658.6631961985,1.1616984775135064
SN05hc,0.046,9.0,228386.12444052167,662342.224343282,1.1560318183270573
SN05hc,0.046,9.5,238257.95093044348,687616.3673845801,1.1507470081120197
SN05hc,0.046,10.0,247539.1014601361,711989.0978785346,1.147073833789136
SN05hj,0.0574,1.0,3914.0828391122577,10464.923193106924,1.0677650805227383
SN05hj,0.0574,1.5,7159.971117729111,19138.43005005177,1.067487596844105
SN05hj,0.0574,2.0,10160.139251918305,27070.95500023,1.0640097915890692
SN05hj,0.0574,2.5,12650.688461659793,33852.13517425985,1.068679763834505
SN05hj,0.0574,3.0,14685.465169647732,39083.10691955844,1.0627534329254158
SN05hj,0.0574,3.5,16303.573597659162,42864.966068604925,1.049549189930797
SN05hj,0.0574,4.0,17389.01639793287,45703.10768705095,1.0491767872418563
SN05hj,0.0574,4.5,18295.525603086287,47659.52623996836,1.0395120757254857
SN05hj,0.0574,5.0,18820.309666126406,49217.042752949405,1.043721875620505
SN05hj,0.0574,5.5,19095.897317071645,50157.177952759055,1.048482556566413
SN05hj,0.0574,6.0,19338.6145073548,50826.2042088346,1.0491558017365263
SN05hj,0.0574,6.5,19563.86295915485,51345.0201848252,1.047609292269647
SN05hj,0.0574,7.0,19779.08115173927,51884.23556835525,1.047073275355058
SN05hj,0.0574,7.5,19944.830554776847,51837.65864133288,1.037037566098336
SN05hj,0.0574,8.0,19928.961839159223,51921.83941488346,1.039663485227659
SN05hj,0.0574,8.5,19919.891623921816,52033.80147358621,1.0424964609220166
SN05hj,0.0574,9.0,19953.600825325928,52405.09366098749,1.0483805541701698
SN05hj,0.0574,9.5,20180.926334063355,52594.12842881312,1.0399904135527647
SN05hj,0.0574,10.0,20264.056260650643,52599.968189831234,1.035647747405646
SN05hk,0.013,1.0,3031.6412052512505,21161.713452394564,2.1096825703162927
SN05hk,0.013,1.5,7672.461538404372,39680.94381418869,1.7841181832865964
SN05hk,0.013,2.0,16345.038008908876,69708.67635800866,1.574752253790084
SN05hk,0.013,2.5,28799.027381761363,116301.6244214094,1.5155198998715578
SN05hk,0.013,3.0,46840.26889068282,180251.222616786,1.4631470991052684
SN05hk,0.013,3.5,71818.72957899178,273427.8344678975,1.4515125109603
SN05hk,0.013,4.0,100218.67361235096,377186.7555450434,1.4390194600610384
SN05hk,0.013,4.5,130175.5831394686,498493.5634981807,1.457825058201131
SN05hk,0.013,5.0,167539.47705652274,655640.3155074908,1.481371237677023
SN05hk,0.013,5.5,210634.5523929592,826861.6563816975,1.4847580973307506
SN05hk,0.013,6.0,248619.5068804158,973733.8115702422,1.4822626245543469
SN05hk,0.013,6.5,281586.7917265398,1103116.2230715945,1.4825224798625198
SN05hk,0.013,7.0,314667.0682332016,1228639.548359726,1.4789329919789163
SN05hk,0.013,7.5,342787.42098808615,1330272.7456203154,1.4722895421569206
SN05hk,0.013,8.0,364949.79236303817,1406844.8617434911,1.4650327195918191
SN05hk,0.013,8.5,387143.1653475425,1479554.3245436137,1.4556482977590846
SN05hk,0.013,9.0,408376.4907157116,1540666.6789082915,1.4416198926560977
SN05hk,0.013,9.5,425682.7389205188,1589412.9253484863,1.4303767504713552
SN05hk,0.013,10.0,440540.5746296762,1635401.284793326,1.4240960516526324
SN05iq,0.034,1.0,2176.293139102993,4422.111429140626,0.7697807222237203
SN05iq,0.034,1.5,4146.104770953864,8729.000390526984,0.8083106013032653
SN05iq,0.034,2.0,6251.145341634421,13611.27809920393,0.8448482770876751
SN05iq,0.034,2.5,8769.219968378939,19571.55267097924,0.8716607920292223
SN05iq,0.034,3.0,11945.155306207558,27059.55344739212,0.8878220617254715
SN05iq,0.034,3.5,16325.603626289474,36187.61099530921,0.8642266630261417
SN05iq,0.034,4.0,20894.60632802941,46958.924841949854,0.879209879471464
SN05iq,0.034,4.5,26270.36170164434,59330.77189678651,0.884534865475213
SN05iq,0.034,5.0,32450.498623372067,73358.37959816835,0.8855708882377388
SN05iq,0.034,5.5,39563.52050495656,89620.7540995758,0.887784160394816
SN05iq,0.034,6.0,47622.67697848244,108010.0162576252,0.8891255675405423
SN05iq,0.034,6.5,57180.09926066324,128769.88673641151,0.881423521924253
SN05iq,0.034,7.0,67374.02803865923,151841.38846358398,0.8822441335217236
SN05iq,0.034,7.5,78443.9054636439,176698.6222364289,0.8816848889777845
SN05iq,0.034,8.0,89617.50017928271,201655.6825467033,0.8805440982680848
SN05iq,0.034,8.5,101276.24461913043,228749.69266967117,0.884632325423962
SN05iq,0.034,9.0,113761.88450997075,258329.43692395304,0.890442799062897
SN05iq,0.034,9.5,127161.61654111536,290886.6369497625,0.8984193259860005
SN05iq,0.034,10.0,140873.0596709478,325681.0029545161,0.9099111987812325
SN05ir,0.0764,1.0,2092.802201199757,4437.957103806099,0.8161372917501242
SN05ir,0.0764,1.5,4420.076834017624,9054.660001473309,0.77860582162502
SN05ir,0.0764,2.0,7172.95119691025,14886.718930963789,0.7927527818316691
SN05ir,0.0764,2.5,10146.052240653737,21329.12174631547,0.8066896976993666
SN05ir,0.0764,3.0,13508.26741980846,28646.544580223577,0.8161814851964954
SN05ir,0.0764,3.5,17432.56241730977,37009.713586427046,0.8173862382136872
SN05ir,0.0764,4.0,21660.90402417178,45766.22829081128,0.8121713613352366
SN05ir,0.0764,4.5,25840.59387546678,55017.6241917361,0.8204983548758757
SN05ir,0.0764,5.0,30199.8697861537,64864.01191220004,0.8299968409307034
SN05ir,0.0764,5.5,34324.16830630124,75469.01968605045,0.855421714670206
SN05ir,0.0764,6.0,38326.64139401814,85597.84762577605,0.872405202952143
SN05ir,0.0764,6.5,42353.10951615068,95214.42283179116,0.879543594814567
SN05ir,0.0764,7.0,46721.50115455325,104491.86015694126,0.8739141809619821
SN05ir,0.0764,7.5,50768.94938136153,113542.54601218768,0.8739011305246318
SN05ir,0.0764,8.0,54795.82980925717,122395.387275016,0.8725438567553354
SN05ir,0.0764,8.5,58935.30805608721,130921.92788747378,0.8665920848387354
SN05ir,0.0764,9.0,62427.00282475655,138472.68768541497,0.864979092878825
SN05ir,0.0764,9.5,65836.94149509587,145630.70448639916,0.8619582580416251
SN05ir,0.0764,10.0,68410.31660913477,151470.45294906406,0.8630158093112593
SN05kc,0.015,1.0,46404.22598164465,118006.8700343516,1.013374395983582
SN05kc,0.015,1.5,104877.02184519,275589.5805643376,1.0489561186829954
SN05kc,0.015,2.0,189426.41241133423,522808.16950776055,1.1022545779824724
SN05kc,0.015,2.5,350577.04169354745,1007641.8895777826,1.1463068542035848
SN05kc,0.015,3.0,676903.7930255474,1987335.272108407,1.169360482474091
SN05kc,0.015,3.5,1325389.1447991757,3992387.011159586,1.1972230616818282
SN05kc,0.015,4.0,1845998.8507851115,5572211.293046984,1.1994903744563021
SN05kc,0.015,4.5,2199356.8675378123,6619001.499372064,1.1962419394675614
SN05kc,0.015,5.0,2478177.9240206527,7412170.225901552,1.1895322518808076
SN05kc,0.015,5.5,2719337.083142125,8077809.756975222,1.1820764390509022
SN05kc,0.015,6.0,2921478.9115308127,8636923.344244666,1.1768907734022325
SN05kc,0.015,6.5,3111514.1310553425,9144670.464326752,1.1704907056214788
SN05kc,0.015,7.0,3293300.4799302006,9611376.014753064,1.1628855263558577
SN05kc,0.015,7.5,3455211.2895668824,10028303.462707397,1.1568821436243413
SN05kc,0.015,8.0,3608759.505128666,10418242.35806656,1.1510912884085096
SN05kc,0.015,8.5,3752119.569227365,10774413.188594883,1.1452923916839612
SN05kc,0.015,9.0,3879586.119622615,11092607.303990483,1.1406206042480243
SN05kc,0.015,9.5,3989255.769887832,11364035.166277109,1.136601717825005
SN05kc,0.015,10.0,4077004.845878048,11589162.743437435,1.1342770848404156
SN05lu,0.032,1.0,31894.848286045395,68686.93907549731,0.8328840561908659
SN05lu,0.032,1.5,63836.74444042896,138417.9692700525,0.8403043568757209
SN05lu,0.032,2.0,99605.22231390297,219937.32816913343,0.8600420893605736
SN05lu,0.032,2.5,137226.39735485046,307140.97874912934,0.8747502551239457
SN05lu,0.032,3.0,177314.47249417298,397303.3527300836,0.8759451139560027
SN05lu,0.032,3.5,219697.0116776054,490713.1297735613,0.8725088216588915
SN05lu,0.032,4.0,264672.08655459405,588951.7243500231,0.8684288912237915
SN05lu,0.032,4.5,314590.7515833633,696167.2665863545,0.8624191203872911
SN05lu,0.032,5.0,362827.0697317774,798087.1884688474,0.8558766446701626
SN05lu,0.032,5.5,407321.54312787374,890212.3993947245,0.8488906467031212
SN05lu,0.032,6.0,451650.32497116656,981060.7604824658,0.8422339462970143
SN05lu,0.032,6.5,493331.7438772074,1067302.249279844,0.8378709081153545
SN05lu,0.032,7.0,531820.923964575,1145463.657626203,0.8330397364331981
SN05lu,0.032,7.5,571496.3752945535,1223830.6360616712,0.8267696010579627
SN05lu,0.032,8.0,610251.4886359276,1300501.0631360102,0.8215046601490912
SN05lu,0.032,8.5,646368.9999554051,1371413.9900071465,0.8167201402016739
SN05lu,0.032,9.0,679236.0191402176,1435659.777868334,0.8125770628622928
SN05lu,0.032,9.5,707035.5067141235,1489583.0549459225,0.8090587475527091
SN05lu,0.032,10.0,731480.2786206796,1536941.9465682425,0.806137104949302
SN06D,0.009,1.0,36564.82736673368,93723.57475062316,1.021963293793308
SN06D,0.009,1.5,119602.65967644563,285915.99473828496,0.946244034876379
SN06D,0.009,2.0,314974.1794164938,726234.147487005,0.9070042809810547
SN06D,0.009,2.5,767591.2874591845,1761120.5412872334,0.9016476149486042
SN06D,0.009,3.0,1052499.3040963316,2393939.961321275,0.8922285924692346
SN06D,0.009,3.5,1201728.48687168,2727907.825560048,0.8900583386571698
SN06D,0.009,4.0,1298673.029195103,2942901.998934723,0.8881899469121077
SN06D,0.009,4.5,1368121.9395044495,3098892.6730415937,0.887704319407868
SN06D,0.009,5.0,1418108.3746311576,3212894.478154228,0.8879676009914
SN06D,0.009,5.5,1494368.295741716,3397485.102465042,0.8917497900396337
SN06D,0.009,6.0,1530901.1998416705,3484605.441325286,0.8930161175566738
SN06D,0.009,6.5,1592710.5950538972,3623830.657437919,0.8925775642311204
SN06D,0.009,7.0,1846570.7875626711,4192410.102172151,0.8902444949747989
SN06D,0.009,7.5,1871175.5309883945,4247925.266556727,0.890155844945919
SN06D,0.009,8.0,1888701.0083596737,4289943.302652283,0.8907208506358548
SN06D,0.009,8.5,1917785.3317612775,4349433.699573346,0.8890818062215011
SN06D,0.009,9.0,2104272.775218732,4836196.257763289,0.9035047006910222
SN06D,0.009,9.5,2195073.111234606,5081471.839608651,0.9113513332629073
SN06D,0.009,10.0,2205010.288143728,5103988.781870444,0.9112477275775793
SN06ax,0.017,1.0,597.0830488488414,1384.4219985914688,0.9130843747316539
SN06ax,0.017,1.5,1392.1032942974143,3268.8101480480973,0.9267955909197224
SN06ax,0.017,2.0,2621.9350598082606,6080.938778433356,0.9133717504704402
SN06ax,0.017,2.5,3964.273949654111,9020.216608917088,0.8926332702124072
SN06ax,0.017,3.0,6333.227348402845,14038.854770687794,0.864266507194245
SN06ax,0.017,3.5,9425.589954971536,20581.789612593308,0.8479364799135689
SN06ax,0.017,4.0,13543.07476551293,30580.668716646163,0.8843242550056769
SN06ax,0.017,4.5,19970.87261081965,44986.84166654673,0.8817211571394213
SN06ax,0.017,5.0,72344.88815280319,144073.30027153215,0.7479391376904811
SN06ax,0.017,5.5,873883.1313032163,1690603.593156165,0.7164710787491552
SN06ax,0.017,6.0,931894.437221399,1824322.305486215,0.7293371221660276
SN06ax,0.017,6.5,940716.1573877572,1848553.95206514,0.7334338177115128
SN06ax,0.017,7.0,946776.5407992684,1863289.5080247307,0.7350821251340665
SN06ax,0.017,7.5,952352.6950538368,1877504.0324885417,0.7369576582847921
SN06ax,0.017,8.0,958885.165201742,1892607.8407299928,0.7382350880009624
SN06ax,0.017,8.5,966711.8207630548,1910533.241829376,0.7396439234785773
SN06ax,0.017,9.0,976565.189080141,1931818.711352793,0.7406628225844015
SN06ax,0.017,9.5,987972.0974291498,1959315.722100027,0.7433993602371746
SN06ax,0.017,10.0,1174207.1670490592,2261911.4892671374,0.7118271992515866
SN06bd,0.026,1.0,1540.1187312536267,4436.99939253327,1.1488379159543813
SN06bd,0.026,1.5,3437.998474205512,10111.03956028718,1.1712253249891547
SN06bd,0.026,2.0,6203.160811691028,17963.296252436885,1.1544324808835198
SN06bd,0.026,2.5,9963.048580578648,28630.31564483373,1.1460847202550173
SN06bd,0.026,3.0,14524.784756185376,41801.64641373624,1.14770920527852
SN06bd,0.026,3.5,20334.58334872253,57861.75264739378,1.1353907654312765
SN06bd,0.026,4.0,27057.920282187508,77261.54120836711,1.1391723856075273
SN06bd,0.026,4.5,35031.10378156554,99919.05723227355,1.1379862653236315
SN06bd,0.026,5.0,44354.26248669386,126560.5471124219,1.1384074532437143
SN06bd,0.026,5.5,54978.22562370106,157674.8337742452,1.143929156441664
SN06bd,0.026,6.0,67387.33442920796,194365.10943319497,1.1501000735409903
SN06bd,0.026,6.5,82542.99463129677,238316.13628082757,1.1511830708741946
SN06bd,0.026,7.0,101168.94781777923,294643.82072609925,1.160625260626264
SN06bd,0.026,7.5,127064.9740896943,373776.1761289034,1.171464411198991
SN06bd,0.026,8.0,164062.2164434376,486760.0818972336,1.180765952567371
SN06bd,0.026,8.5,197253.7501275511,586517.2820499156,1.183138861824294
SN06bd,0.026,9.0,221062.2120750268,656720.1862663018,1.1821646358247704
SN06bd,0.026,9.5,240409.269121218,712558.9359293005,1.179673956596898
SN06bd,0.026,10.0,257420.92160064724,760365.5811784765,1.1759465224832382
SN06br,0.025,1.0,9255.052826991536,,
SN06br,0.025,1.5,19942.22697856912,,
SN06br,0.025,2.0,34518.57384271935,,
SN06br,0.025,2.5,54821.795993904045,,
SN06br,0.025,3.0,83911.11324396014,,
SN06br,0.025,3.5,118119.629905053,,
SN06br,0.025,4.0,149649.91392254794,,
SN06br,0.025,4.5,176319.18302583112,,
SN06br,0.025,5.0,198955.6781079228,,
SN06br,0.025,5.5,219813.50537864692,,
SN06br,0.025,6.0,238641.37968611837,,
SN06br,0.025,6.5,256187.3673201895,,
SN06br,0.025,7.0,273571.5789682068,,
SN06br,0.025,7.5,291239.5620546415,,
SN06br,0.025,8.0,309409.25933343545,,
SN06br,0.025,8.5,326678.1288985556,,
SN06br,0.025,9.0,342914.08911076945,,
SN06br,0.025,9.5,358600.75237458735,,
SN06br,0.025,10.0,373542.7240803996,,
SN06ef,0.018,1.0,1297.7546807036754,3202.7880293890744,0.9808389817058056
SN06ef,0.018,1.5,2901.697728836137,7314.939876670516,1.0038964777375783
SN06ef,0.018,2.0,4888.519189374494,13049.380830540666,1.0660314534384558
SN06ef,0.018,2.5,7894.353819716206,20546.30150706864,1.0385426739997796
SN06ef,0.018,3.0,11481.999759985354,29701.69146354863,1.0319091223507015
SN06ef,0.018,3.5,15619.779127937078,39903.43916112066,1.018338598619797
SN06ef,0.018,4.0,20091.080643701214,51362.78548585133,1.019113178265301
SN06ef,0.018,4.5,24846.807782707838,64171.61654838477,1.030180948733039
SN06ef,0.018,5.0,30256.829358463685,78476.96136601926,1.034796907090987
SN06ef,0.018,5.5,36542.08896094513,95343.88826137524,1.0412487213808193
SN06ef,0.018,6.0,44016.52115538196,115604.79454841733,1.0484003277462217
SN06ef,0.018,6.5,53140.56855483801,141379.21512044262,1.0623984241477238
SN06ef,0.018,7.0,64316.88569829802,172770.2451115611,1.072859855515763
SN06ef,0.018,7.5,78095.5175573114,210340.42317957117,1.0757415897698968
SN06ef,0.018,8.0,94647.6114705329,256125.58486683824,1.0808582613923057
SN06ef,0.018,8.5,116877.9516879222,317315.50081776053,1.0843967398939656
SN06ef,0.018,9.0,148877.12689063032,405730.6788916818,1.0885246717489607
SN06ef,0.018,9.5,210787.3572356844,585697.2563858925,1.109571576914693
SN06ef,0.018,10.0,288854.5676387576,809421.4546923402,1.118738680762173
SN06ej,0.02,1.0,2683.1447344077988,7602.604862640156,1.1307957975618244
SN06ej,0.02,1.5,6817.074037775055,19034.41429537468,1.1148537675432215
SN06ej,0.02,2.0,14428.07610798781,40179.77680937171,1.1119977386188997
SN06ej,0.02,2.5,28816.868553145567,80662.16210010403,1.1175576833158614
SN06ej,0.02,3.0,66340.41819615985,186905.7636189938,1.1246112226104736
SN06ej,0.02,3.5,144226.94752137107,427532.3196419843,1.1798063477875296
SN06ej,0.02,4.0,193585.33130726276,574246.7974648308,1.1805653393988744
SN06ej,0.02,4.5,226902.39225148852,673513.7823241734,1.1812685313528601
SN06ej,0.02,5.0,250693.08660365955,745828.3410687567,1.1837413119109101
SN06ej,0.02,5.5,267293.14634908375,797556.7047096256,1.186934367833775
SN06ej,0.02,6.0,280367.3469082195,836717.7992569898,1.1871289393524025
SN06ej,0.02,6.5,290007.75589487987,867987.2698767548,1.1902593575800553
SN06ej,0.02,7.0,298718.09767768777,895569.306544561,1.192094164686963
SN06ej,0.02,7.5,307087.4019935103,922262.3727476308,1.193981225107724
SN06ej,0.02,8.0,315435.719800925,947677.6275936908,1.1943743924948234
SN06ej,0.02,8.5,322840.5109813426,972057.5444915688,1.1967598732714855
SN06ej,0.02,9.0,329722.19707567286,995778.6379417344,1.200036550551244
SN06ej,0.02,9.5,336320.07742632413,1018813.8364629372,1.2033551003371123
SN06ej,0.02,10.0,342844.090377504,1041503.842711178,1.206410521856864
SN06et,0.023,1.0,,12980.6031478247,
SN06et,0.023,1.5,,29443.089975183364,
SN06et,0.023,2.0,,52368.072098278186,
SN06et,0.023,2.5,,81609.62410400361,
SN06et,0.023,3.0,,120208.9449699603,
SN06et,0.023,3.5,,169196.06046972613,
SN06et,0.023,4.0,,239791.03170603857,
SN06et,0.023,4.5,,347007.9713387796,
SN06et,0.023,5.0,,478744.4549077698,
SN06et,0.023,5.5,,601488.6862256867,
SN06et,0.023,6.0,,699641.8633892862,
SN06et,0.023,6.5,,783762.8107488339,
SN06et,0.023,7.0,,852742.5408971042,
SN06et,0.023,7.5,,909749.1945627078,
SN06et,0.023,8.0,,956741.1629059684,
SN06et,0.023,8.5,,998554.7910472448,
SN06et,0.023,9.0,,1035359.6738392024,
SN06et,0.023,9.5,,1069054.9581158424,
SN06et,0.023,10.0,,1101271.7449702113,
SN06fw,0.0835,1.0,1463.9094858409658,3886.702310234908,1.060167633865258
SN06fw,0.0835,1.5,2864.9964811877435,7402.026379107782,1.0305663389678168
SN06fw,0.0835,2.0,4330.595572894009,10926.52339178263,1.0048359306168368
SN06fw,0.0835,2.5,5711.654093854306,14027.435853758265,0.9755409833380962
SN06fw,0.0835,3.0,6850.5301495590975,16634.95848840023,0.9632438485702465
SN06fw,0.0835,3.5,7809.201823271448,18672.88521636808,0.9465119514248919
SN06fw,0.0835,4.0,8504.009369857682,20259.16308493402,0.9424944261692203
SN06fw,0.0835,4.5,9073.47664283466,21456.691470616,0.9344725771532508
SN06fw,0.0835,5.0,9433.380616640894,22387.66818651841,0.9383537596220938
SN06fw,0.0835,5.5,9708.80774077506,23141.4322360384,0.9430608328550141
SN06fw,0.0835,6.0,9936.58421560598,23808.15984616185,0.9487217800612149
SN06fw,0.0835,6.5,10142.195923245925,24292.4197331564,0.948346951439957
SN06fw,0.0835,7.0,10258.610087426148,24730.901010146277,0.9553785394671875
SN06fw,0.0835,7.5,10360.532021074505,25227.30565637881,0.9662220296380376
SN06fw,0.0835,8.0,10496.012448238816,25527.567987125825,0.9649627610271958
SN06fw,0.0835,8.5,10612.631868868337,25779.2994245152,0.9636200278994924
SN06fw,0.0835,9.0,10916.72496301284,26052.487248954378,0.9443920580526209
SN06fw,0.0835,9.5,11296.183203224537,26225.75441710431,0.914490657145153
SN06fw,0.0835,10.0,11413.87591808654,26446.980724173187,0.9123573793246422
SN06hx,0.045,1.0,2645.4334727101723,7473.69257028452,1.1275959620864804
SN06hx,0.045,1.5,6079.594053088778,17243.420614412535,1.131872101133671
SN06hx,0.045,2.0,11367.748021223484,32340.36736910184,1.1351762763578601
SN06hx,0.045,2.5,17924.90103027673,50677.13235429072,1.1283881630336166
SN06hx,0.045,3.0,23936.168397781952,67366.39611116238,1.1234717075348077
SN06hx,0.045,3.5,28868.761625093928,80991.60926827946,1.1200296845493725
SN06hx,0.045,4.0,32878.661085544314,91634.15394079212,1.1128581271580609
SN06hx,0.045,4.5,36060.56587368579,100020.05869185372,1.1076364188282437
SN06hx,0.045,5.0,38404.11946292595,106563.1811735775,1.1080734120176061
SN06hx,0.045,5.5,40322.610452010034,111869.47854321952,1.1079074337550645
SN06hx,0.045,6.0,41889.76401753595,116168.03316017483,1.107446806442867
SN06hx,0.045,6.5,43267.22192430432,119937.73579931412,1.1069920868347753
SN06hx,0.045,7.0,44466.892137880495,123208.56096510187,1.1065102705341852
SN06hx,0.045,7.5,45322.29624128512,125836.29081400654,1.108735008154365
SN06hx,0.045,8.0,46097.74714488246,128209.42366244394,1.1106006163146822
SN06hx,0.045,8.5,46817.78427179399,129994.91317527698,1.1087887553309814
SN06hx,0.045,9.0,47272.43132789504,131315.91090481245,1.1092735274662924
SN06hx,0.045,9.5,47647.9884350704,132354.6098595578,1.109236253866824
SN06hx,0.045,10.0,47956.57706610195,133133.3622312368,1.1085968065482383
SN06kf,0.021,1.0,571.4717659069393,1452.3887929981263,1.0127202764690553
SN06kf,0.021,1.5,1514.6600892191043,3540.936229494929,0.9220073083677414
SN06kf,0.021,2.0,2637.2583519204263,6854.750113664811,1.0370973776685997
SN06kf,0.021,2.5,4837.161013394315,12374.30283982929,1.0198254913578662
SN06kf,0.021,3.0,8346.094161867273,21296.292521383697,1.0170518084279232
SN06kf,0.021,3.5,13950.919228526032,35175.39576130149,1.004090420313119
SN06kf,0.021,4.0,21908.02255753486,55995.38403308264,1.0188726202162288
SN06kf,0.021,4.5,34154.94305237843,88356.69630905423,1.031964758765961
SN06kf,0.021,5.0,54761.96604331436,143125.1449861018,1.0430922700201082
SN06kf,0.021,5.5,80640.12902234208,214885.46086817523,1.064139545487477
SN06kf,0.021,6.0,97433.62538974766,258590.28461580764,1.0597583543161435
SN06kf,0.021,6.5,108504.32352052216,288346.1414500536,1.0611677513710807
SN06kf,0.021,7.0,117213.6800648622,310858.0672471894,1.0589596027643229
SN06kf,0.021,7.5,123891.533404149,328897.3730739517,1.0600469413000082
SN06kf,0.021,8.0,129825.69259777604,343639.4376463814,1.0568558787424107
SN06kf,0.021,8.5,134671.83703473792,356494.9905855168,1.0569416182334825
SN06kf,0.021,9.0,138772.989691719,367041.1464695936,1.056024520089771
SN06kf,0.021,9.5,142807.63798174588,376288.9138948806,1.0519249685439789
SN06kf,0.021,10.0,145832.33910782234,384536.2738394042,1.052708679660312
SN06lu,0.068,1.0,563.8397046832542,1308.034589838982,0.9136589343767854
SN06lu,0.068,1.5,1515.8095955460435,3395.1744765414983,0.8755436135928331
SN06lu,0.068,2.0,2955.818969556432,6582.2488585405845,0.8692411647231223
SN06lu,0.068,2.5,4965.052157889211,10896.55756707098,0.8534137561895427
SN06lu,0.068,3.0,7311.520246069543,16250.952408611258,0.867177828857669
SN06lu,0.068,3.5,10211.707846795787,22777.58881473322,0.8710234185413515
SN06lu,0.068,4.0,13633.117032493128,30697.44950182893,0.8812678267871789
SN06lu,0.068,4.5,17811.01604371467,40643.62518316089,0.8957593569634875
SN06lu,0.068,5.0,23283.546518673957,53700.869807161725,0.907330469919206
SN06lu,0.068,5.5,30945.357577679297,72074.9533230621,0.9179721610407279
SN06lu,0.068,6.0,40749.81235987413,95504.6613213845,0.9247473888418155
SN06lu,0.068,6.5,50214.41462345551,118394.65941917604,0.9312592707345219
SN06lu,0.068,7.0,57664.24103281184,136404.38010413462,0.9348043398957141
SN06lu,0.068,7.5,64077.67874719986,151366.0361142986,0.9333041681121758
SN06lu,0.068,8.0,70013.90076644366,164719.1501534245,0.9288995456199967
SN06lu,0.068,8.5,75934.38297903092,177431.17865297868,0.9214786729394718
SN06lu,0.068,9.0,80767.60710632127,188152.0929257788,0.9181795933019903
SN06lu,0.068,9.5,84727.54214855254,197777.9690017209,0.9203832614528423
SN06lu,0.068,10.0,88461.54428994056,206382.95554221497,0.9197982772230301
SN06os,0.033,1.0,1475.681794815463,4350.082002584312,1.1737618108155816
SN06os,0.033,1.5,3437.1147030296306,9702.38384111823,1.1267110659348745
SN06os,0.033,2.0,6075.687813521422,17324.668671208638,1.1376737179159098
SN06os,0.033,2.5,9552.837398853802,27359.144381167687,1.1424253143313194
SN06os,0.033,3.0,13804.84802695316,39277.13687182799,1.1352704803529199
SN06os,0.033,3.5,18797.654225190206,53432.94087773477,1.1342635528791674
SN06os,0.033,4.0,24386.97232402228,69824.49057045582,1.1421247260687457
SN06os,0.033,4.5,30887.47494763508,88595.53039110896,1.1440735157427837
SN06os,0.033,5.0,38095.24981432669,109495.79552467172,1.1463165434431641
SN06os,0.033,5.5,46010.80602479328,132590.29156833567,1.1491297106487972
SN06os,0.033,6.0,54514.77126201223,157843.46994890238,1.1542810636993797
SN06os,0.033,6.5,63722.58581218227,185052.70250855232,1.157505102744614
SN06os,0.033,7.0,73675.78676107137,215541.1363718485,1.165513464905552
SN06os,0.033,7.5,84868.23490171735,250096.31214273287,1.1734052950283682
SN06os,0.033,8.0,98431.85828574131,293380.6863205808,1.1857395900504664
SN06os,0.033,8.5,112885.43276692808,339518.54906435375,1.1955640099859994
SN06os,0.033,9.0,124422.619921823,376226.430345,1.2013749002389382
SN06os,0.033,9.5,134138.3115100451,406965.9700784527,1.2050131509263227
SN06os,0.033,10.0,142694.21787891167,433787.62777386536,1.2071769644361188
SN06ot,0.053,1.0,,6320.750984119175,
SN06ot,0.053,1.5,,14517.81674872188,
SN06ot,0.053,2.0,,26289.635144378964,
SN06ot,0.053,2.5,,41535.95304958468,
SN06ot,0.053,3.0,,61312.86698668569,
SN06ot,0.053,3.5,,85034.14422940303,
SN06ot,0.053,4.0,,113348.88280504146,
SN06ot,0.053,4.5,,147091.3612958076,
SN06ot,0.053,5.0,,186650.9464004032,
SN06ot,0.053,5.5,,234435.7424576263,
SN06ot,0.053,6.0,,292217.94210476725,
SN06ot,0.053,6.5,,362901.3236401374,
SN06ot,0.053,7.0,,445162.98223308806,
SN06ot,0.053,7.5,,527905.9693919722,
SN06ot,0.053,8.0,,600946.7545362564,
SN06ot,0.053,8.5,,661930.2356718164,
SN06ot,0.053,9.0,,713571.5672813485,
SN06ot,0.053,9.5,,758666.2770185546,
SN06ot,0.053,10.0,,799017.8953087168,
SN07N,0.013,1.0,10490.721628380776,25817.728812021884,0.9777816788019776
SN07N,0.013,1.5,22809.88621084605,56453.75110990738,0.9839242136556169
SN07N,0.013,2.0,40914.91637644528,101044.21177806356,0.9815744313286885
SN07N,0.013,2.5,64325.10163147841,158137.8122508107,0.9766381130638913
SN07N,0.013,3.0,91789.3206987236,227372.1443696641,0.9848627546883048
SN07N,0.013,3.5,125277.1264454718,311695.660346256,0.9896474314823995
SN07N,0.013,4.0,170428.2670437588,431129.4031595013,1.007665037189467
SN07N,0.013,4.5,225841.3263481266,573714.5874186186,1.0122311919643985
SN07N,0.013,5.0,266493.1654044714,676368.5277507993,1.011243289347831
SN07N,0.013,5.5,301915.70986924344,763228.491813876,1.0069221570530424
SN07N,0.013,6.0,333111.17674525344,840229.271797985,1.0045215067913387
SN07N,0.013,6.5,361617.58381560416,908947.4206979196,1.0007230537841547
SN07N,0.013,7.0,387333.8433930896,970238.4475138905,0.996982587819222
SN07N,0.013,7.5,408680.8963501356,1023134.9681205632,0.9963714768740739
SN07N,0.013,8.0,426237.9732284433,1067249.3626412118,0.9965344150944342
SN07N,0.013,8.5,440260.9921437313,1104166.895854126,0.9983112860485283
SN07N,0.013,9.0,452262.23775184987,1135101.2267803403,0.9991106644812313
SN07N,0.013,9.5,461898.0413434662,1159924.093060217,0.9997086217903597
SN07N,0.013,10.0,471847.4796716647,1181529.9953725063,0.9966077796164508
SN07S,0.014,1.0,57315.96683337918,121384.79480898764,0.8147216645567551
SN07S,0.014,1.5,115708.42107961811,248619.4145002617,0.8304251799321307
SN07S,0.014,2.0,189155.3244420504,409977.7266792394,0.8398542310233198
SN07S,0.014,2.5,281629.9791570618,615134.327464054,0.8482277009894513
SN07S,0.014,3.0,387464.16007174057,857032.7072837703,0.8619146484151599
SN07S,0.014,3.5,484568.9491400247,1078035.5326971277,0.8681937357625934
SN07S,0.014,4.0,575315.4970134575,1279754.9495720244,0.8680518633072389
SN07S,0.014,4.5,665428.2837453972,1473766.7334523706,0.8633187319342024
SN07S,0.014,5.0,741349.5302688591,1636159.697384564,0.8595066850055487
SN07S,0.014,5.5,797885.6303371508,1755626.645005092,0.8562287995889382
SN07S,0.014,6.0,842096.7637949988,1849947.1142574125,0.8544932868706835
SN07S,0.014,6.5,877816.4019096559,1926737.4651918963,0.8535471273441165
SN07S,0.014,7.0,906565.8793593998,1987085.1951678903,0.8520427956479116
SN07S,0.014,7.5,931627.997698126,2040330.1355703352,0.8511447811272159
SN07S,0.014,8.0,955307.5246019488,2088518.0851088285,0.8492376044230411
SN07S,0.014,8.5,979525.1539039568,2144515.8025267995,0.8507841444937645
SN07S,0.014,9.0,994237.5460617392,2175042.846623897,0.8499441424130295
SN07S,0.014,9.5,1005223.6353310252,2198748.108940184,0.8497819688785773
SN07S,0.014,10.0,1013360.9654544598,2217542.4791832864,0.8502694415309248
SN07al,0.012,1.0,29293.60308372296,77537.68276080093,1.0568500626995723
SN07al,0.012,1.5,63365.96515791353,168809.84223770368,1.0638542744860415
SN07al,0.012,2.0,84442.20633069985,224946.6069774344,1.063799686587112
SN07al,0.012,2.5,97300.07421552308,260213.6426532363,1.0680422269379046
SN07al,0.012,3.0,140497.98827534,333999.4587187558,0.9401891429130226
SN07al,0.012,3.5,309970.5391537044,697910.313010067,0.881197993085554
SN07al,0.012,4.0,315591.355810278,712204.7745071624,0.8836994540263698
SN07al,0.012,4.5,319004.5628189027,720828.4331095051,0.8850875353170601
SN07al,0.012,5.0,312930.0496281735,728125.7318681498,0.9168977755870509
SN07al,0.012,5.5,315907.6698763005,736755.946480468,0.9194086989847312
SN07al,0.012,6.0,320290.22174086067,748900.6292473224,0.9222012884109931
SN07al,0.012,6.5,552130.431776489,1510557.7827054395,1.092739144980439
SN07al,0.012,7.0,1221567.4128954078,2954269.252538264,0.9588315892087586
SN07al,0.012,7.5,1230302.012719926,3085148.8111246717,0.998160956074247
SN07al,0.012,8.0,1232301.9264054012,3095727.073595099,1.0001138447608235
SN07al,0.012,8.5,1233419.0162737437,3101462.5010204567,1.0011397367522379
SN07al,0.012,9.0,1246036.1630318246,3145234.7813398694,1.0053060570850687
SN07al,0.012,9.5,1249104.945916735,3156633.668001656,1.0065631408012636
SN07al,0.012,10.0,1249557.812012696,3159577.605103087,1.0071816823140247
SN07as,0.018,1.0,3868.6414118308257,8727.761798691801,0.883361021027793
SN07as,0.018,1.5,9416.490996404182,20978.33279105012,0.8697046877460759
SN07as,0.018,2.0,17707.752130502337,39663.89652036358,0.8755798555125254
SN07as,0.018,2.5,30776.38040995785,68261.3004866361,0.8648925415402513
SN07as,0.018,3.0,47566.99814882861,104441.248794652,0.8539157777755123
SN07as,0.018,3.5,69026.55389321389,150449.23213523545,0.8459344586751589
SN07as,0.018,4.0,94292.45103032916,205727.1614130577,0.8470367722758152
SN07as,0.018,4.5,125196.57093450234,275593.89974807453,0.8566929157857208
SN07as,0.018,5.0,165860.42304385683,375259.6181233468,0.8864726587986617
SN07as,0.018,5.5,220703.13691056744,524178.6063677018,0.9391769647314081
SN07as,0.018,6.0,267834.0348059254,641198.0057991537,0.9478159978859074
SN07as,0.018,6.5,304021.0757704582,723742.0311353294,0.9417002587103384
SN07as,0.018,7.0,341535.7467886799,811165.3179665552,0.939183020018943
SN07as,0.018,7.5,384189.51040215895,909140.1816141764,0.9352133745075931
SN07as,0.018,8.0,418954.0872379166,986065.367828424,0.9293481857209619
SN07as,0.018,8.5,453268.5970609686,1057322.1046909848,0.919629200206269
SN07as,0.018,9.0,522627.8432533627,1237317.2642449453,0.9357213235150903
SN07as,0.018,9.5,553558.7945025446,1298507.8344326948,0.9257020484167511
SN07as,0.018,10.0,569555.9844712609,1331126.3734268171,0.9217071716899745
SN07ba,0.039,1.0,1132.420998057357,3261.771937357056,1.1486141955710596
SN07ba,0.039,1.5,2567.04811456081,7687.906632607036,1.1909352287975719
SN07ba,0.039,2.0,4685.027316537616,14006.170081122596,1.1890181709547583
SN07ba,0.039,2.5,7486.1408641087555,22384.96707504131,1.189246162784551
SN07ba,0.039,3.0,11028.575019244669,32718.502151597357,1.1806850294892268
SN07ba,0.039,3.5,15438.112117454148,45771.31969075378,1.1799981092082437
SN07ba,0.039,4.0,21144.537858283707,62066.82980675049,1.1691534148581577
SN07ba,0.039,4.5,28037.54128238012,82508.1986294126,1.1718929484618636
SN07ba,0.039,5.0,36754.1801362687,108914.84649475211,1.1794508604758562
SN07ba,0.039,5.5,48104.15917825086,144068.16482094937,1.1909634902822932
SN07ba,0.039,6.0,62888.87229426287,190062.0738542665,1.200804141474142
SN07ba,0.039,6.5,81003.66661279475,246129.11485219304,1.2066457807299975
SN07ba,0.039,7.0,101875.10797716946,310465.6945171295,1.209863842333307
SN07ba,0.039,7.5,126123.7187774499,384862.1170844251,1.2112709925744694
SN07ba,0.039,8.0,155180.32857942636,474386.297762876,1.2132386730193765
SN07ba,0.039,8.5,192658.38557371087,588494.8147333469,1.2123868097660198
SN07ba,0.039,9.0,243257.3925039102,746449.4942866334,1.2173359523763274
SN07ba,0.039,9.5,306677.72797817586,957231.8042717492,1.2358372065020946
SN07ba,0.039,10.0,365157.7444051337,1140900.0964975532,1.2369177527632644
SN07bc,0.021,1.0,1711.6904442054288,4604.19542318139,1.074321306615273
SN07bc,0.021,1.5,3619.753978647914,10041.91825693524,1.1078440691912936
SN07bc,0.021,2.0,6261.443520558815,17904.951136645097,1.1407466815686078
SN07bc,0.021,2.5,9820.649151386684,28122.849138940852,1.1422978031634576
SN07bc,0.021,3.0,14717.30019044721,41804.39916834999,1.1334845940412999
SN07bc,0.021,3.5,20417.255612957782,57984.41115451021,1.1332847130260193
SN07bc,0.021,4.0,27037.79903319212,76458.52731320355,1.1286364825412991
SN07bc,0.021,4.5,34604.253851713554,97743.58733745608,1.1273969624284295
SN07bc,0.021,5.0,43526.20272677835,122047.51385561597,1.1194453916180849
SN07bc,0.021,5.5,53578.03712256342,148996.08089614668,1.1104701158200017
SN07bc,0.021,6.0,65004.61619358617,179317.05069918462,1.1016934720071465
SN07bc,0.021,6.5,77375.41077663157,213379.1722095976,1.1013726458213369
SN07bc,0.021,7.0,90887.64943396005,250586.35405847649,1.1011313640998082
SN07bc,0.021,7.5,104968.08410784944,291035.0173500827,1.1072199399890417
SN07bc,0.021,8.0,120866.99993044048,336347.2550093847,1.1112003629152727
SN07bc,0.021,8.5,138713.21672726615,387746.92082586326,1.1160762866142562
SN07bc,0.021,9.0,159905.34121041378,449298.83754169807,1.1216808113048413
SN07bc,0.021,9.5,186577.34760830796,529501.8986366413,1.1325215171574734
SN07bc,0.021,10.0,221705.91614248668,628049.152515051,1.1305408791315499
SN07bd,0.031,1.0,8899.315652171988,22333.655925245617,0.9990080247900829
SN07bd,0.031,1.5,19680.19186419861,50191.65253827933,1.0165054169419157
SN07bd,0.031,2.0,35185.65848227252,89367.26135770159,1.012031915555173
SN07bd,0.031,2.5,55585.91233253847,142333.94007827825,1.0208593337329643
SN07bd,0.031,3.0,80388.33733905367,207133.8437369256,1.0276450451356436
SN07bd,0.031,3.5,108434.10197401876,283200.0820220369,1.0423187192720889
SN07bd,0.031,4.0,140864.7761213449,372580.605763091,1.056044587744317
SN07bd,0.031,4.5,179447.74628548647,481732.7813750981,1.0721704806155405
SN07bd,0.031,5.0,228252.9817229485,621126.6118068008,1.0869091930052206
SN07bd,0.031,5.5,285285.02438535745,785735.5116092068,1.099993517698218
SN07bd,0.031,6.0,336363.1042423845,927480.5350475224,1.1012411300511775
SN07bd,0.031,6.5,379828.14956317295,1044832.1897813736,1.0986484909973067
SN07bd,0.031,7.0,418846.6344409701,1150281.1976667412,1.09687247707021
SN07bd,0.031,7.5,456439.5084603407,1249945.5825994185,1.093769692623142
SN07bd,0.031,8.0,493754.1073354146,1346399.6637607892,1.0891581828637211
SN07bd,0.031,8.5,530699.4205105571,1441139.937826798,1.0846438509837588
SN07bd,0.031,9.0,567451.6713716199,1534860.0195966011,1.0803497352766773
SN07bd,0.031,9.5,603489.6065253491,1626958.41592398,1.0767666445564033
SN07bd,0.031,10.0,639017.5629758872,1715015.5562920722,1.0718881727670675
SN07bm,0.006,1.0,620834.3902685149,1750340.2380340311,1.1253667767561093
SN07bm,0.006,1.5,1388314.7555013115,3829880.944078649,1.1017433353824768
SN07bm,0.006,2.0,2388354.871717082,6350990.741955006,1.061856557797798
SN07bm,0.006,2.5,3175949.843942994,8402998.239829551,1.0564015933508852
SN07bm,0.006,3.0,3862865.517611558,10214821.010584911,1.055802930718043
SN07bm,0.006,3.5,4501012.411539082,11881168.364910029,1.0538723492268751
SN07bm,0.006,4.0,5143434.107130603,13482662.5853491,1.0463062141265012
SN07bm,0.006,4.5,5769019.130662896,14984237.748002855,1.0363316901165516
SN07bm,0.006,5.0,6427725.153966545,16467405.536019742,1.0214197063302648
SN07bm,0.006,5.5,7117869.731847797,17985621.388201036,1.0064385286334347
SN07bm,0.006,6.0,7698225.507483609,19252479.53636687,0.9952401038123773
SN07bm,0.006,6.5,8261220.24705896,20407151.838711128,0.9818454877103567
SN07bm,0.006,7.0,8705598.370778572,21307203.73822915,0.9718195782757505
SN07bm,0.006,7.5,9025619.734354569,21950584.005866505,0.9649226184661254
SN07bm,0.006,8.0,9277654.940309707,22427984.87628773,0.9583800965247711
SN07bm,0.006,8.5,9523097.998280926,22863318.15566078,0.9509025158409369
SN07bm,0.006,9.0,9747782.31279282,23249110.565741096,0.9437513022533617
SN07bm,0.006,9.5,9952785.288364025,23596513.993862,0.9372580313605845
SN07bm,0.006,10.0,10215954.727807363,24101238.949063603,0.9319010220730582
SN07ca,0.014,1.0,26324.686539879855,50915.99885847761,0.716227648832035
SN07ca,0.014,1.5,55822.46434834864,107023.60149275912,0.70667639119947
SN07ca,0.014,2.0,87963.99182952139,170313.39591685432,0.7173596974754899
SN07ca,0.014,2.5,119873.28606803068,232784.00804185405,0.7205768269945825
SN07ca,0.014,3.0,152649.01130711666,297413.6354902698,0.7241671998333593
SN07ca,0.014,3.5,189189.41273920736,369548.3569497276,0.7269361164548281
SN07ca,0.014,4.0,227062.83703078143,444461.2889687514,0.7292197039559085
SN07ca,0.014,4.5,264827.0708290351,520897.4187663778,0.7344745709917553
SN07ca,0.014,5.0,302846.55032956286,596378.3384897528,0.735748074176424
SN07ca,0.014,5.5,341395.5593406943,675015.1414024804,0.7401391172581615
SN07ca,0.014,6.0,380140.46866867895,754513.7273055677,0.744307599350527
SN07ca,0.014,6.5,417390.6233406481,831350.9667037801,0.7481042942218135
SN07ca,0.014,7.0,453380.1219909361,909569.0672885148,0.7559330185314803
SN07ca,0.014,7.5,490293.1539750585,991000.6869292272,0.7640453158600582
SN07ca,0.014,8.0,529655.0713806578,1078904.2436613352,0.772474415901103
SN07ca,0.014,8.5,565173.0145937322,1156996.1214163709,0.7778762143268017
SN07ca,0.014,9.0,599173.204503959,1231720.874722726,0.7823997965089287
SN07ca,0.014,9.5,631566.9187880353,1300076.6075066023,0.7838739256491343
SN07ca,0.014,10.0,663095.8160373577,1367587.442031149,0.7859470414195862
SN07cg,0.033,1.0,9382.616561295095,23871.91346404785,1.01390815766383
SN07cg,0.033,1.5,22340.19463600685,58656.18777901115,1.0480672027088862
SN07cg,0.033,2.0,46585.99082068868,123278.8469653732,1.0565830674250836
SN07cg,0.033,2.5,74394.54724380751,194629.97693089064,1.0441715652910801
SN07cg,0.033,3.0,100750.85469055476,263302.7664446847,1.0430167077368493
SN07cg,0.033,3.5,127078.29203316812,328512.2775661972,1.0312005900751957
SN07cg,0.033,4.0,150641.8947167874,390116.7678463239,1.0331221198844656
SN07cg,0.033,4.5,173659.27062233668,449099.94019211456,1.0316125614866858
SN07cg,0.033,5.0,196044.1981080604,504882.6895149807,1.0270912167564934
SN07cg,0.033,5.5,214366.36556475423,551742.1312913025,1.0264487582734139
SN07cg,0.033,6.0,228246.08034065945,588467.7510935168,1.0282983492443556
SN07cg,0.033,6.5,238976.24292178647,617654.4158485688,1.030977054107156
SN07cg,0.033,7.0,247343.90905971517,640152.3876275677,1.0324553737295052
SN07cg,0.033,7.5,253872.15909731228,658067.9518961202,1.0341391612143687
SN07cg,0.033,8.0,259394.3626189762,673426.5021879278,1.0358241758186644
SN07cg,0.033,8.5,264042.26286906574,686712.5438067196,1.0377538361143088
SN07cg,0.033,9.0,268219.6939572926,698094.0331704409,1.0385581583282035
SN07cg,0.033,9.5,272029.9207704924,707765.0304369547,1.038181064976392
SN07cg,0.033,10.0,275666.015420631,716439.8913341193,1.0369913262660666
SN07hj,0.014,1.0,11170.768083019017,31071.576816184945,1.1107006445989258
SN07hj,0.014,1.5,24723.5943670274,66624.24419091507,1.0763017140985194
SN07hj,0.014,2.0,41718.65724035068,112676.7936302026,1.0787603957726823
SN07hj,0.014,2.5,62596.05258123735,170839.20196312634,1.0901014684039854
SN07hj,0.014,3.0,90090.59320929724,249637.9441637999,1.106577877032687
SN07hj,0.014,3.5,131002.27354167688,368099.809027283,1.121716898097678
SN07hj,0.014,4.0,196375.12330623664,560930.390345774,1.1395562482681711
SN07hj,0.014,4.5,305144.5057933271,871822.2641951335,1.1398060021459047
SN07hj,0.014,5.0,401100.3747795357,1110453.2325772522,1.1056180122811525
SN07hj,0.014,5.5,461724.768766249,1260927.041576978,1.0907669653538985
SN07hj,0.014,6.0,500927.64139397873,1360802.8943561397,1.0850505685688425
SN07hj,0.014,6.5,529187.4384672649,1434687.8058074294,1.0828697010004544
SN07hj,0.014,7.0,550962.628544249,1494933.2825883946,1.083749172577534
SN07hj,0.014,7.5,568912.5571247094,1541210.1547156095,1.082040855348764
SN07hj,0.014,8.0,583916.7857428209,1581430.5088114685,1.0817478822530697
SN07hj,0.014,8.5,598814.0570972334,1618089.045637648,1.0792760773522696
SN07hj,0.014,9.0,611223.3439591404,1651178.420391737,1.0789851788827385
SN07hj,0.014,9.5,623124.8374130236,1683943.8840113084,1.0793813814352406
SN07hj,0.014,10.0,633143.5844148896,1710880.4651001182,1.079293642437476
SN07hx,0.0798,1.0,482.9839232659034,670.3288410685497,0.3558880761951646
SN07hx,0.0798,1.5,1083.3550039197394,1471.4652914142553,0.33244807221124295
SN07hx,0.0798,2.0,1821.082116970961,2634.7298670997648,0.40101641245071473
SN07hx,0.0798,2.5,2734.4142548540462,3918.26917581948,0.3905748956774669
SN07hx,0.0798,3.0,3711.387358178664,5279.884896690026,0.3827204268966145
SN07hx,0.0798,3.5,4756.6808478851135,6779.628373328674,0.38475468852741396
SN07hx,0.0798,4.0,5862.164232614019,8417.782863505643,0.39284934401535965
SN07hx,0.0798,4.5,6951.611873595447,10083.339599860848,0.40379719458488145
SN07hx,0.0798,5.0,8052.757915988544,11508.144952005756,0.3876517000823988
SN07hx,0.0798,5.5,9314.413947254176,13306.754177955314,0.3872914981652038
SN07hx,0.0798,6.0,10272.665973407553,14544.682003264115,0.3775526592933015
SN07hx,0.0798,6.5,11271.859863050828,15964.23326583136,0.3778812104671875
SN07hx,0.0798,7.0,12247.260443763833,17042.27869543463,0.3587217742651042
SN07hx,0.0798,7.5,13060.825591603932,18208.92962822908,0.3607844684542634
SN07hx,0.0798,8.0,13813.58328462455,19139.879058478924,0.35408209686210124
SN07hx,0.0798,8.5,14672.757442603976,19983.915020048706,0.3354220900368993
SN07hx,0.0798,9.0,15526.860516139335,20963.895384874097,0.32597083053016007
SN07hx,0.0798,9.5,16408.66705480877,21702.693865014804,0.3036008536135847
SN07hx,0.0798,10.0,17197.931524426625,22915.03217585357,0.31161063992043664
SN07jd,0.0727,1.0,642.5917428257465,,
SN07jd,0.0727,1.5,1412.031747538142,,
SN07jd,0.0727,2.0,2511.063105846836,,
SN07jd,0.0727,2.5,3957.8813399999926,,
SN07jd,0.0727,3.0,5657.504685590791,,
SN07jd,0.0727,3.5,7630.408378554739,,
SN07jd,0.0727,4.0,9951.501710657954,,
SN07jd,0.0727,4.5,12584.187761661891,,
SN07jd,0.0727,5.0,15694.462373353244,,
SN07jd,0.0727,5.5,19052.14930283506,,
SN07jd,0.0727,6.0,22661.46698209764,,
SN07jd,0.0727,6.5,26239.67734781737,,
SN07jd,0.0727,7.0,29862.20552578593,,
SN07jd,0.0727,7.5,33469.18642865709,,
SN07jd,0.0727,8.0,36731.79860804824,,
SN07jd,0.0727,8.5,39894.664622705925,,
SN07jd,0.0727,9.0,42763.14441167741,,
SN07jd,0.0727,9.5,45529.830624920185,,
SN07jd,0.0727,10.0,47736.74301025904,,
SN07jg,0.037,1.0,165.9938533412097,680.8222789645913,1.5323543808387088
SN07jg,0.037,1.5,586.4042145883238,1567.7182499803157,1.067677327618857
SN07jg,0.037,2.0,944.8537282198488,2959.26424292939,1.2395479137289183
SN07jg,0.037,2.5,1752.457057873861,4490.494596223766,1.021616983166095
SN07jg,0.037,3.0,2156.200566943829,6605.332207872149,1.2155137724107545
SN07jg,0.037,3.5,2911.2595394425844,8768.85556218791,1.1971549798984076
SN07jg,0.037,4.0,3647.209958898406,11462.131422248143,1.243261546536842
SN07jg,0.037,4.5,4635.839112518967,14630.731831351071,1.2478442371083112
SN07jg,0.037,5.0,6112.054309600982,18581.99313987428,1.207262727079166
SN07jg,0.037,5.5,7823.483227969364,23748.224962098964,1.2055774959977767
SN07jg,0.037,6.0,10859.919734710087,30470.47164217236,1.1201314029088285
SN07jg,0.037,6.5,13983.120552064702,38067.6196245097,1.087379048286265
SN07jg,0.037,7.0,16580.96329585893,45132.02155559524,1.0871875723993334
SN07jg,0.037,7.5,18409.930891695836,50809.52769587088,1.1022324992068482
SN07jg,0.037,8.0,19595.93648241562,55176.91726969398,1.1239785243515479
SN07jg,0.037,8.5,20500.45851621546,59248.85009704495,1.1522908782745622
SN07jg,0.037,9.0,21606.01100355884,62754.11443842497,1.1576690310699174
SN07jg,0.037,9.5,22143.59435997552,66002.22796568308,1.1857761965556082
SN07jg,0.037,10.0,22382.328578651457,68747.6397507062,1.2183813137875097
SN07jh,0.04077,1.0,3330.249786952663,10366.450259842117,1.232883147534648
SN07jh,0.04077,1.5,7820.366474418567,24330.595798500173,1.2323140966406592
SN07jh,0.04077,2.0,14818.431871374196,46037.61245291108,1.2307763622213121
SN07jh,0.04077,2.5,25038.50587946348,78455.23968485207,1.240033859597446
SN07jh,0.04077,3.0,40415.96960638953,127389.14432728894,1.2464485454740502
SN07jh,0.04077,3.5,65017.24553710758,205956.5990763119,1.2518678629338424
SN07jh,0.04077,4.0,106141.83164502462,342513.0094653509,1.2719762347297439
SN07jh,0.04077,4.5,164927.92980679095,543591.8215935512,1.2949467659894898
SN07jh,0.04077,5.0,218283.3308930868,720362.9093673071,1.2963269278482923
SN07jh,0.04077,5.5,256407.14695005305,843629.4983536595,1.293054076445253
SN07jh,0.04077,6.0,285102.4384680232,936161.040243608,1.290874078800738
SN07jh,0.04077,6.5,308021.0436280471,1010403.2681315718,1.2897858856889275
SN07jh,0.04077,7.0,327349.6739793171,1072796.959365954,1.2887640529881002
SN07jh,0.04077,7.5,344326.16925825656,1126754.083676397,1.2871477745514157
SN07jh,0.04077,8.0,359535.0526586557,1174341.6981454864,1.2851331096876908
SN07jh,0.04077,8.5,373081.7547147504,1216958.7529018326,1.28367961992335
SN07jh,0.04077,9.0,384952.00105784857,1254817.2861627962,1.282934778294071
SN07jh,0.04077,9.5,395706.2570811722,1288562.7703938475,1.2818316545702424
SN07jh,0.04077,10.0,405020.9309694592,1318665.3193555358,1.2816427922318232
SN07le,0.007,1.0,266827.9335175097,674073.828260466,1.0061904316904626
SN07le,0.007,1.5,599687.2383031223,1503958.3154386685,0.9982774809401365
SN07le,0.007,2.0,1061121.1767221033,2616514.592243033,0.9798954483177192
SN07le,0.007,2.5,1623616.1028427505,3985405.955718986,0.974973038794401
SN07le,0.007,3.0,2284804.19183469,5536000.049436823,0.9608677461206123
SN07le,0.007,3.5,2884723.4892776813,6949430.521434689,0.9546125661514332
SN07le,0.007,4.0,3433689.0794243123,8238766.684349968,0.9502530922598589
SN07le,0.007,4.5,3928943.488139815,9394934.186723763,0.9465448998498918
SN07le,0.007,5.0,4456678.306539264,10579228.717803594,0.9386067991073841
SN07le,0.007,5.5,4843097.834998468,11470789.909955168,0.9361752083905521
SN07le,0.007,6.0,5227112.6378773935,12324001.78894098,0.9312247349344333
SN07le,0.007,6.5,5644759.53637486,13192072.557978217,0.9216689634091557
SN07le,0.007,7.0,6027570.950923964,13984882.078024572,0.9137911937978339
SN07le,0.007,7.5,6354307.301335223,14674487.280674752,0.9087368054737375
SN07le,0.007,8.0,6666933.192993932,15315012.670322113,0.9029781430158511
SN07le,0.007,8.5,6949085.491413956,15896570.868935036,0.8984394897219448
SN07le,0.007,9.0,7249642.735080577,16495664.466042276,0.8926330231121583
SN07le,0.007,9.5,7515622.267002096,17040476.678759955,0.8887919869958082
SN07le,0.007,10.0,7769546.304205985,17559722.86617793,0.8853049953369847
SN07nq,0.045,1.0,292.6188890466643,1121.5636382219416,1.458803909043362
SN07nq,0.045,1.5,632.1328770638977,2524.04503729342,1.503221803579136
SN07nq,0.045,2.0,1123.539505159265,4466.431804516817,1.4984308999280314
SN07nq,0.045,2.5,1763.7216224153926,6943.877227753725,1.4879299860919157
SN07nq,0.045,3.0,2569.176329097707,10095.52920098723,1.4858379432103295
SN07nq,0.045,3.5,3590.998062918039,13891.635911021538,1.4688455535280713
SN07nq,0.045,4.0,4846.192381247969,18176.304514730364,1.4352623487264673
SN07nq,0.045,4.5,6183.206050429102,23124.67747931651,1.432154912686081
SN07nq,0.045,5.0,7844.654875864411,28865.254945947483,1.4145038900573934
SN07nq,0.045,5.5,9685.36312527226,35452.15260786371,1.4088167552606576
SN07nq,0.045,6.0,12111.302951611817,42946.74281690019,1.3743484095016192
SN07nq,0.045,6.5,14511.570986797266,51150.81320104884,1.367845279832653
SN07nq,0.045,7.0,17299.191716306646,60363.27749423658,1.356867501363771
SN07nq,0.045,7.5,20217.74254914941,70166.06954391392,1.3509862189621473
SN07nq,0.045,8.0,23332.87293662526,81139.67241306562,1.3531625849116835
SN07nq,0.045,8.5,26804.065092622357,93337.6362058104,1.3546403354050696
SN07nq,0.045,9.0,31148.91406351469,106550.74493613192,1.335283949531214
SN07nq,0.045,9.5,35498.886022889405,121526.90831779044,1.3361443115486669
SN07nq,0.045,10.0,40266.38893661814,137879.17518887753,1.3363899815716176
SN07ol,0.056,1.0,7235.971054211338,,
SN07ol,0.056,1.5,17436.40505763481,,
SN07ol,0.056,2.0,30400.98816825529,,
SN07ol,0.056,2.5,42491.90808365549,,
SN07ol,0.056,3.0,52099.472741168334,,
SN07ol,0.056,3.5,59489.10750220564,,
SN07ol,0.056,4.0,65719.14305265492,,
SN07ol,0.056,4.5,71166.3302582745,,
SN07ol,0.056,5.0,75770.38610076309,,
SN07ol,0.056,5.5,79737.21221132696,,
SN07ol,0.056,6.0,83331.64679430818,,
SN07ol,0.056,6.5,86901.30768469213,,
SN07ol,0.056,7.0,89708.78185393414,,
SN07ol,0.056,7.5,92144.91079970612,,
SN07ol,0.056,8.0,94307.70152994937,,
SN07ol,0.056,8.5,96279.41211741406,,
SN07ol,0.056,9.0,97921.80220299977,,
SN07ol,0.056,9.5,99462.40545901105,,
SN07ol,0.056,10.0,100747.63291503712,,
SN07on,0.006,1.0,38955.73271713901,110991.39573743269,1.1367948384259827
SN07on,0.006,1.5,79833.44497134429,232441.22668840195,1.1603207209533541
SN07on,0.006,2.0,139029.27621552578,405555.234899955,1.162359374503459
SN07on,0.006,2.5,221156.5928009139,644217.2072987882,1.1608310758979328
SN07on,0.006,3.0,330471.19386213017,957624.1661383692,1.1551537194954584
SN07on,0.006,3.5,473840.5649288148,1360042.4397859676,1.1448005580477454
SN07on,0.006,4.0,659849.5945737036,1886917.9148373147,1.1407701339977947
SN07on,0.006,4.5,908442.1251000008,2581839.028021161,1.1340797422866344
SN07on,0.006,5.0,1241254.1301017113,3509930.316703503,1.1285944696547192
SN07on,0.006,5.5,1693730.1578970903,4774504.166984659,1.1252101405902357
SN07on,0.006,6.0,2307609.674373822,6468469.211878459,1.1190979108786763
SN07on,0.006,6.5,3181421.7310147667,8873559.210326938,1.1136915207836304
SN07on,0.006,7.0,4407006.038533554,12275420.671099758,1.1122318461707132
SN07on,0.006,7.5,6352541.333021483,17450423.949085012,1.0971462072540024
SN07on,0.006,8.0,8929359.830517026,25198656.287336364,1.126392646155135
SN07on,0.006,8.5,12955733.6888345,38628370.73777004,1.1861109465328088
SN07on,0.006,9.0,18694825.08523849,54172318.35724257,1.1551400398249796
SN07on,0.006,9.5,21382624.33471237,64045521.93077914,1.1910694080121165
SN07on,0.006,10.0,22945955.06658373,70007285.11186573,1.2110927430044447
SN07so,0.03,1.0,5622.928385128574,18032.349195231604,1.2652243914845396
SN07so,0.03,1.5,12932.919390767562,41422.139454053,1.2638398894311862
SN07so,0.03,2.0,23960.986840726466,76698.41631512786,1.2632042399979193
SN07so,0.03,2.5,39438.35735239622,127966.747811153,1.2779457873664475
SN07so,0.03,3.0,61322.97009625754,201281.84648030644,1.290453566660362
SN07so,0.03,3.5,92869.11690273831,307748.41601079,1.3008112761127564
SN07so,0.03,4.0,140080.46184710393,469749.3804535843,1.313721627588079
SN07so,0.03,4.5,212286.37719785149,727647.1352467663,1.337496745672245
SN07so,0.03,5.0,301929.1880653595,1039065.3239159904,1.3418443812549132
SN07so,0.03,5.5,375042.3115871956,1275181.8557679316,1.3287296445800605
SN07so,0.03,6.0,428728.0693392513,1444994.5396612613,1.319210719413161
SN07so,0.03,6.5,470824.5701028935,1577347.8471177549,1.3126708970793532
SN07so,0.03,7.0,505504.3210136718,1685785.335428728,1.3076934983719326
SN07so,0.03,7.5,534846.5369807705,1777506.8463345382,1.3039552349297208
SN07so,0.03,8.0,560713.6316641807,1857385.1182751693,1.3004021177384808
SN07so,0.03,8.5,583620.6125184121,1927556.0605000376,1.297190989369541
SN07so,0.03,9.0,604052.1293401887,1991022.604696293,1.2950044278518238
SN07so,0.03,9.5,622674.8587511885,2047698.335288808,1.2925116157738916
SN07so,0.03,10.0,640152.3388871085,2100011.9257873977,1.2898460611902194
SN07st,0.021,1.0,112168.8480809265,,
SN07st,0.021,1.5,236603.30004545985,,
SN07st,0.021,2.0,426483.9439885149,,
SN07st,0.021,2.5,709831.8862732986,,
SN07st,0.021,3.0,1010702.6832002288,,
SN07st,0.021,3.5,1253882.2269931757,,
SN07st,0.021,4.0,1462327.862881129,,
SN07st,0.021,4.5,1652427.606098041,,
SN07st,0.021,5.0,1833265.27475527,,
SN07st,0.021,5.5,2009089.798625951,,
SN07st,0.021,6.0,2183033.032419121,,
SN07st,0.021,6.5,2349062.042277468,,
SN07st,0.021,7.0,2505367.9936439493,,
SN07st,0.021,7.5,2656866.202581745,,
SN07st,0.021,8.0,2807602.95374497,,
SN07st,0.021,8.5,2958497.969523392,,
SN07st,0.021,9.0,3108157.0621333034,,
SN07st,0.021,9.5,3256966.2266755844,,
SN07st,0.021,10.0,3400907.167199591,,
SN07ux,0.031,1.0,2553.0768933744607,6484.587634171318,1.0120461718320264
SN07ux,0.031,1.5,6026.447601135854,15606.985000789298,1.0331440704758112
SN07ux,0.031,2.0,11641.199640583798,30456.57539625672,1.0442083287556778
SN07ux,0.031,2.5,20494.87778637309,53068.87508408661,1.0329863723966823
SN07ux,0.031,3.0,34316.11093881068,87795.80291197983,1.0199392293544283
SN07ux,0.031,3.5,54629.16320295481,139598.34199475704,1.018639280184083
SN07ux,0.031,4.0,83382.1250545525,216026.5723998767,1.0335855392206201
SN07ux,0.031,4.5,121969.74692336824,323484.2906662974,1.059002680561607
SN07ux,0.031,5.0,157959.18294302077,428128.055291928,1.0825720237487044
SN07ux,0.031,5.5,185295.81449823471,506865.39528044127,1.0925675814642302
SN07ux,0.031,6.0,206892.25921548743,568448.1076541784,1.0973664576002933
SN07ux,0.031,6.5,224876.6026040827,619609.6404533597,1.1004347372140941
SN07ux,0.031,7.0,240473.060601455,664235.7835580275,1.103139593098653
SN07ux,0.031,7.5,254299.9638665988,702427.4412436772,1.1031379276064848
SN07ux,0.031,8.0,265280.70987508085,733221.7486589211,1.103824168523141
SN07ux,0.031,8.5,273300.5029863084,757302.5341638731,1.1065724478315764
SN07ux,0.031,9.0,279995.31023192575,775991.3607327382,1.106765322472956
SN07ux,0.031,9.5,285458.0872217449,791478.8377601556,1.1072423899726134
SN07ux,0.031,10.0,289941.5125983737,804203.0814391631,1.1076383314752494
SN08C,0.017,1.0,296395.9938073659,750344.2577600358,1.008470585114378
SN08C,0.017,1.5,542284.034856852,1434361.928592583,1.056079826841283
SN08C,0.017,2.0,769296.4778839482,2038043.1773550052,1.057799091277711
SN08C,0.017,2.5,963306.7210648282,2542939.646264238,1.0539286560435581
SN08C,0.017,3.0,1124497.7019437454,2959063.6501422743,1.0504893369999295
SN08C,0.017,3.5,1252982.0855214654,3290679.6834706985,1.048351870422153
SN08C,0.017,4.0,1372591.6474063012,3596076.4511528574,1.045718910811087
SN08C,0.017,4.5,1462876.981768151,3827399.230452285,1.0442398970810216
SN08C,0.017,5.0,1542410.85458374,4031292.861108489,1.0431106914665946
SN08C,0.017,5.5,1614250.7174882416,4210712.446301395,1.0409614898144492
SN08C,0.017,6.0,1678700.618526712,4373078.8471159255,1.03953514336982
SN08C,0.017,6.5,1736946.4575149124,4521855.305990631,1.0388255751868356
SN08C,0.017,7.0,1789364.4350993366,4653479.179680522,1.0376974349493826
SN08C,0.017,7.5,1839735.850512028,4776444.685407081,1.035873203104206
SN08C,0.017,8.0,1934247.5359196623,4934820.113435704,1.016898184747145
SN08C,0.017,8.5,2647813.966387974,5969296.556803953,0.8825892168249501
SN08C,0.017,9.0,3334054.2886730214,7643730.722095584,0.9008317796651361
SN08C,0.017,9.5,3392566.097676957,7857681.868687507,0.9119153097104672
SN08C,0.017,10.0,3416756.9078869848,7920109.795606372,0.9127928026827878
SN08J,0.016,1.0,187662.880547389,429861.8539857847,0.8998763229486237
SN08J,0.016,1.5,403699.4308190235,919794.633010013,0.8940818351230401
SN08J,0.016,2.0,675190.1160168713,1537778.5739886668,0.8936693235929799
SN08J,0.016,2.5,977989.494028909,2241980.7355919094,0.9007442178073354
SN08J,0.016,3.0,1336772.716737114,3065192.907817727,0.9010005972783148
SN08J,0.016,3.5,1675621.7426223,3826050.820356669,0.8964368681842089
SN08J,0.016,4.0,1985438.1466794205,4510274.711416353,0.8908665820760114
SN08J,0.016,4.5,2268053.191665776,5121665.712730039,0.8843949833077923
SN08J,0.016,5.0,2524848.373039673,5674617.315245243,0.8792531918558146
SN08J,0.016,5.5,2757933.399684596,6173875.932720842,0.8749353087717836
SN08J,0.016,6.0,2975999.9930934934,6636376.6674955925,0.8707452546850157
SN08J,0.016,6.5,3176604.270476116,7051953.417278291,0.8658657985795783
SN08J,0.016,7.0,3356665.8373431163,7418928.109081554,0.8610826354146621
SN08J,0.016,7.5,3524157.2848865204,7754598.583800829,0.8562600964011674
SN08J,0.016,8.0,3692924.231019204,8082783.86879285,0.8504764221878238
SN08J,0.016,8.5,3851001.845826642,8382487.073735694,0.8444979140254258
SN08J,0.016,9.0,3986252.992898549,8639528.05035773,0.8398129017348132
SN08J,0.016,9.5,4106365.852703656,8869088.357272455,0.836053354304723
SN08J,0.016,10.0,4214785.81876918,9072544.960485678,0.832384047395044
SN08O,0.0389,1.0,7697.470226662325,24644.495514238195,1.263429786478329
SN08O,0.0389,1.5,17585.847117728106,56669.03037471544,1.2704562212015544
SN08O,0.0389,2.0,32147.656102064237,103566.41773331516,1.2701741020610258
SN08O,0.0389,2.5,52146.27013447472,167130.0880637849,1.2645784797959536
SN08O,0.0389,3.0,78290.40448257959,250489.1375885151,1.2627009017291815
SN08O,0.0389,3.5,111802.8467958164,357781.7503696474,1.2629133061256235
SN08O,0.0389,4.0,154775.18385139998,494592.13083775016,1.2613646842785937
SN08O,0.0389,4.5,209307.388306231,665874.4652725392,1.256519505844552
SN08O,0.0389,5.0,275783.5789558196,874866.6812103316,1.2534336841942115
SN08O,0.0389,5.5,352764.32541118166,1116618.668583698,1.2510505635648828
SN08O,0.0389,6.0,436544.9615467327,1378788.5657643718,1.2486717326477723
SN08O,0.0389,6.5,520578.4171049838,1642865.1339520302,1.2477893856736497
SN08O,0.0389,7.0,599477.5096748937,1892356.0496398811,1.2480748960067314
SN08O,0.0389,7.5,671092.6730891936,2119894.8447937146,1.2488295536630236
SN08O,0.0389,8.0,735475.6048404927,2325717.727666529,1.2499718279645264
SN08O,0.0389,8.5,793775.1314332059,2511955.496610972,1.2507861308418415
SN08O,0.0389,9.0,847181.3943253079,2683058.718140912,1.2516344198046203
SN08O,0.0389,9.5,896587.4053578426,2840130.9169415645,1.2518643139472554
SN08O,0.0389,10.0,942091.7106083056,2985840.239733204,1.2524334604430822
SN08R,0.013,1.0,49705.98599886479,151563.05152998402,1.2104616187638737
SN08R,0.013,1.5,114311.05468853374,347976.1939081831,1.2086532545014952
SN08R,0.013,2.0,210964.7264106808,640462.0148693427,1.2057088263869031
SN08R,0.013,2.5,346646.5777875254,1051846.1653350417,1.2051632773678327
SN08R,0.013,3.0,538201.8694869246,1632591.438946901,1.204830782026494
SN08R,0.013,3.5,818909.5121501914,2491825.053249199,1.20820408060468
SN08R,0.013,4.0,1254101.6200425236,3843258.4692363674,1.2159171600616117
SN08R,0.013,4.5,1740736.1575665376,5327552.553379592,1.2144869803927165
SN08R,0.013,5.0,2086547.5426652983,6369175.72234656,1.2116373657876058
SN08R,0.013,5.5,2346027.490392552,7148257.926033971,1.2096677942034926
SN08R,0.013,6.0,2562039.945179113,7796353.819389011,1.208264109302653
SN08R,0.013,6.5,3067053.326598848,9020456.782576218,1.1712680075962558
SN08R,0.013,7.0,3256529.809979947,9597739.552686147,1.1735347564557337
SN08R,0.013,7.5,3454732.388377426,10179366.828778286,1.1732658838765044
SN08R,0.013,8.0,3582005.7789258678,10569340.179654269,1.174803984868087
SN08R,0.013,8.5,3685773.3715752778,10893506.343031185,1.1765976563328049
SN08R,0.013,9.0,3779573.175915652,11177339.014737554,1.1772391635729875
SN08R,0.013,9.5,3859392.0433758255,11431825.718237044,1.1789917442993476
SN08R,0.013,10.0,3929685.672528943,11661150.836499715,1.1809589988139486
SN08ae,0.03,1.0,7801.890370195387,13434.06825237385,0.5900192674414384
SN08ae,0.03,1.5,18529.11460758281,31822.112572872866,0.5871858504982693
SN08ae,0.03,2.0,34157.35490194003,59133.98842176466,0.5958823494351514
SN08ae,0.03,2.5,55668.63589175799,96004.12690475395,0.5916983072300007
SN08ae,0.03,3.0,81685.53030983188,139216.7758116503,0.5788660965881351
SN08ae,0.03,3.5,109939.4156352273,187446.42542269628,0.579309346714211
SN08ae,0.03,4.0,141462.3017293204,241356.6949004719,0.5800465746287293
SN08ae,0.03,4.5,176452.45056644353,302276.018680259,0.5844399980578805
SN08ae,0.03,5.0,214774.1248461237,370651.501717464,0.5924595149215417
SN08ae,0.03,5.5,256420.4107281159,447953.9240844723,0.6057018846940603
SN08ae,0.03,6.0,304939.2743315409,540142.2161371508,0.6207368987240285
SN08ae,0.03,6.5,364018.2917339525,653923.3373492855,0.6360090738879031
SN08ae,0.03,7.0,432337.0328583098,788541.1747703722,0.6525048447251368
SN08ae,0.03,7.5,500776.94401130814,923799.3324639844,0.6648332963365434
SN08ae,0.03,8.0,563381.1637317836,1045065.6169143026,0.6708530923957063
SN08ae,0.03,8.5,622001.5047241127,1156314.2381898656,0.6732110950172067
SN08ae,0.03,9.0,678496.8590011683,1262683.7090442115,0.674366839504854
SN08ae,0.03,9.5,735291.3240497605,1366407.9385166017,0.6728023372214873
SN08ae,0.03,10.0,791322.5201302595,1468025.8582270916,0.6709504500223169
SN08ar,0.026,1.0,12541.77576743075,29715.564546756792,0.9365623843266603
SN08ar,0.026,1.5,26311.34193465125,63191.24781217469,0.951284831725667
SN08ar,0.026,2.0,45734.26018573447,110872.23076929344,0.9614528188244591
SN08ar,0.026,2.5,71238.09059036872,175965.7494237091,0.9817896825348932
SN08ar,0.026,3.0,107702.75846882693,267556.5143921384,0.9879717574694823
SN08ar,0.026,3.5,163411.24324342597,403240.3943337575,0.9807052415661349
SN08ar,0.026,4.0,203119.4327765921,506543.86746052816,0.9921639670163623
SN08ar,0.026,4.5,235966.05762200392,591220.2569003653,0.9972494228716067
SN08ar,0.026,5.0,266720.19346673624,667900.2195393853,0.9966392217904023
SN08ar,0.026,5.5,295182.9619188861,737396.6496887902,0.994024684669379
SN08ar,0.026,6.0,321928.7653182734,801684.7426801486,0.9906095860307604
SN08ar,0.026,6.5,347324.91875014734,861571.4116994139,0.9863883429026197
SN08ar,0.026,7.0,369971.43564895465,913634.802260382,0.9815110989381798
SN08ar,0.026,7.5,387297.26345589047,955016.0831853866,0.9799156427673611
SN08ar,0.026,8.0,401517.26690931496,988387.4913429404,0.9780575350418047
SN08ar,0.026,8.5,413879.27320029045,1017595.5683527852,0.9767538229564603
SN08ar,0.026,9.0,424545.2919947389,1043128.4917556398,0.9760344466335313
SN08ar,0.026,9.5,434361.52182507294,1066193.8598844258,0.9749620777107242
SN08ar,0.026,10.0,444050.23582501325,1087880.894081973,0.9728731112007583
SN08bc,0.015,1.0,10248.107988290893,25490.11379975878,0.9893202031912991
SN08bc,0.015,1.5,34838.29345084777,105040.81793922506,1.1982530547248296
SN08bc,0.015,2.0,131396.17434274257,389088.0054658175,1.1786628053716295
SN08bc,0.015,2.5,167424.38171012176,458666.9044351007,1.0941967513263644
SN08bc,0.015,3.0,206888.00682574828,557661.7724995752,1.0765888979708162
SN08bc,0.015,3.5,286676.5165798813,779898.6548609841,1.0866151314779084
SN08bc,0.015,4.0,444991.3661081102,1174487.4639503406,1.0537420023052169
SN08bc,0.015,4.5,578540.0199264521,1567261.2387465034,1.0820199665298986
SN08bc,0.015,5.0,687964.1524136884,1840535.5416259272,1.06844599788553
SN08bc,0.015,5.5,983358.9940651794,2749927.546446595,1.116522892803171
SN08bc,0.015,6.0,1142982.954570135,3175108.034208494,1.1092968828625978
SN08bc,0.015,6.5,1317203.3450580065,3701668.954958939,1.121861879244248
SN08bc,0.015,7.0,1437095.1224014163,3997895.451823567,1.1108647935470164
SN08bc,0.015,7.5,1521377.8536732884,4227139.595913482,1.109523750107893
SN08bc,0.015,8.0,1602746.2483034113,4444295.813733354,1.107345472612916
SN08bc,0.015,8.5,1976438.3486885107,5667522.715190331,1.1437749938818236
SN08bc,0.015,9.0,2228292.675419621,6280448.5182872815,1.1250460681754055
SN08bc,0.015,9.5,2296811.7192959622,6524500.255690033,1.1335546425941077
SN08bc,0.015,10.0,2414146.285641684,6833545.51249671,1.1297062713042236
SN08bd,0.03,1.0,14055.94770061085,42818.04316414927,1.2094167076681543
SN08bd,0.03,1.5,32961.10322558188,100220.84583533894,1.2073908110218714
SN08bd,0.03,2.0,62514.24431099454,190098.89436760303,1.2075015132487297
SN08bd,0.03,2.5,107553.50723535835,325891.8093291976,1.2036221712007869
SN08bd,0.03,3.0,180014.6875957556,543502.913744911,1.1997348389748
SN08bd,0.03,3.5,324807.06056846224,996382.8725988842,1.2170019808536217
SN08bd,0.03,4.0,463335.3689844943,1440572.454869764,1.2315991319815203
SN08bd,0.03,4.5,553177.598977261,1720896.359600112,1.232225327285323
SN08bd,0.03,5.0,623854.0883705111,1941370.5637482004,1.2325635368990504
SN08bd,0.03,5.5,682843.6036825891,2124184.427163955,1.232177437404643
SN08bd,0.03,6.0,733720.4612439335,2281263.368235839,1.2316119909424588
SN08bd,0.03,6.5,778793.6584049998,2419454.127952247,1.2307374649326221
SN08bd,0.03,7.0,819504.1775430306,2543111.950366778,1.2295357672196396
SN08bd,0.03,7.5,855674.2454450296,2654487.8245184026,1.2291806928214908
SN08bd,0.03,8.0,888498.752795107,2756413.4212044342,1.2292188333756788
SN08bd,0.03,8.5,918310.9074438954,2848266.9118455104,1.2289773548619447
SN08bd,0.03,9.0,945981.5835510222,2932126.5094596813,1.2282500570749175
SN08bd,0.03,9.5,971783.103277101,3011136.691554906,1.2279028183405511
SN08bd,0.03,10.0,995578.7768216858,3083356.8765637227,1.2273704103247118
SN08bi,0.013,1.0,245624.1303956836,667217.447100371,1.0849909100325088
SN08bi,0.013,1.5,477829.0255291452,1351738.8066896177,1.1290506368867084
SN08bi,0.013,2.0,644447.0803135458,1825429.015793664,1.1304442226411116
SN08bi,0.013,2.5,780085.9850924502,2205501.7590776263,1.1284123324993773
SN08bi,0.013,3.0,902607.4551556353,2541944.3824265497,1.124167819250187
SN08bi,0.013,3.5,1009738.2363400678,2837572.941940896,1.1218455798984968
SN08bi,0.013,4.0,1106600.1491117235,3103900.027248887,1.119792500822966
SN08bi,0.013,4.5,1199954.899591141,3354265.814080736,1.1160813815646278
SN08bi,0.013,5.0,1291137.4704976513,3600172.1745689283,1.1133769646347087
SN08bi,0.013,5.5,1382270.5554024326,3842131.006296997,1.1099477802587479
SN08bi,0.013,6.0,1471153.972711527,4081531.4633256095,1.107912549543195
SN08bi,0.013,6.5,1563660.92908091,4328384.787061636,1.1054581932404304
SN08bi,0.013,7.0,1664717.249975506,4594651.522273263,1.1022802462146377
SN08bi,0.013,7.5,1773940.9970386715,4878574.031848923,1.0983843226497856
SN08bi,0.013,8.0,1884299.541689828,5162680.755734374,1.0943133198829575
SN08bi,0.013,8.5,1988618.06813169,5436809.1726797065,1.0919817722732807
SN08bi,0.013,9.0,2087256.3960094333,5691682.333798076,1.0891621313694386
SN08bi,0.013,9.5,2180903.9581043804,5933823.285086521,1.0867451694510895
SN08bi,0.013,10.0,2268866.036397775,6166617.370611372,1.0855953697745426
SN08bq,0.034,1.0,4617.92452974632,11251.891584050096,0.96694676980589
SN08bq,0.034,1.5,9611.82352592307,24150.79624325026,1.0003141633660797
SN08bq,0.034,2.0,16329.139518121045,41896.608191259016,1.023038914124002
SN08bq,0.034,2.5,25215.252204532448,64804.14870711027,1.0248487339266565
SN08bq,0.034,3.0,36777.145452049794,93935.56293849574,1.0181300624453917
SN08bq,0.034,3.5,50685.23013153342,128948.247097464,1.0138350501840552
SN08bq,0.034,4.0,66785.98590181691,170296.8122149526,1.016302942563808
SN08bq,0.034,4.5,84537.14374197563,218280.0368947876,1.0299161207312075
SN08bq,0.034,5.0,105092.0147558724,274484.29796820803,1.042369468256552
SN08bq,0.034,5.5,128927.91495286342,339906.0983441881,1.0525299930431127
SN08bq,0.034,6.0,155628.11314637586,415255.2756157099,1.065567766529141
SN08bq,0.034,6.5,185250.63760893917,499641.1259645937,1.0772461673749687
SN08bq,0.034,7.0,218269.60611298203,594790.204676494,1.0884263574810307
SN08bq,0.034,7.5,255954.40364563625,704490.1758615162,1.0992808383360346
SN08bq,0.034,8.0,300233.5817062941,835091.0161566554,1.1106863607568014
SN08bq,0.034,8.5,350638.5434155326,985101.8954097992,1.121553752837772
SN08bq,0.034,9.0,400978.7161327795,1132560.0198781798,1.1273497642657466
SN08bq,0.034,9.5,445960.0108218266,1261844.127249344,1.129274483699951
SN08bq,0.034,10.0,486009.4653621719,1374336.9004356798,1.128621199438235
SN08bt,0.015,1.0,73600.27145773382,207697.877845574,1.1263816075373465
SN08bt,0.015,1.5,152751.2090526094,434515.2479035923,1.1350509119085779
SN08bt,0.015,2.0,249179.30589246663,711555.0863988955,1.1392413893120028
SN08bt,0.015,2.5,351183.4685240748,1005442.5745586316,1.1420580179651627
SN08bt,0.015,3.0,463149.77064653713,1329901.7455964712,1.1452452568511082
SN08bt,0.015,3.5,591842.3311818525,1701055.2949531027,1.1462810163376216
SN08bt,0.015,4.0,737180.9539083125,2130665.841565443,1.1523530932837076
SN08bt,0.015,4.5,914758.0965535736,2669985.2972217565,1.163006519290961
SN08bt,0.015,5.0,1142309.0322295788,3374929.3444367144,1.176202685883068
SN08bt,0.015,5.5,1345475.9675275348,3964064.3189747,1.1731618689613845
SN08bt,0.015,6.0,1492687.0564765574,4380034.076495622,1.1687718059273349
SN08bt,0.015,6.5,1614686.0641475886,4726708.380283636,1.1661767794994742
SN08bt,0.015,7.0,1721830.6198433305,5027260.0749464985,1.1633523159925847
SN08bt,0.015,7.5,1816332.7275543967,5293307.524125442,1.1613292937394961
SN08bt,0.015,8.0,1902857.8609552488,5533049.451464712,1.1588955075298402
SN08bt,0.015,8.5,1978479.6687797168,5744083.071611888,1.157222800907268
SN08bt,0.015,9.0,2048065.1552386603,5939328.11795193,1.1559838743940378
SN08bt,0.015,9.5,2112416.047036599,6116879.3548696255,1.1543761422373724
SN08bt,0.015,10.0,2168074.8264620006,6273520.78638009,1.1535926860802717
SN08bz,0.06,1.0,178.09686611495604,467.9039687349464,1.0487511285249709
SN08bz,0.06,1.5,515.5200140426749,1233.3788396255406,0.9471274066081077
SN08bz,0.06,2.0,1151.9223615524986,2436.820528256062,0.8135008388550148
SN08bz,0.06,2.5,1999.2347112434709,4176.557618993499,0.7998867342682447
SN08bz,0.06,3.0,3235.245310671737,6665.022976068914,0.7847360862210093
SN08bz,0.06,3.5,4790.998273031035,10455.87388611966,0.8473358050861797
SN08bz,0.06,4.0,6994.378291186754,15714.752912336233,0.8788960985692652
SN08bz,0.06,4.5,10091.43058598797,23906.67975619461,0.9364163167606911
SN08bz,0.06,5.0,14409.896497419444,35205.523057230654,0.9698748493098641
SN08bz,0.06,5.5,20215.61183824745,49996.40153417673,0.9831296431727604
SN08bz,0.06,6.0,26992.441870766368,67801.35498736244,0.9999904960182493
SN08bz,0.06,6.5,34968.345131448725,88701.26733545307,1.0106368625599191
SN08bz,0.06,7.0,43186.41828527438,111279.67984074492,1.0276717016416734
SN08bz,0.06,7.5,51208.84754026272,134317.10549785706,1.046965805446714
SN08bz,0.06,8.0,59323.4902278602,158180.70952565913,1.064817062350948
SN08bz,0.06,8.5,67339.54362985972,181194.38068267104,1.0746863903619093
SN08bz,0.06,9.0,75508.53776314745,202006.3767729924,1.0684225474044582
SN08bz,0.06,9.5,82123.65219704348,220193.71518751312,1.0708416601334616
SN08bz,0.06,10.0,87983.27926752377,235896.03305281996,1.070801232219979
SN08cc,0.0104,1.0,456439.1297750298,1098185.9126937746,0.9532324991863527
SN08cc,0.0104,1.5,1350644.7525217638,3436711.970829193,1.01400500008126
SN08cc,0.0104,2.0,2930854.142723774,7483889.473082886,1.017832897785783
SN08cc,0.0104,2.5,4162879.122158492,11159506.698676309,1.0706279919811719
SN08cc,0.0104,3.0,4881007.434260541,13196845.310710505,1.0799016423290393
SN08cc,0.0104,3.5,5411693.119804382,14670892.16801017,1.0828084096786534
SN08cc,0.0104,4.0,5846399.501820236,15862767.453545945,1.0837261722583476
SN08cc,0.0104,4.5,6206633.432719705,16852320.085946307,1.0845090071911765
SN08cc,0.0104,5.0,6509071.585058223,17679733.94325688,1.0848916933519377
SN08cc,0.0104,5.5,6770007.605638526,18393088.04567939,1.0851637329652866
SN08cc,0.0104,6.0,7064602.830484921,19182479.88979535,1.084542501471491
SN08cc,0.0104,6.5,7316944.855066673,19802005.365248237,1.080948479765607
SN08cc,0.0104,7.0,7498029.4207667345,20296978.26599574,1.081210616259916
SN08cc,0.0104,7.5,7654856.780851969,20727601.306133736,1.0815299419819122
SN08cc,0.0104,8.0,7789004.609186388,21097867.220623404,1.0818914848361132
SN08cc,0.0104,8.5,7902922.040306814,21413198.41538969,1.0822346085358436
SN08cc,0.0104,9.0,8000833.286874924,21683231.301942486,1.0824719536712382
SN08cc,0.0104,9.5,8080159.959364812,21902960.494572565,1.082707153616964
SN08cc,0.0104,10.0,8158547.873368523,22125579.731588487,1.0832044814533957
SN08cd,0.007,1.0,1525642.3179302192,3609476.4859569664,0.9349787259113007
SN08cd,0.007,1.5,2483096.2124122344,5707770.960390956,0.9036824752340422
SN08cd,0.007,2.0,3016160.629892832,6977727.383659167,0.910648827486338
SN08cd,0.007,2.5,3380865.153386296,7870230.968384044,0.917399071634064
SN08cd,0.007,3.0,3653606.745642024,8543525.737769846,0.9222883291641876
SN08cd,0.007,3.5,3882078.687006645,9101329.300772749,0.9251012353524295
SN08cd,0.007,4.0,4049356.3514163634,9517047.199515488,0.927790564896888
SN08cd,0.007,4.5,4160693.8123094495,9799959.388662366,0.9301462974036567
SN08cd,0.007,5.0,4236458.617485353,9997377.334669525,0.9322077891466058
SN08cd,0.007,5.5,4288546.460892888,10135518.787935972,0.9338396588980289
SN08cd,0.007,6.0,4325407.818033589,10233329.833474454,0.9349747783631419
SN08cd,0.007,6.5,4349235.176841244,10297472.149043731,0.9357943351232746
SN08cd,0.007,7.0,4365123.388420231,10341333.481542025,0.9364500471847879
SN08cd,0.007,7.5,4377541.812356782,10372388.618699614,0.9366211924948903
SN08cd,0.007,8.0,4386311.537819283,10397531.033779755,0.9370768777053596
SN08cd,0.007,8.5,4391706.357911501,10413324.259709034,0.9373902445669338
SN08cd,0.007,9.0,4398144.21861709,10429955.048078276,0.9375324263847105
SN08cd,0.007,9.5,4408853.630558704,10460425.805073949,0.9380592061849482
SN08cd,0.007,10.0,4467819.079682366,10650960.165399082,0.9432329549781913
SN08cf,0.046,1.0,2702.602396826076,4977.161451085876,0.6629989279940561
SN08cf,0.046,1.5,5890.847795734716,10617.783367826543,0.6396401461266072
SN08cf,0.046,2.0,10481.852213841266,18587.1699550279,0.621938094542819
SN08cf,0.046,2.5,16730.529099096384,29472.41491846609,0.6147651175035647
SN08cf,0.046,3.0,24695.799611259037,43577.32378600251,0.6165936572615948
SN08cf,0.046,3.5,34883.56668842775,62474.986059658026,0.6327132117405893
SN08cf,0.046,4.0,47041.26117104229,84913.5240338241,0.6412447712281893
SN08cf,0.046,4.5,59450.795895528165,107440.80480286456,0.6425289493252051
SN08cf,0.046,5.0,70628.09850552515,127419.05654440826,0.640642177578896
SN08cf,0.046,5.5,80987.0261418743,145922.41078497862,0.6392663603442307
SN08cf,0.046,6.0,90338.28122399493,162541.93672954873,0.6377340169044997
SN08cf,0.046,6.5,97893.171472308,175502.7360134642,0.633828731568508
SN08cf,0.046,7.0,103903.99350361952,185708.7225789861,0.6305001571615122
SN08cf,0.046,7.5,109100.50273097896,194487.97597650543,0.6276650121667455
SN08cf,0.046,8.0,113942.51999184568,202863.41417180005,0.6262947752820509
SN08cf,0.046,8.5,119102.01743338697,211643.08154730772,0.6242123958846447
SN08cf,0.046,9.0,124196.12149635506,221172.512657364,0.626557795734791
SN08cf,0.046,9.5,128878.19962472438,229680.2339190553,0.6273604031484761
SN08cf,0.046,10.0,132469.39381161102,236828.9773758732,0.6307982268745922
SN08fl,0.02,1.0,16686.814344671886,53977.92978589777,1.2746069749683833
SN08fl,0.02,1.5,38163.243922137786,123307.65578246785,1.2733618956097743
SN08fl,0.02,2.0,68948.45118895375,223768.50015974097,1.2781860900867428
SN08fl,0.02,2.5,110156.14529618308,358170.42167232814,1.2802024700037014
SN08fl,0.02,3.0,164269.3541695668,531502.8262927339,1.2748725713666784
SN08fl,0.02,3.5,232970.0658455204,753690.3523491587,1.2747320841774088
SN08fl,0.02,4.0,321971.056705394,1037148.3809731292,1.2700601519780552
SN08fl,0.02,4.5,433572.2886904866,1394914.995480053,1.268715565146834
SN08fl,0.02,5.0,575516.4364139533,1851488.1844500864,1.2686580338466624
SN08fl,0.02,5.5,767840.0715937228,2471877.3544340413,1.2693903643904967
SN08fl,0.02,6.0,1054014.62206989,3407868.96328654,1.2740906287285059
SN08fl,0.02,6.5,1402629.015957147,4509610.462305906,1.2679905263569666
SN08fl,0.02,7.0,1664381.5280446429,5304120.005203332,1.2584011355012834
SN08fl,0.02,7.5,1864381.350512368,5913586.73254797,1.2532905520654813
SN08fl,0.02,8.0,2028759.694981995,6418102.364627602,1.2504400782498766
SN08fl,0.02,8.5,2165503.2976722848,6838289.255641955,1.248471544583184
SN08fl,0.02,9.0,2283088.9703502734,7199464.926487704,1.2469434608463308
SN08fl,0.02,9.5,2385694.877405434,7514885.135383465,1.2457686219191635
SN08fl,0.02,10.0,2475586.890355245,7793088.989602597,1.2450786532603542
SN08fp,0.006,1.0,248263.03170306116,703670.8014755993,1.1311436899808507
SN08fp,0.006,1.5,664941.1497031411,1826806.783946564,1.0972735143366026
SN08fp,0.006,2.0,1758489.567556257,4657681.274739438,1.0575749256843137
SN08fp,0.006,2.5,5063117.674834786,13630945.706791395,1.075269916941921
SN08fp,0.006,3.0,6191796.856431841,16769372.638650795,1.0817502902507488
SN08fp,0.006,3.5,6995649.471856583,18853023.92470788,1.0763824457912985
SN08fp,0.006,4.0,7464986.888187744,20157872.067745887,1.0785390884230641
SN08fp,0.006,4.5,7984255.76784851,21445243.044038758,1.0727413296579817
SN08fp,0.006,5.0,8625538.174571201,23089081.580736406,1.0690511416061386
SN08fp,0.006,5.5,9054159.041985476,24240040.31824665,1.069213047429264
SN08fp,0.006,6.0,9309364.95432391,24955887.48749233,1.0706324067860153
SN08fp,0.006,6.5,9689811.295294927,26075395.08072902,1.0747889447675023
SN08fp,0.006,7.0,10292586.975492354,27644677.37610799,1.0727174507927206
SN08fp,0.006,7.5,10839214.220127884,28915782.7945778,1.0653428857303622
SN08fp,0.006,8.0,11025651.791711366,29386640.96683953,1.0643641858920248
SN08fp,0.006,8.5,11603824.131871823,30598573.915613748,1.0527501203242284
SN08fp,0.006,9.0,13122299.663015034,33365099.05060589,1.0132061682963514
SN08fp,0.006,9.5,18256262.936159,45381588.31349799,0.988669524164
SN08fp,0.006,10.0,20003910.261994768,49229224.02595911,0.9777702316229759
SN08fr,0.048,1.0,3115.084555761621,5995.945716886305,0.7109696319073033
SN08fr,0.048,1.5,6074.505506034341,11338.954275061786,0.6776551848328696
SN08fr,0.048,2.0,9133.530220424578,16397.883086103095,0.6353727889244245
SN08fr,0.048,2.5,11812.610719399196,20838.830158442568,0.6163186072452066
SN08fr,0.048,3.0,13764.435973697997,24209.283324079,0.6130587827068618
SN08fr,0.048,3.5,15348.391562800822,26952.95578808612,0.6113588216907808
SN08fr,0.048,4.0,16347.8889891561,28276.97836207713,0.5949282988762616
SN08fr,0.048,4.5,16599.948990193174,28771.605104437505,0.5971433434873665
SN08fr,0.048,5.0,17038.763372706275,29004.050693524197,0.5775514596555046
SN08fr,0.048,5.5,17358.787052955704,29353.05913828025,0.5703349850726575
SN08fr,0.048,6.0,17090.95547218091,28970.405924556617,0.5729705943947809
SN08fr,0.048,6.5,17148.66241158191,29338.322570175493,0.5830125708749575
SN08fr,0.048,7.0,16890.613283495815,28969.930139283933,0.58575507298817
SN08fr,0.048,7.5,16630.693688637064,28078.388814336555,0.5686545475303941
SN08fr,0.048,8.0,16523.923574752487,27489.72700590615,0.552643123363155
SN08fr,0.048,8.5,16631.247267529045,26565.39928609796,0.5084788183301243
SN08fr,0.048,9.0,16500.855693179994,25108.336787634955,0.4557786978718461
SN08fr,0.048,9.5,16064.24506086074,24249.86872911881,0.4471226782389187
SN08fr,0.048,10.0,15967.172680617672,22872.545395113004,0.3902161902968703
SN08fu,0.052,1.0,11062.507519812902,30982.975857222125,1.1181738742087108
SN08fu,0.052,1.5,23570.24247844931,66129.30334023289,1.120074742933475
SN08fu,0.052,2.0,40432.06170783395,113689.84911839626,1.1224895067902672
SN08fu,0.052,2.5,62567.06217115375,175411.62823704162,1.119281541624698
SN08fu,0.052,3.0,88227.6254429328,246608.149181959,1.1160070824928179
SN08fu,0.052,3.5,116115.75914135938,320879.3527413481,1.1036265177260816
SN08fu,0.052,4.0,146421.67628521036,396929.6718493758,1.082770476550704
SN08fu,0.052,4.5,177798.82263958245,474086.066726512,1.0648207772379694
SN08fu,0.052,5.0,208825.20293818213,550054.9825548958,1.0515579771701116
SN08fu,0.052,5.5,238989.0689497032,623314.4512631975,1.0408228964848296
SN08fu,0.052,6.0,268480.21918214654,694914.4266119509,1.0325475853643802
SN08fu,0.052,6.5,298127.029131702,765856.3123470561,1.0243648598394923
SN08fu,0.052,7.0,328531.2623391683,837883.0796426715,1.0165167947130096
SN08fu,0.052,7.5,359432.5485714131,909956.2870405316,1.0085078191871837
SN08fu,0.052,8.0,390148.7064988191,980081.6931538574,1.000080264342119
SN08fu,0.052,8.5,419370.3300130914,1046291.1212456952,0.9926370964498024
SN08fu,0.052,9.0,446280.4025103974,1107847.447047351,0.9871803628193851
SN08fu,0.052,9.5,471614.07221948274,1164413.4883247253,0.981301180737632
SN08fu,0.052,10.0,494993.0164748048,1216630.1533760522,0.9763987603900914
SN08fw,0.009,1.0,84921.82723401829,133055.60847395074,0.48753463803117636
SN08fw,0.009,1.5,110306.54231718557,171238.92725217697,0.47750306781537066
SN08fw,0.009,2.0,184085.49692673475,278368.72563097026,0.4490021676212394
SN08fw,0.009,2.5,450552.4112812424,641419.0967564826,0.38349141896488104
SN08fw,0.009,3.0,668200.4740327605,934907.8734395206,0.3646550946536919
SN08fw,0.009,3.5,979962.0112117036,1392976.8473485843,0.3818366443399184
SN08fw,0.009,4.0,1217872.5364360008,1672406.1769311237,0.3443498146805346
SN08fw,0.009,4.5,3858823.921242288,3438026.644622519,-0.1253643099014283
SN08fw,0.009,5.0,16649478.2478494,17773718.355864465,0.07094416409379214
SN08fw,0.009,5.5,17211894.668349013,18788006.633723363,0.09513006296739157
SN08fw,0.009,6.0,17378538.625859022,19026806.853617936,0.0983816401337491
SN08fw,0.009,6.5,17517387.059591122,19227764.20059673,0.1011486534782989
SN08fw,0.009,7.0,17910895.988766734,19963590.59280526,0.11780335756421359
SN08fw,0.009,7.5,18252734.245212767,20480299.457746696,0.12502092964251377
SN08fw,0.009,8.0,18508654.78479024,20813613.15759304,0.12743155814786167
SN08fw,0.009,8.5,18708969.4923591,21114326.888452064,0.13131843533686532
SN08fw,0.009,9.0,19058422.140671927,21645199.10869976,0.13818660717032455
SN08fw,0.009,9.5,19396338.18894196,22119623.00070646,0.14264493246644344
SN08fw,0.009,10.0,20017727.51066356,23019668.837508958,0.15171074596474812
SN08gg,0.032,1.0,-203.1954208400484,12.48002696754645,
SN08gg,0.032,1.5,-386.6654825238313,24.221222708732967,
SN08gg,0.032,2.0,-566.4279334304761,-11.158664461572243,
SN08gg,0.032,2.5,-563.1468558928509,250.838549651548,
SN08gg,0.032,3.0,-933.5289152228715,595.8060656882535,
SN08gg,0.032,3.5,-958.9283579387628,1398.750678762277,
SN08gg,0.032,4.0,178.11851417969228,3454.270125508001,3.219118082223148
SN08gg,0.032,4.5,2583.5647838397035,7029.543862251996,1.0867694725762642
SN08gg,0.032,5.0,5428.443867943995,12291.264832179148,0.8873030620454121
SN08gg,0.032,5.5,8610.462905455879,18516.4798366693,0.8313298161848569
SN08gg,0.032,6.0,12201.560580130092,24543.06776107294,0.7587836647947844
SN08gg,0.032,6.5,16139.128756753056,31882.695984866044,0.7391873790677667
SN08gg,0.032,7.0,20402.672999486447,40438.64393879588,0.7427737864581941
SN08gg,0.032,7.5,24187.53992053261,49209.83660768352,0.7711505597299255
SN08gg,0.032,8.0,28461.046315765365,59069.69975434007,0.7927847533517519
SN08gg,0.032,8.5,33961.85461024267,70140.58604334346,0.7874449794058862
SN08gg,0.032,9.0,40312.19677448485,84996.84127403211,0.8099158028220886
SN08gg,0.032,9.5,49635.000262975824,104567.70728524712,0.8090238935469454
SN08gg,0.032,10.0,63999.00568150458,131103.28903171737,0.7786009012062484
SN08gl,0.034,1.0,1927.3068742898504,4553.750937311715,0.9335460080011354
SN08gl,0.034,1.5,4620.262427970368,11047.659451705902,0.9465090864434623
SN08gl,0.034,2.0,9358.859603618475,23544.137109081443,1.0016496148178191
SN08gl,0.034,2.5,17393.72479436322,46306.57864792972,1.0631252502194324
SN08gl,0.034,3.0,24986.69762403725,70066.55868299752,1.119504816062897
SN08gl,0.034,3.5,31091.766291804117,87919.10923303555,1.1285947118428172
SN08gl,0.034,4.0,37105.12634147014,104154.1905716593,1.120607083724846
SN08gl,0.034,4.5,43466.52587014781,121550.5491464208,1.1165049883604126
SN08gl,0.034,5.0,50483.73269770447,140484.5215501024,1.1111925454196412
SN08gl,0.034,5.5,57926.96594039849,161235.08099876298,1.111446895511655
SN08gl,0.034,6.0,66177.78217152771,183885.43184424116,1.109587788853477
SN08gl,0.034,6.5,74969.93269256069,208890.02644516615,1.1125764598407464
SN08gl,0.034,7.0,84652.04412299312,235177.1744150756,1.1093942962661532
SN08gl,0.034,7.5,94829.41601440804,264090.5938573618,1.1120246427677132
SN08gl,0.034,8.0,106037.75331388476,295716.1274330954,1.1135362318426214
SN08gl,0.034,8.5,118025.57036199736,329439.4812909891,1.114498844050344
SN08gl,0.034,9.0,131609.1538314337,366307.6172779087,1.1113996323206619
SN08gl,0.034,9.5,146229.83977965935,406897.85074202647,1.111123479353612
SN08gl,0.034,10.0,161647.81630570226,451073.3179583175,1.114193240509704
SN08go,0.062,1.0,30.11260349686333,244.34241230712112,2.273126378806891
SN08go,0.062,1.5,157.99765643073323,446.1462543517314,1.1270665151294494
SN08go,0.062,2.0,389.2537690238346,984.5027961100844,1.0074603188161433
SN08go,0.062,2.5,586.0228059951954,1486.43496013069,1.0105784838490415
SN08go,0.062,3.0,974.6072379362316,2355.1822207174155,0.957987204565896
SN08go,0.062,3.5,1267.7050733793906,3426.280692554152,1.0795117764496707
SN08go,0.062,4.0,1556.894890277113,4732.294243535203,1.20703111742297
SN08go,0.062,4.5,1965.3991040293329,6140.508380112216,1.2368839366538642
SN08go,0.062,5.0,2246.037508844151,7846.859375024762,1.358197162255827
SN08go,0.062,5.5,2696.7882503013648,9702.363378153255,1.39007672174173
SN08go,0.062,6.0,3096.7500013427643,11401.5014218315,1.41513974823091
SN08go,0.062,6.5,3720.655135496155,13444.30467700643,1.3947973211917013
SN08go,0.062,7.0,4539.4060147660975,16080.326565275564,1.3732395888830786
SN08go,0.062,7.5,5419.40839073082,19285.074761644173,1.3781736185297613
SN08go,0.062,8.0,6602.9948901943935,23416.89731967378,1.3744709760657594
SN08go,0.062,8.5,7323.430269992495,28183.28987052589,1.463192841714954
SN08go,0.062,9.0,8600.085163466452,32792.06267745128,1.4531649586996114
SN08go,0.062,9.5,10144.875530844172,38036.50783397129,1.434884785392618
SN08go,0.062,10.0,11649.85146400575,43676.07844739469,1.4348081230881835
SN08gp,0.033,1.0,4686.712097533838,12055.570938602765,1.0257987676787963
SN08gp,0.033,1.5,10669.790583353964,26965.73885280346,1.0066410718421475
SN08gp,0.033,2.0,19193.12426090298,48848.89309990233,1.014272630386738
SN08gp,0.033,2.5,30423.465075729717,78110.49241388682,1.0237517480031022
SN08gp,0.033,3.0,44593.13586090892,114219.54793146237,1.0211810580828862
SN08gp,0.033,3.5,61328.23084504155,155982.16278748648,1.0135362529166394
SN08gp,0.033,4.0,79959.9155910322,203002.4394056824,1.011572324286119
SN08gp,0.033,4.5,100913.2215864574,253876.837259443,1.0016875209487792
SN08gp,0.033,5.0,123624.559576381,308865.884436268,0.9941629596613565
SN08gp,0.033,5.5,148446.60318180342,366588.8812248978,0.9815225604503135
SN08gp,0.033,6.0,175629.15209494525,428640.5648988746,0.9687416599352041
SN08gp,0.033,6.5,204923.04170234385,494931.8696307076,0.9573865655859294
SN08gp,0.033,7.0,236345.0100022636,568333.6074360819,0.9526422516825157
SN08gp,0.033,7.5,269715.02799049014,646105.8888807861,0.9484963855999469
SN08gp,0.033,8.0,305569.20696424454,727313.3895260522,0.9415299893515212
SN08gp,0.033,8.5,344338.8060856564,814759.6874202148,0.935108908930144
SN08gp,0.033,9.0,387017.7380675679,911336.934617696,0.9298702533294754
SN08gp,0.033,9.5,434786.4895094709,1020771.818797828,0.9266315780795584
SN08gp,0.033,10.0,491349.8128153276,1146808.968831119,0.9202507145716046
SN08hj,0.038,1.0,874.5405475513883,1576.9630326597503,0.6401039064575176
SN08hj,0.038,1.5,2070.925594309706,3881.2597857761466,0.6820205424289989
SN08hj,0.038,2.0,3917.6575546711138,7361.9722802126835,0.6849192664041701
SN08hj,0.038,2.5,6499.08546993043,12020.9175135416,0.6677134215771445
SN08hj,0.038,3.0,9494.200141439813,18161.36744749413,0.7042254068511722
SN08hj,0.038,3.5,13135.05730673086,25783.661892824734,0.7322815640851937
SN08hj,0.038,4.0,18086.555765119287,36474.72518193592,0.7615903916238136
SN08hj,0.038,4.5,24913.220980932983,51173.80391763726,0.781544551186333
SN08hj,0.038,5.0,34518.25804443889,69976.35540194681,0.7672561205630651
SN08hj,0.038,5.5,46451.41476366832,93795.64275945233,0.7629592952308568
SN08hj,0.038,6.0,62366.09121597975,122844.37709531227,0.7360168922942588
SN08hj,0.038,6.5,79846.25267847462,153680.76100499515,0.7109124091362494
SN08hj,0.038,7.0,97758.09428510508,184220.9931612021,0.6879659813873845
SN08hj,0.038,7.5,114782.08742257324,213791.32812774187,0.6752899167324726
SN08hj,0.038,8.0,130658.87204425012,240780.46689106585,0.6637058689187146
SN08hj,0.038,8.5,144837.43889224072,267544.1480147572,0.6662865484057702
SN08hj,0.038,9.0,158516.87089034787,293255.9752003378,0.6679284474502739
SN08hj,0.038,9.5,173326.35505989337,323302.29605144606,0.6768604618544773
SN08hj,0.038,10.0,190503.06876149695,359783.5642259804,0.69034835963354
SN08hu,0.05,1.0,435.9647041468783,1473.6248421337084,1.3223390103036685
SN08hu,0.05,1.5,1008.5874018065296,3181.6317329287094,1.247340926115572
SN08hu,0.05,2.0,1805.3239832200009,5600.543744365165,1.2291876051763333
SN08hu,0.05,2.5,2895.039508592269,8872.301506480891,1.215954492640701
SN08hu,0.05,3.0,4353.443028372409,12897.419369079784,1.1791748901558747
SN08hu,0.05,3.5,7593.744792069484,18571.799465472854,0.9709949704107985
SN08hu,0.05,4.0,13226.69409385778,29902.833838829098,0.8856525956750656
SN08hu,0.05,4.5,19382.95912066593,47213.81362730974,0.9666225038405996
SN08hu,0.05,5.0,23799.498653750423,61862.65600604346,1.037151883673574
SN08hu,0.05,5.5,28342.008674666693,75702.45533866958,1.0666983476029892
SN08hu,0.05,6.0,35120.14928900731,94212.46267557766,1.0713800072094797
SN08hu,0.05,6.5,46550.34387359253,123573.82916748276,1.0600090269885092
SN08hu,0.05,7.0,64914.08269580448,176341.44684241447,1.085038688309338
SN08hu,0.05,7.5,87491.31187260956,256679.4136369067,1.1685652749515838
SN08hu,0.05,8.0,106688.04479917344,330737.9759973023,1.2284207704099541
SN08hu,0.05,8.5,119397.91083390808,381454.80553337,1.2611159067018918
SN08hu,0.05,9.0,129450.54873069754,420561.9311467648,1.2793151562605696
SN08hu,0.05,9.5,139477.80458302645,461852.7275615984,1.2999960248199232
SN08hu,0.05,10.0,152867.50191979404,515816.9204795682,1.320451039223699
SN08hv,0.013,1.0,,71545.74335659544,
SN08hv,0.013,1.5,,156099.21804708507,
SN08hv,0.013,2.0,,271904.73879693035,
SN08hv,0.013,2.5,,424237.478605212,
SN08hv,0.013,3.0,,614917.5625142922,
SN08hv,0.013,3.5,,843202.2831050919,
SN08hv,0.013,4.0,,1117405.1922198494,
SN08hv,0.013,4.5,,1443137.6458264843,
SN08hv,0.013,5.0,,1830400.8350676235,
SN08hv,0.013,5.5,,2283633.9377895165,
SN08hv,0.013,6.0,,2797251.9785545603,
SN08hv,0.013,6.5,,3370808.244362977,
SN08hv,0.013,7.0,,3997530.6826477274,
SN08hv,0.013,7.5,,4684357.333229342,
SN08hv,0.013,8.0,,5444863.491419583,
SN08hv,0.013,8.5,,6306461.771191498,
SN08hv,0.013,9.0,,7299377.429822136,
SN08hv,0.013,9.5,,8490949.067786912,
SN08hv,0.013,10.0,,10049912.794527968,
SN08ia,0.022,1.0,66728.24922466131,207656.12090298205,1.2325875167972338
SN08ia,0.022,1.5,163794.1582424871,512190.2673694937,1.2378322831744708
SN08ia,0.022,2.0,349897.5828428942,1100842.393273356,1.244460508803014
SN08ia,0.022,2.5,683398.5279242338,2147237.001964556,1.243014858754933
SN08ia,0.022,3.0,970786.82435289,2980195.255414414,1.2178021139202606
SN08ia,0.022,3.5,1171764.96064662,3561888.393533343,1.207099500590981
SN08ia,0.022,4.0,1331842.814395627,4026298.038258439,1.2011323688747662
SN08ia,0.022,4.5,1472056.3888478307,4429231.411692291,1.1960098118744498
SN08ia,0.022,5.0,1699105.138575483,4985551.95770038,1.168732483408831
SN08ia,0.022,5.5,2097979.884617749,5945835.859654074,1.1310289901448405
SN08ia,0.022,6.0,2215420.989556495,6266616.294145782,1.1289420939191173
SN08ia,0.022,6.5,2295533.895328165,6497056.1636393815,1.129582277967645
SN08ia,0.022,7.0,2365056.7605428416,6698387.535395037,1.1303217548347524
SN08ia,0.022,7.5,2427424.5550245885,6880541.931020342,1.1311922626073745
SN08ia,0.022,8.0,2485472.240875865,7050583.964217169,1.1320404295875766
SN08ia,0.022,8.5,2539451.565328915,7203202.402171746,1.1319642103938548
SN08ia,0.022,9.0,2590794.3645207146,7348128.489869014,1.1318594952359429
SN08ia,0.022,9.5,2652396.261242986,7508129.51805047,1.1297333717194848
SN08ia,0.022,10.0,2767419.720190624,7761359.620469814,1.1196569387275621
SN09D,0.025,1.0,-143.63870732966086,-226.97660420886865,
SN09D,0.025,1.5,-357.83766619395857,-617.2253914500909,
SN09D,0.025,2.0,-891.7219899652563,-1233.0271757640205,
SN09D,0.025,2.5,-1819.3567843840876,-2161.2630764581468,
SN09D,0.025,3.0,-2905.111049547391,-3212.7677027404093,
SN09D,0.025,3.5,-3805.6149835752026,-4489.56960592528,
SN09D,0.025,4.0,-5237.544463781182,-5926.565028751218,
SN09D,0.025,4.5,-6627.249551161583,-7458.276191840886,
SN09D,0.025,5.0,-8442.603183722636,-8945.483308095701,
SN09D,0.025,5.5,-9074.666846544678,-7411.143135976687,
SN09D,0.025,6.0,-8689.304200905895,-3674.6492569702896,
SN09D,0.025,6.5,-9545.896630562336,-3464.973962833039,
SN09D,0.025,7.0,-10760.83273488833,-3902.276270094893,
SN09D,0.025,7.5,-11577.741384638255,-3916.760070570177,
SN09D,0.025,8.0,-13467.625720130787,-3923.252837834836,
SN09D,0.025,8.5,-15794.476660704677,-5513.75904242248,
SN09D,0.025,9.0,-17497.092190039562,-6331.938663971399,
SN09D,0.025,9.5,-18967.525721589307,-6145.148101187879,
SN09D,0.025,10.0,-18874.79428806749,-2326.0443502920757,
SN09F,0.013,1.0,109048.69442864553,305580.9913636467,1.1187646627141488
SN09F,0.013,1.5,251081.12819062243,712009.2748541475,1.1316789487917558
SN09F,0.013,2.0,450773.9284405028,1298510.839369087,1.1487169740055676
SN09F,0.013,2.5,730087.2113863174,2125182.381011814,1.1600536638426797
SN09F,0.013,3.0,1215677.2186445447,3509891.9050438544,1.1511886583825868
SN09F,0.013,3.5,1945891.21812927,5782510.45911485,1.1824946722156882
SN09F,0.013,4.0,2445601.9886462586,7323293.368497472,1.1908016332509987
SN09F,0.013,4.5,2814046.343515716,8435715.562130978,1.191976705629485
SN09F,0.013,5.0,3116550.8067572825,9332713.413155831,1.1908342963961602
SN09F,0.013,5.5,3375236.7975787804,10092430.748328527,1.1892288272525007
SN09F,0.013,6.0,3589885.360854806,10717596.700466884,1.1875420764758584
SN09F,0.013,6.5,3766626.445374557,11231172.235572357,1.1861813404229975
SN09F,0.013,7.0,3910552.309124193,11652426.464040209,1.1854456782829288
SN09F,0.013,7.5,4040270.177573442,12024878.099048115,1.1841756864835147
SN09F,0.013,8.0,4151706.2154228175,12334464.37595243,1.182234201948734
SN09F,0.013,8.5,4323240.021176016,12799460.63411864,1.1784558031492494
SN09F,0.013,9.0,4393537.035819211,13003756.190091986,1.1781363163572505
SN09F,0.013,9.5,4439237.038283619,13149750.62485604,1.179022953814943
SN09F,0.013,10.0,4471266.445668299,13267083.685065774,1.1808622950667005
SN09I,0.026,1.0,22648.89863291128,44984.68937152898,0.7450440946875898
SN09I,0.026,1.5,51321.42046122762,102891.07542245388,0.7551975958786612
SN09I,0.026,2.0,95927.95570182327,189920.03716095036,0.7415639929165635
SN09I,0.026,2.5,162139.73478990202,313030.5044601714,0.7142430069791734
SN09I,0.026,3.0,246525.9749774561,470325.1846065891,0.7013388739441504
SN09I,0.026,3.5,347357.3754493027,654685.3791440818,0.6881402934756693
SN09I,0.026,4.0,462994.4686098733,867885.1159414527,0.6822160945738682
SN09I,0.026,4.5,605867.2937107384,1128187.251672768,0.6750091979407529
SN09I,0.026,5.0,776552.4991676599,1426557.3974989068,0.6602960711203094
SN09I,0.026,5.5,968155.186705024,1768371.145621312,0.6540711087315556
SN09I,0.026,6.0,1188582.9358737334,2171306.7416358846,0.6542292246606594
SN09I,0.026,6.5,1437447.2214454364,2627209.2281689383,0.6547568829862582
SN09I,0.026,7.0,1713098.4047338236,3149602.4092227016,0.6611835583100811
SN09I,0.026,7.5,1970248.110179015,3654786.7903120895,0.6708528173436625
SN09I,0.026,8.0,2195750.6675397186,4090852.230109428,0.6755769218176824
SN09I,0.026,8.5,2401520.152014222,4479137.6064981725,0.6767704239554921
SN09I,0.026,9.0,2589606.927280286,4834369.555188829,0.6777649952471294
SN09I,0.026,9.5,2748660.899929516,5140905.394454504,0.6797961181101181
SN09I,0.026,10.0,2879035.9660486327,5395079.408569009,0.6818768775699235
SN09P,0.025,1.0,82321.55602645063,162961.05717455896,0.7414256565216848
SN09P,0.025,1.5,168948.6658150353,333391.33142455795,0.737998842380947
SN09P,0.025,2.0,274924.30887924624,545176.1406892291,0.743309247412506
SN09P,0.025,2.5,383125.088572222,760531.2004295705,0.74444110803529
SN09P,0.025,3.0,483882.5511553893,955786.640730472,0.7390524857202586
SN09P,0.025,3.5,577209.6133043462,1133314.8994872626,0.7325426070799441
SN09P,0.025,4.0,666737.3944510678,1296341.0455123985,0.7219111465142616
SN09P,0.025,4.5,761375.954080703,1466678.101037368,0.7118391271471962
SN09P,0.025,5.0,849370.0472047426,1621522.3016245388,0.7020649611792404
SN09P,0.025,5.5,923555.9451606352,1750267.3388827029,0.6941029508257368
SN09P,0.025,6.0,989123.8115051916,1863339.436271128,0.6876032967418131
SN09P,0.025,6.5,1047934.418744278,1965583.8452920525,0.6828936734870203
SN09P,0.025,7.0,1098658.5299752022,2052048.2819674392,0.678312107524261
SN09P,0.025,7.5,1139902.1841120825,2121506.763559068,0.6744420872141664
SN09P,0.025,8.0,1172724.92749392,2174971.0216627545,0.6706432958785893
SN09P,0.025,8.5,1197779.0506293273,2218027.4732636325,0.6689755206089508
SN09P,0.025,9.0,1218651.1995045384,2252159.587592144,0.6667993524891237
SN09P,0.025,9.5,1235394.3579407064,2280595.423627853,0.6656065873225872
SN09P,0.025,10.0,1248430.4168948475,2303003.039487958,0.6648254245580688
SN09Y,0.009,1.0,189876.58842067924,493925.19570696907,1.0379744015137862
SN09Y,0.009,1.5,1184000.6840467674,2401252.610719447,0.7677147418798126
SN09Y,0.009,2.0,1898683.6284367244,4443630.303605153,0.9232132853396635
SN09Y,0.009,2.5,2399618.54546829,5723450.961395535,0.9437893910100049
SN09Y,0.009,3.0,2999263.5765320878,7255434.287866889,0.959121949150808
SN09Y,0.009,3.5,3695642.25074499,9024541.21646835,0.9693380229876103
SN09Y,0.009,4.0,4648935.068716895,11277405.800637985,0.9621393192077523
SN09Y,0.009,4.5,6229420.143897807,14855967.767729923,0.9436333139152903
SN09Y,0.009,5.0,8416874.569912484,20541666.13859621,0.9687120278184673
SN09Y,0.009,5.5,9789143.706668248,24275436.516773887,0.9860558599301255
SN09Y,0.009,6.0,10750598.062541936,26698576.429947905,0.9876387009226174
SN09Y,0.009,6.5,11416976.551347148,28391937.038810547,0.9891097854431041
SN09Y,0.009,7.0,11971266.657863528,29790953.7311542,0.9898607556235117
SN09Y,0.009,7.5,12443848.367880637,30953759.905968208,0.989396747977614
SN09Y,0.009,8.0,12865019.902291598,31956141.20008582,0.9878596726061196
SN09Y,0.009,8.5,13233406.805113705,32821343.44358753,0.9862117259433691
SN09Y,0.009,9.0,13559851.7510526,33571339.38266744,0.9842843175675673
SN09Y,0.009,9.5,13864036.43699366,34249311.74348757,0.9819053936315567
SN09Y,0.009,10.0,14158795.506843062,34897760.3781295,0.9794281173105004
SN09ab,0.011,1.0,5504.117243218578,33127.75308613466,1.9487607607718436
SN09ab,0.011,1.5,15415.135263937162,79626.66097205097,1.7827779117448284
SN09ab,0.011,2.0,38259.0753013593,159284.656472679,1.5485986850899716
SN09ab,0.011,2.5,77220.79854983305,276702.2852474318,1.385696143829982
SN09ab,0.011,3.0,120385.26273996355,412224.1833841757,1.3364003535025235
SN09ab,0.011,3.5,170716.48017578834,568073.3162154814,1.3053223549474957
SN09ab,0.011,4.0,250484.54976006795,779310.564332127,1.2323240511003979
SN09ab,0.011,4.5,340375.260161042,1032169.8104557608,1.204482915274235
SN09ab,0.011,5.0,438184.9368476979,1315872.440573932,1.1938908678877123
SN09ab,0.011,5.5,546842.2337695841,1636009.4929062612,1.189809426659169
SN09ab,0.011,6.0,662302.0282991823,1986719.7154681128,1.192701291256918
SN09ab,0.011,6.5,785992.6391193273,2366968.776007299,1.1969351252268727
SN09ab,0.011,7.0,932317.5298028336,2808495.863261908,1.197274846124859
SN09ab,0.011,7.5,1103514.6638348682,3332777.0741323456,1.2000703914257473
SN09ab,0.011,8.0,1327498.5079666637,4000359.033826456,1.1976623238742476
SN09ab,0.011,8.5,1618739.6879876514,4929018.989232825,1.2089586912187276
SN09ab,0.011,9.0,1850148.3729424763,5652143.940269663,1.21251663789772
SN09ab,0.011,9.5,2029344.4824568587,6206942.560725275,1.2138048784598439
SN09ab,0.011,10.0,2191750.084438605,6693189.522683606,1.2121052264847108
SN09ad,0.028,1.0,18415.072398032564,43725.43897887252,0.9389018691047852
SN09ad,0.028,1.5,39238.14905641585,95689.89022885116,0.9678938593633106
SN09ad,0.028,2.0,68065.33711860844,165957.51466044146,0.9676773061355439
SN09ad,0.028,2.5,102845.2955063184,250727.9042917051,0.9675456006487713
SN09ad,0.028,3.0,141868.95309841234,346285.3742775528,0.9688669628130309
SN09ad,0.028,3.5,186270.66063834657,454491.81758321833,0.9684540349267934
SN09ad,0.028,4.0,237093.9397350526,576607.0051590654,0.9648986525214637
SN09ad,0.028,4.5,291670.59653606464,711355.562311811,0.9679852046692681
SN09ad,0.028,5.0,354627.6708438381,863894.0574580285,0.9667196673337504
SN09ad,0.028,5.5,424853.8792703263,1036804.2448586352,0.968642946324836
SN09ad,0.028,6.0,488958.14803673135,1206284.251066101,0.9804449254543229
SN09ad,0.028,6.5,546739.6956951596,1356726.527148313,0.9867792745765547
SN09ad,0.028,7.0,600910.7391258157,1493960.1716734015,0.9888226349806951
SN09ad,0.028,7.5,653730.585024849,1623706.683597344,0.9877719357140259
SN09ad,0.028,8.0,702381.5030444954,1742027.4390915807,0.9862048133422224
SN09ad,0.028,8.5,747703.4765606229,1851054.0307979751,0.9842242391994109
SN09ad,0.028,9.0,789570.0352307695,1952301.5638153576,0.9828906099474589
SN09ad,0.028,9.5,827965.2057078461,2045062.736926344,0.9817363726869349
SN09ad,0.028,10.0,862980.8154383604,2128783.392626434,0.9803258306749281
SN09ag,0.009,1.0,2869.5284263988365,12664.261595864707,1.611923353695829
SN09ag,0.009,1.5,6519.589310674383,29379.42925681886,1.6345577890855114
SN09ag,0.009,2.0,776099.2037318406,1628591.176687114,0.8047370992627612
SN09ag,0.009,2.5,877102.8748994507,1873537.5029334223,0.8240296408984142
SN09ag,0.009,3.0,900499.8143184665,1928788.987745321,0.8270027255118568
SN09ag,0.009,3.5,1438954.05250634,2811407.947026698,0.7271923537423558
SN09ag,0.009,4.0,1543955.0462088024,3059963.101266018,0.7427038457060033
SN09ag,0.009,4.5,1573219.674664338,3145449.242486513,0.7522332809944948
SN09ag,0.009,5.0,1868597.31396054,3993710.45870881,0.8246521384791873
SN09ag,0.009,5.5,2003806.0264814463,4371833.261668729,0.8470197787973022
SN09ag,0.009,6.0,2214053.9720733054,4842944.96484375,0.8498033256861195
SN09ag,0.009,6.5,2356877.8259332804,5134108.072333836,0.8453198395009786
SN09ag,0.009,7.0,2704680.837429884,5897692.517755243,0.8464152558590903
SN09ag,0.009,7.5,3064126.0040904297,6690518.106022735,0.8478828244836674
SN09ag,0.009,8.0,3184743.199000177,6999411.126726627,0.8549677117722403
SN09ag,0.009,8.5,3247768.5711061102,7166887.746693855,0.8593638186828473
SN09ag,0.009,9.0,3347221.2283721366,7402355.721415823,0.8617138353979792
SN09ag,0.009,9.5,3603763.959084058,7903093.622896709,0.8526019728776352
SN09ag,0.009,10.0,5971831.160667282,11423197.807203284,0.7042004415972629
SN09al,0.022,1.0,-561.250991306045,-305.99848882197125,
SN09al,0.022,1.5,-998.8178135014634,-799.8561321099801,
SN09al,0.022,2.0,-1405.2988285822269,-1229.661422546198,
SN09al,0.022,2.5,-1869.3107566492451,-2577.146664755035,
SN09al,0.022,3.0,-2502.6291437615264,-3567.1819557265217,
SN09al,0.022,3.5,-3962.6712703425446,-4892.3352702195225,
SN09al,0.022,4.0,-5688.805493938692,-7102.515882855364,
SN09al,0.022,4.5,-7486.583617690278,-8409.32766481386,
SN09al,0.022,5.0,-9124.73438172863,-10081.23076042428,
SN09al,0.022,5.5,-10980.21053755981,-12168.572697750047,
SN09al,0.022,6.0,-12896.791248520716,-12548.01691130681,
SN09al,0.022,6.5,-15072.945404203809,-13834.272020025732,
SN09al,0.022,7.0,-17173.06605162306,-15490.233166665465,
SN09al,0.022,7.5,-19828.13562290516,-18234.578943135275,
SN09al,0.022,8.0,-22241.414184874204,-21872.32143964296,
SN09al,0.022,8.5,-25006.54934994348,-24593.02968214039,
SN09al,0.022,9.0,-27392.4121871316,-26853.026818865503,
SN09al,0.022,9.5,-29185.5271713063,-28633.474665283316,
SN09al,0.022,10.0,-30557.19396681388,-28307.026618382173,
SN09cz,0.021,1.0,20761.629909564603,49272.16619743376,0.9383505270140811
SN09cz,0.021,1.5,45118.46893149892,107305.86268663376,0.9406727417960996
SN09cz,0.021,2.0,78040.2467094542,186227.88847214912,0.9443152135562802
SN09cz,0.021,2.5,118800.3374023169,284544.93386636034,0.9483329590269645
SN09cz,0.021,3.0,168719.06557242465,404534.4210067817,0.9494782982320178
SN09cz,0.021,3.5,228855.9131355084,548925.6354599007,0.9498784379542693
SN09cz,0.021,4.0,301403.0263103745,722918.2723582714,0.9498539834967241
SN09cz,0.021,4.5,388099.9973201836,932653.3110104504,0.9519414915353848
SN09cz,0.021,5.0,493594.8313151095,1187948.4120825878,0.9535674450712855
SN09cz,0.021,5.5,624116.9652888033,1501407.277467137,0.9530813212308881
SN09cz,0.021,6.0,783320.7680308566,1886680.1827301176,0.9543966166977959
SN09cz,0.021,6.5,978051.415059142,2365033.323012912,0.9586889462784398
SN09cz,0.021,7.0,1242065.9898914977,3022042.77581456,0.9653898429217265
SN09cz,0.021,7.5,1642919.2769952344,4050396.1141935545,0.9797031808689325
SN09cz,0.021,8.0,2257021.97399882,5598241.923606686,0.9862896872754703
SN09cz,0.021,8.5,2717447.622627573,6656370.137414189,0.9726907037666926
SN09cz,0.021,9.0,3026983.7145819883,7373761.690443259,0.9666975332242891
SN09cz,0.021,9.5,3256390.28310081,7917940.224356088,0.9646894215207537
SN09cz,0.021,10.0,3441993.4122941955,8356658.077888416,0.9630564952358284
SN09dc,0.021,1.0,537.0534980993523,2515.8733115216487,1.6766780460710224
SN09dc,0.021,1.5,1646.837957968322,5896.318852847328,1.3848252303962365
SN09dc,0.021,2.0,3109.7968860492238,11895.533779372618,1.45662977558136
SN09dc,0.021,2.5,4994.5373254073065,18831.173765178868,1.4409553194664984
SN09dc,0.021,3.0,7824.0746545554575,28293.930608788774,1.395650745996313
SN09dc,0.021,3.5,11203.097871529357,39280.49148792224,1.3620969578051259
SN09dc,0.021,4.0,15471.060528141648,51786.67500521513,1.311744856333008
SN09dc,0.021,4.5,19698.952319034084,66514.66712685382,1.321185732493232
SN09dc,0.021,5.0,26012.483277509808,85603.57013602162,1.2932751586931845
SN09dc,0.021,5.5,34002.581894202245,111977.80877586344,1.2940501738268275
SN09dc,0.021,6.0,44499.250637198165,146728.63033060482,1.295405414945401
SN09dc,0.021,6.5,57629.96347482925,188569.7459461848,1.287059179070671
SN09dc,0.021,7.0,74505.2144800897,241530.99016374885,1.2769654812544782
SN09dc,0.021,7.5,97796.6241083072,310990.9949564337,1.2560598759530592
SN09dc,0.021,8.0,128456.26996151694,402206.3104359668,1.2392339328215192
SN09dc,0.021,8.5,169926.21461943473,520376.57949118793,1.2151433979889505
SN09dc,0.021,9.0,225825.47023827955,680792.7466197502,1.1981049918764641
SN09dc,0.021,9.5,307669.44895365014,915672.1925840722,1.184139129759232
SN09dc,0.021,10.0,439315.2553677468,1287235.100023087,1.1672039723625718
SN09ds,0.019,1.0,56175.22812708095,110656.44986834808,0.7360797202590372
SN09ds,0.019,1.5,117231.48187180664,237915.8966304617,0.7684480153907267
SN09ds,0.019,2.0,202106.02656781315,406626.7871928315,0.7590418030596591
SN09ds,0.019,2.5,293840.7596483384,606246.1115333791,0.7863423198954758
SN09ds,0.019,3.0,397041.680894052,835629.2091561833,0.8079437785049316
SN09ds,0.019,3.5,521220.2192308815,1108949.6453501657,0.819726429492934
SN09ds,0.019,4.0,667152.279859749,1438011.3255217976,0.833843330021204
SN09ds,0.019,4.5,838362.5481116367,1824231.417184016,0.8441201548941395
SN09ds,0.019,5.0,1064928.60781392,2312477.9095804994,0.841892747097971
SN09ds,0.019,5.5,1419192.767317427,3009280.5092308265,0.8160532077032585
SN09ds,0.019,6.0,1685296.9465306045,3639921.512076121,0.836038962761741
SN09ds,0.019,6.5,1930231.878538509,4179043.478836261,0.838668514212466
SN09ds,0.019,7.0,2185028.9624690004,4704971.219793447,0.8327494332535619
SN09ds,0.019,7.5,2448508.733754997,5231254.758374004,0.8242605322545666
SN09ds,0.019,8.0,2715968.457109496,5758660.013925876,0.8159917928333922
SN09ds,0.019,8.5,2980210.257218103,6272856.894723609,0.8080461869620585
SN09ds,0.019,9.0,3235656.3170945747,6766883.130300019,0.8010657253730108
SN09ds,0.019,9.5,3477922.27845221,7239293.129642411,0.7959407241592676
SN09ds,0.019,10.0,3697170.540636053,7671922.962542482,0.7925868733543272
SN09le,0.018,1.0,89427.02330587652,171669.3054614013,0.7080596878512212
SN09le,0.018,1.5,200412.99751180343,377273.9576515648,0.6868273605175963
SN09le,0.018,2.0,336331.6592647402,655687.4103824751,0.7248227379106648
SN09le,0.018,2.5,522043.9694107747,1029035.5321748304,0.7368082195549226
SN09le,0.018,3.0,775870.0484104435,1532555.2512331756,0.7390678844698648
SN09le,0.018,3.5,1075986.9665739203,2132612.842495739,0.7427625235637715
SN09le,0.018,4.0,1453535.413001057,2916014.480511427,0.7559101479728709
SN09le,0.018,4.5,1853772.3748303847,3752037.057790375,0.765526782936839
SN09le,0.018,5.0,2342308.2434767773,4768505.545985022,0.7718456130465833
SN09le,0.018,5.5,2938544.222502449,6006837.998269752,0.7762842213214972
SN09le,0.018,6.0,3580972.333082505,7397782.900469609,0.7877515412202197
SN09le,0.018,6.5,4246659.072795381,8799026.367724938,0.7909680561533643
SN09le,0.018,7.0,4844018.416723863,10025244.242195176,0.7897229409354546
SN09le,0.018,7.5,5395596.227854156,11134317.397976251,0.7865603872301207
SN09le,0.018,8.0,5912072.377570929,12134335.630019289,0.7806906523937428
SN09le,0.018,8.5,6379389.04452236,13027738.756564485,0.77522488224406
SN09le,0.018,9.0,6833269.304591431,13888557.852182226,0.7700715380993127
SN09le,0.018,9.5,7273339.374097828,14725079.761303106,0.7658095091942096
SN09le,0.018,10.0,7692657.762117195,15495875.965140894,0.7603492997094454
SN2011iv,0.006,1.0,1913758.885609244,10920368.96270262,1.8908752295666422
SN2011iv,0.006,1.5,4617886.645834898,26405895.622276,1.893144085184713
SN2011iv,0.006,2.0,6839114.531011287,38841285.22899457,1.8857342881497396
SN2011iv,0.006,2.5,8380307.271626346,47338309.67039262,1.8798820090041135
SN2011iv,0.006,3.0,9515821.116800468,53494913.46116641,1.8746655498527742
SN2011iv,0.006,3.5,10370224.845516969,58055763.9953098,1.8701429295428105
SN2011iv,0.006,4.0,11039116.81975763,61561504.07571804,1.865937231963427
SN2011iv,0.006,4.5,11573682.08363547,64296476.2380005,1.8617890587814658
SN2011iv,0.006,5.0,11995178.527313162,66394536.17177487,1.8578140630664048
SN2011iv,0.006,5.5,12328799.228797032,68022733.1891598,1.8543332446455598
SN2011iv,0.006,6.0,12602258.751399389,69336338.90948899,1.8512812849592866
SN2011iv,0.006,6.5,12855377.289843155,70540802.99500382,1.8483889298162794
SN2011iv,0.006,7.0,15219126.629283544,77122958.61147693,1.7619848779430913
SN2011iv,0.006,7.5,17263468.777666986,82880176.02693528,1.7033065028100132
SN2011iv,0.006,8.0,17408204.218157716,83554549.20365918,1.7030403190328955
SN2011iv,0.006,8.5,17512035.063137956,84053152.51896884,1.7030434718048677
SN2011iv,0.006,9.0,17595128.46495551,84447266.20061204,1.7029828818547668
SN2011iv,0.006,9.5,17657005.885842696,84739764.06108974,1.7029254717169895
SN2011iv,0.006,10.0,17701040.70968357,84947313.56926626,1.7028771202765072
SN2011jh,0.008,1.0,161214.61930787005,367227.964205473,0.8938283075176221
SN2011jh,0.008,1.5,345904.4097678912,783335.8898871188,0.8874798157266328
SN2011jh,0.008,2.0,604850.8088591185,1346687.5828303704,0.8690464748869177
SN2011jh,0.008,2.5,892639.9301179692,1979887.3668916023,0.8649104361829787
SN2011jh,0.008,3.0,1218841.0378261153,2709110.05530283,0.8671989498544858
SN2011jh,0.008,3.5,1521214.3036840623,3382866.182244544,0.8677360454364671
SN2011jh,0.008,4.0,1848289.6592681424,4097354.8493836327,0.8643338592308234
SN2011jh,0.008,4.5,2130783.5610983344,4707641.327019193,0.8606600729411744
SN2011jh,0.008,5.0,2373392.755073825,5239693.228790628,0.8598406213219842
SN2011jh,0.008,5.5,2607496.6858881703,5741385.120722264,0.8569822858587133
SN2011jh,0.008,6.0,2802291.3797617685,6173875.02272149,0.8576113574852884
SN2011jh,0.008,6.5,2973388.141524359,6546244.455656674,0.8568515351081717
SN2011jh,0.008,7.0,3145435.717960373,6911025.05390498,0.8546541331863012
SN2011jh,0.008,7.5,3375820.144683232,7353950.380498392,0.845353486945263
SN2011jh,0.008,8.0,3523794.801557644,7689591.594462557,0.8472316596391666
SN2011jh,0.008,8.5,3645077.0969244814,7938667.007089887,0.8451021676015159
SN2011jh,0.008,9.0,3752218.267331196,8146924.412196682,0.8417639836681899
SN2011jh,0.008,9.5,3846503.087420337,8311672.0876021935,0.8365557893045272
SN2011jh,0.008,10.0,3946003.608552809,8469483.255244376,0.8292485891368927
SN2011jn,0.047,1.0,53.46069959522575,41.02204290760886,-0.287543382909541
SN2011jn,0.047,1.5,52.79629310808096,151.50027074515344,1.144524944257925
SN2011jn,0.047,2.0,203.84284661691515,349.81416142150306,0.5863547784865168
SN2011jn,0.047,2.5,402.3935544773027,495.6175759016865,0.2262392090188421
SN2011jn,0.047,3.0,536.1528534047294,437.0720629308389,-0.22183893449608225
SN2011jn,0.047,3.5,404.2243632152301,860.3864218960371,0.8201776560967666
SN2011jn,0.047,4.0,631.2981038870089,1171.5695306987918,0.6713339585797251
SN2011jn,0.047,4.5,888.6594841656674,1504.917446966756,0.5719432422539643
SN2011jn,0.047,5.0,901.7932865479085,1836.6624535400315,0.7723058751282429
SN2011jn,0.047,5.5,832.8869428014764,2300.469534381027,1.1030760812363136
SN2011jn,0.047,6.0,940.0967067556816,3042.9001164820475,1.2752879137932989
SN2011jn,0.047,6.5,995.3232065314396,3414.784609152533,1.3384979633096792
SN2011jn,0.047,7.0,1261.4795051647998,3799.051681168312,1.1969875063347937
SN2011jn,0.047,7.5,1754.913342244543,4839.43792129722,1.1013481185206129
SN2011jn,0.047,8.0,1886.2435548673911,5805.024197545521,1.220515663858892
SN2011jn,0.047,8.5,2134.2371391993684,7359.886335859919,1.3440710854853466
SN2011jn,0.047,9.0,3293.482352741832,10341.654745439388,1.2423367352303838
SN2011jn,0.047,9.5,3835.74780957397,12228.03455491858,1.2587665290300625
SN2011jn,0.047,10.0,3876.300941526146,13160.850400663658,1.3271661645998534
SN2011jt,0.028,1.0,262.16420072542724,1095.1835156718626,1.5522837776975564
SN2011jt,0.028,1.5,803.7471338306584,2387.1081899244887,1.1818816639155625
SN2011jt,0.028,2.0,1651.1395009405503,4830.748682879594,1.1655766919774493
SN2011jt,0.028,2.5,2939.102715839081,8111.529399505194,1.1022199562782133
SN2011jt,0.028,3.0,5071.347377225912,13373.374641341605,1.0527941280344841
SN2011jt,0.028,3.5,7847.066608099827,21084.28601734617,1.0731288998373207
SN2011jt,0.028,4.0,11631.795015012784,31734.680094355896,1.0897184615462758
SN2011jt,0.028,4.5,18062.97482266183,44701.91840751082,0.9838422123494148
SN2011jt,0.028,5.0,24350.295436104378,65216.60896348388,1.0696349462164494
SN2011jt,0.028,5.5,37075.34986407487,101784.78556561677,1.0964940201494806
SN2011jt,0.028,6.0,69794.49397354506,167772.5197458854,0.9522491607703121
SN2011jt,0.028,6.5,97803.90332661738,214397.59168407237,0.8521592873433482
SN2011jt,0.028,7.0,112614.75399445769,244653.605764994,0.8423908210626595
SN2011jt,0.028,7.5,124855.70095564444,274209.8529552119,0.8541866967422417
SN2011jt,0.028,8.0,138115.84005065472,307729.28909602185,0.8698133607746849
SN2011jt,0.028,8.5,152168.63721528408,345062.6728719465,0.8889320771503719
SN2011jt,0.028,9.0,167631.5076276315,387280.8543160499,0.9091759417831885
SN2011jt,0.028,9.5,188068.40254435196,441051.3479327582,0.9254332950689236
SN2011jt,0.028,10.0,215305.85175015865,507073.3323846106,0.9300373437135702
SN2012E,0.02,1.0,16.00547105877216,67.78677173620576,1.5671912280269846
SN2012E,0.02,1.5,-82.91575279258846,-40.27904005605873,
SN2012E,0.02,2.0,-127.5741362567592,-138.06536977191672,
SN2012E,0.02,2.5,-232.37534427710443,-277.83319890402925,
SN2012E,0.02,3.0,-83.32880298963539,-88.08959929511798,
SN2012E,0.02,3.5,74.97273396001378,292.17527710402805,1.4768502911556614
SN2012E,0.02,4.0,-55.81628532203035,849.8408716369122,
SN2012E,0.02,4.5,200.3446665083784,1241.322126571561,1.9802667786065256
SN2012E,0.02,5.0,596.088840838484,1422.8441601653851,0.9446158602138538
SN2012E,0.02,5.5,889.9449870900789,2503.384545410747,1.1229110142601013
SN2012E,0.02,6.0,1390.4586741554008,3642.8084399684576,1.0456956209916384
SN2012E,0.02,6.5,2023.1225386566125,4926.278409121595,0.966241910028844
SN2012E,0.02,7.0,2894.8005840942487,6592.587571085521,0.8935931394228969
SN2012E,0.02,7.5,3977.6106950522353,8498.517596119214,0.8243022581327133
SN2012E,0.02,8.0,4806.27531615538,10419.15341257332,0.8400594698825028
SN2012E,0.02,8.5,5786.531145620678,12451.25192221593,0.8319868128151585
SN2012E,0.02,9.0,6955.471257909129,15227.688536749249,0.8507685624112648
SN2012E,0.02,9.5,7969.004055908473,18126.5280133072,0.8922764466925048
SN2012E,0.02,10.0,8902.844532475801,22159.081260738807,0.9900574015452069
SN2012G,0.0258,1.0,2619.994810264001,4724.768622028545,0.6402002858679928
SN2012G,0.0258,1.5,6410.623622557437,11785.603635662212,0.6611288790085197
SN2012G,0.0258,2.0,12008.369020414517,21520.47504581452,0.6334195708683682
SN2012G,0.0258,2.5,18239.30574108109,31203.0846401751,0.5829730644411131
SN2012G,0.0258,3.0,24588.239416328743,40490.17464395188,0.5415555419596642
SN2012G,0.0258,3.5,30850.805704970244,50790.44178399488,0.5412886994650714
SN2012G,0.0258,4.0,40282.24133826846,62764.91452539671,0.4815082866510712
SN2012G,0.0258,4.5,54938.7493411541,79034.02517906905,0.3948383308352471
SN2012G,0.0258,5.0,75634.04378232024,107545.7984783457,0.38219031933302616
SN2012G,0.0258,5.5,106830.67997690784,149837.2196676401,0.36730928281109343
SN2012G,0.0258,6.0,189096.83664771184,213907.72516307555,0.1338555136560269
SN2012G,0.0258,6.5,239667.1654466639,375268.5928522915,0.4868341981873791
SN2012G,0.0258,7.0,265810.48190586746,467262.72431536095,0.6124725848542177
SN2012G,0.0258,7.5,284356.571692762,523944.70562227,0.6635554666624108
SN2012G,0.0258,8.0,293259.2183749159,556245.3594272211,0.6950368202923008
SN2012G,0.0258,8.5,299365.86073927913,573790.5421980773,0.7063777824582941
SN2012G,0.0258,9.0,304967.4502056104,584486.6873580074,0.7063028378813332
SN2012G,0.0258,9.5,307784.059228587,594842.1775297181,0.7153890792504515
SN2012G,0.0258,10.0,310409.7090306826,602218.2176721204,0.7195464812096307
SN2012U,0.01972,1.0,19351.02378079088,55681.74759610743,1.1475222767331958
SN2012U,0.01972,1.5,45555.95625436691,130185.86317205522,1.1400466492375336
SN2012U,0.01972,2.0,87795.51382391549,249814.39555945995,1.1353628402455134
SN2012U,0.01972,2.5,149788.34991320944,426789.0206826932,1.136838004844709
SN2012U,0.01972,3.0,256528.9834114228,730680.0770760061,1.136477064512524
SN2012U,0.01972,3.5,390856.2286988576,1125632.5527971578,1.1484490173313675
SN2012U,0.01972,4.0,481649.4507965124,1396632.0893873917,1.1558773671712306
SN2012U,0.01972,4.5,555662.4791535119,1609395.219843856,1.1546290870612657
SN2012U,0.01972,5.0,623509.5568919845,1798473.170940213,1.1501521224629134
SN2012U,0.01972,5.5,686061.9221731054,1971023.3582903189,1.145821138236435
SN2012U,0.01972,6.0,744786.2588741647,2131643.789933304,1.1417074446652702
SN2012U,0.01972,6.5,802216.6353485951,2286144.077361088,1.1370298336018354
SN2012U,0.01972,7.0,857749.3319168121,2434909.821283654,1.132806232400977
SN2012U,0.01972,7.5,912753.5673251057,2580734.997909245,1.128474681090504
SN2012U,0.01972,8.0,967189.8769686108,2722051.628261341,1.1234615392641687
SN2012U,0.01972,8.5,1017958.6564204072,2855706.9045060067,1.119958729350503
SN2012U,0.01972,9.0,1066859.106732556,2982179.1651879577,1.1160666574940368
SN2012U,0.01972,9.5,1113081.7301919833,3099742.243169843,1.1119963186709603
SN2012U,0.01972,10.0,1155078.541397185,3206113.399591977,1.108418408562119
SN2012aq,0.052,1.0,632.5998071697596,1272.5445535331196,0.7588598533104349
SN2012aq,0.052,1.5,1011.6424394433752,2050.223911774135,0.7669356355883611
SN2012aq,0.052,2.0,1368.626477909218,2582.3248277522493,0.6893148325869032
SN2012aq,0.052,2.5,1462.447960385081,2917.174386165843,0.7497049262823946
SN2012aq,0.052,3.0,1618.5678688798228,3304.4190731815584,0.7749105138554675
SN2012aq,0.052,3.5,1806.104774463127,3592.448910969052,0.7466191498988594
SN2012aq,0.052,4.0,1863.8391777096624,3523.571390180834,0.6914365968322032
SN2012aq,0.052,4.5,1610.416147511403,3265.435559359571,0.7675075030126942
SN2012aq,0.052,5.0,1544.4054858115956,3231.326998533159,0.8015489341762196
SN2012aq,0.052,5.5,1384.4692105158106,3253.864169502669,0.9277902945077912
SN2012aq,0.052,6.0,1188.6713054804754,3190.707572720852,1.0720630602693553
SN2012aq,0.052,6.5,1026.3508237735164,2818.052684585432,1.0966331823157245
SN2012aq,0.052,7.0,687.2620537284168,2453.8514512374404,1.3818147568440209
SN2012aq,0.052,7.5,612.7672004705487,1775.1129718235716,1.154826217129425
SN2012aq,0.052,8.0,469.65551634155577,1604.226737249851,1.3337158065802717
SN2012aq,0.052,8.5,77.7835176150013,1122.85637799611,2.8985915769468256
SN2012aq,0.052,9.0,-419.5650777573956,695.7650454263685,
SN2012aq,0.052,9.5,-527.1596103038551,-425.1478241221298,
SN2012aq,0.052,10.0,-752.2785628284769,-960.1617149463892,
SN2012ar,0.0283,1.0,-231.85467047486475,315.7511723030688,
SN2012ar,0.0283,1.5,-199.733709544689,571.0829007435456,
SN2012ar,0.0283,2.0,2.3407035169449277,888.0123598305008,6.447681507234165
SN2012ar,0.0283,2.5,70.2957214806836,1811.3582433416664,3.52768864799196
SN2012ar,0.0283,3.0,434.85293422661744,2364.359672772162,1.838427846010262
SN2012ar,0.0283,3.5,344.11212976523666,3832.273983806127,2.616891423354578
SN2012ar,0.0283,4.0,580.6820936430481,5380.5503269214605,2.4172206597910035
SN2012ar,0.0283,4.5,2756.7236997334144,8710.619563680846,1.249139516054101
SN2012ar,0.0283,5.0,3579.846412721423,13054.373927406772,1.4047291350737376
SN2012ar,0.0283,5.5,6421.100577435947,17574.666125639305,1.0931940267316138
SN2012ar,0.0283,6.0,8931.35648892099,24000.189018265715,1.0732430945532525
SN2012ar,0.0283,6.5,10733.09718832214,30681.253398202272,1.140370089064264
SN2012ar,0.0283,7.0,12906.50828403962,38738.13321407413,1.1933248094956763
SN2012ar,0.0283,7.5,15326.214321231704,47211.23277727978,1.2215261160821753
SN2012ar,0.0283,8.0,17900.633233222325,56573.29922827282,1.249357780458817
SN2012ar,0.0283,8.5,20958.792301549627,67420.98497699977,1.2685720977578583
SN2012ar,0.0283,9.0,24874.20807392575,79582.89500466076,1.262676176558514
SN2012ar,0.0283,9.5,29419.864122687388,95310.53731504624,1.276250638287627
SN2012ar,0.0283,10.0,34772.300464400454,112943.66588121136,1.279071140299226
SN2012bl,0.0187,1.0,5478.420997168444,8850.020788896472,0.5207222191996097
SN2012bl,0.0187,1.5,9337.149251307925,15801.712019766172,0.5712246044014411
SN2012bl,0.0187,2.0,13088.672360439918,23653.955574967986,0.6425204509104223
SN2012bl,0.0187,2.5,18878.383819872943,34817.124500399186,0.6645702222493808
SN2012bl,0.0187,3.0,22291.694077527656,42071.88566498346,0.6896222580644038
SN2012bl,0.0187,3.5,26271.55690921796,50004.69745792234,0.698812483106624
SN2012bl,0.0187,4.0,30464.671892413488,56360.17855125862,0.6679396380278295
SN2012bl,0.0187,4.5,33690.06744126594,63407.59693001665,0.686598534782068
SN2012bl,0.0187,5.0,37084.02090903819,70184.58616896273,0.6926373156060072
SN2012bl,0.0187,5.5,41397.904550337626,77026.45595859954,0.6741538931452051
SN2012bl,0.0187,6.0,48441.57901861002,83483.57921836975,0.5909569233088104
SN2012bl,0.0187,6.5,52505.4465706779,93840.3309827934,0.6304629357488296
SN2012bl,0.0187,7.0,58775.73967458936,109134.65230610545,0.671911414658525
SN2012bl,0.0187,7.5,64479.08955776312,124169.96624264817,0.7114941660806051
SN2012bl,0.0187,8.0,70675.38652958658,136464.4289825239,0.7143781748326041
SN2012bl,0.0187,8.5,75512.23828135472,145860.06678717065,0.7147976614241164
SN2012bl,0.0187,9.0,80732.67854201108,158022.30261074973,0.7291725602236843
SN2012bl,0.0187,9.5,86444.6738861232,173015.04516247197,0.7533640754867315
SN2012bl,0.0187,10.0,92392.07405455416,198428.8165527885,0.8299250644560185
SN2012bo,0.0254,1.0,14716.084434964943,35371.76076876558,0.9521610202471655
SN2012bo,0.0254,1.5,30729.32535196696,74457.65522906803,0.9608908248925506
SN2012bo,0.0254,2.0,50375.0112098682,121677.82536819826,0.9574907089773479
SN2012bo,0.0254,2.5,84336.4698838552,169910.34170953208,0.7605109868482134
SN2012bo,0.0254,3.0,103725.94667601943,218480.0711628615,0.8088110534821422
SN2012bo,0.0254,3.5,123295.02232434196,268695.6221427031,0.8457876173762959
SN2012bo,0.0254,4.0,142767.76980050703,318820.0539235486,0.8722886387899846
SN2012bo,0.0254,4.5,162789.48957023662,370367.3701556622,0.8925158908953624
SN2012bo,0.0254,5.0,184515.31774944463,427987.8875837348,0.9134976321143663
SN2012bo,0.0254,5.5,207948.6624026093,493427.6426484049,0.9381683614149622
SN2012bo,0.0254,6.0,235522.69984442883,573632.8304544254,0.9665030701214833
SN2012bo,0.0254,6.5,269119.497402444,671200.8028470662,0.9922682606240202
SN2012bo,0.0254,7.0,299476.148835838,752225.8173387547,0.999964988169799
SN2012bo,0.0254,7.5,323654.51086365216,816098.5264262265,1.0041523235011636
SN2012bo,0.0254,8.0,345228.86940384127,871410.382325827,1.005289060003131
SN2012bo,0.0254,8.5,363289.460002661,920501.256574958,1.0094289692308962
SN2012bo,0.0254,9.0,380205.8411054821,962718.1227324523,1.0087009065964119
SN2012bo,0.0254,9.5,396591.3022698623,1001307.6322899204,1.0055608528593465
SN2012bo,0.0254,10.0,411803.916349926,1037745.0760297287,1.0035005221013853
SN2012gm,0.0148,1.0,18610.7214788272,45992.51410860736,0.9823098514205637
SN2012gm,0.0148,1.5,55366.97950344464,124993.60157100046,0.8840923760316606
SN2012gm,0.0148,2.0,110805.19287961812,238617.53033636507,0.832855581094694
SN2012gm,0.0148,2.5,182060.8344798702,388443.99688064633,0.822779712831614
SN2012gm,0.0148,3.0,276634.37260547467,588826.2938356319,0.8202026339646467
SN2012gm,0.0148,3.5,380400.4151288259,807929.3814174585,0.8178310497529815
SN2012gm,0.0148,4.0,437096.5721949005,946168.774509694,0.8384780266925274
SN2012gm,0.0148,4.5,476713.5002882592,1047360.7006369164,0.8545970576183147
SN2012gm,0.0148,5.0,502907.75058643846,1124323.1897670894,0.8735070987250908
SN2012gm,0.0148,5.5,525996.9091716895,1190440.7882762852,0.8868115164353797
SN2012gm,0.0148,6.0,548796.4912743313,1247609.107266019,0.8916680257481144
SN2012gm,0.0148,6.5,563183.68376389,1282386.0781838645,0.8934218260183906
SN2012gm,0.0148,7.0,568229.5668758743,1301469.5075785655,0.8997754240476546
SN2012gm,0.0148,7.5,565887.2621531977,1306874.0921546868,0.9087595754570855
SN2012gm,0.0148,8.0,562692.5722223077,1305704.6313565357,0.9139344056068497
SN2012gm,0.0148,8.5,557185.8241043475,1299617.3787495862,0.9195386289846788
SN2012gm,0.0148,9.0,547325.2885036792,1291666.2263335425,0.9322619735310379
SN2012gm,0.0148,9.5,538043.1183684582,1270804.256873653,0.9331539496055614
SN2012gm,0.0148,10.0,523002.6409054539,1249113.4943890744,0.9452450457395509
SN2012hl,0.0332,1.0,1287.8525060549691,2699.958767771423,0.8037275112630973
SN2012hl,0.0332,1.5,2990.737609739428,6501.640715216106,0.8431116356332016
SN2012hl,0.0332,2.0,5385.806915782492,12388.632483040952,0.9044314746288101
SN2012hl,0.0332,2.5,8106.212576611231,19492.85368038544,0.9526435859832791
SN2012hl,0.0332,3.0,11057.452581946878,26808.07806347258,0.961526484555329
SN2012hl,0.0332,3.5,14385.92821207682,34036.60322274738,0.9350208079406923
SN2012hl,0.0332,4.0,17597.92906399097,42728.85305790778,0.9631491818482696
SN2012hl,0.0332,4.5,20765.55642821431,50433.953696673125,0.9634486063525243
SN2012hl,0.0332,5.0,24041.629160056626,58037.73867431319,0.956866471886964
SN2012hl,0.0332,5.5,25908.105965495324,64672.15426735397,0.9932041577983137
SN2012hl,0.0332,6.0,28296.780678364685,69399.94478649585,0.9740552405949604
SN2012hl,0.0332,6.5,30525.880484901096,74249.86236781484,0.9650686335745922
SN2012hl,0.0332,7.0,32227.17099292588,79201.39835907656,0.9762766651475462
SN2012hl,0.0332,7.5,32953.20745200863,83351.81974168844,1.0075434835176613
SN2012hl,0.0332,8.0,33296.72952493776,85986.83241384423,1.0300759310172534
SN2012hl,0.0332,8.5,33691.61763088174,88118.33774812405,1.0438610822121746
SN2012hl,0.0332,9.0,34450.19512954068,89488.58150189147,1.0364398448079877
SN2012hl,0.0332,9.5,35047.364477942,90886.15885458866,1.034605960079903
SN2012hl,0.0332,10.0,35791.55143515959,91282.20553082877,1.0165140022872103
SN2012id,0.0157,1.0,2267.2886318971314,9566.609464181813,1.5631280867826676
SN2012id,0.0157,1.5,5378.639219547225,21768.61147041473,1.5178957844643959
SN2012id,0.0157,2.0,9904.612197996254,38886.605345349824,1.4849063913589466
SN2012id,0.0157,2.5,15772.73592384477,61766.88848538676,1.4821217301943554
SN2012id,0.0157,3.0,22893.576404159565,90749.68411395948,1.495328697785291
SN2012id,0.0157,3.5,31960.64521676205,126859.41260295852,1.4967678948742398
SN2012id,0.0157,4.0,43147.223393948334,172995.18760257578,1.5077029219415816
SN2012id,0.0157,4.5,57852.071880373325,233251.63888554423,1.5137644668936656
SN2012id,0.0157,5.0,79327.52106944042,323481.36380898487,1.526063455873993
SN2012id,0.0157,5.5,112262.84995954236,456573.695701742,1.523187059749547
SN2012id,0.0157,6.0,162367.57996629257,660597.6994659916,1.5235943480214416
SN2012id,0.0157,6.5,202252.99076334175,828950.2633747683,1.5315838037987872
SN2012id,0.0157,7.0,248322.4743043353,1001457.9917526108,1.5140417741974563
SN2012id,0.0157,7.5,286339.72063945467,1148013.936844397,1.5076639087441488
SN2012id,0.0157,8.0,300910.7187655976,1205616.4120567315,1.5069287333562795
SN2012id,0.0157,8.5,312397.21177969646,1250160.0776097702,1.5056461926636615
SN2012id,0.0157,9.0,321884.15363520826,1287524.6898801106,1.505139922609113
SN2012id,0.0157,9.5,330006.42891287745,1320064.1799249952,1.5051816151625648
SN2012id,0.0157,10.0,337928.3589965854,1352102.457667639,1.5054624070823275
SN2012ij,0.01,1.0,86786.20617635985,286273.92267226655,1.2958277129941698
SN2012ij,0.01,1.5,296249.48502341064,989423.8482912952,1.3093119249246903
SN2012ij,0.01,2.0,415642.3815008504,1380219.0643169277,1.3030704932200692
SN2012ij,0.01,2.5,495329.7657260366,1644788.149315957,1.3030388538093107
SN2012ij,0.01,3.0,552800.550876478,1844184.3875029315,1.3080896847556247
SN2012ij,0.01,3.5,599062.2624132716,1994723.272973046,1.3060267310329452
SN2012ij,0.01,4.0,637139.9600426889,2118446.701558996,1.304456745052032
SN2012ij,0.01,4.5,666790.7357620846,2215237.7211273266,1.3035769519221085
SN2012ij,0.01,5.0,688828.4160803921,2289577.096517847,1.3041105434107405
SN2012ij,0.01,5.5,707690.4218182785,2353955.4074779097,1.3048872843506816
SN2012ij,0.01,6.0,725214.4914632885,2429550.0202934663,1.3126484278887538
SN2012ij,0.01,6.5,739606.4370216832,2493400.910470755,1.3194785785585272
SN2012ij,0.01,7.0,749115.0990592111,2528947.5273647453,1.320978169022346
SN2012ij,0.01,7.5,787909.2183167721,2724380.68505146,1.3469790274654383
SN2012ij,0.01,8.0,790652.0110547118,2733617.8396899016,1.346881050260872
SN2012ij,0.01,8.5,792463.942255819,2739217.445421483,1.3466174958278638
SN2012ij,0.01,9.0,792909.4535005734,2741776.2380512306,1.3470210311570296
SN2012ij,0.01,9.5,796321.3444443105,2749613.7797680846,1.3454583474643118
SN2012ij,0.01,10.0,801789.4867122801,2765183.316417358,1.3441589264124203
SN2013fy,0.0309,1.0,2215.402762965144,5198.945290065972,0.9261563856139187
SN2013fy,0.0309,1.5,4619.684486705975,11330.568579273531,0.9740984710934817
SN2013fy,0.0309,2.0,7752.21160152832,20209.956306890534,1.0403493901039687
SN2013fy,0.0309,2.5,11913.168608964505,31263.12729282386,1.0475128261342301
SN2013fy,0.0309,3.0,16413.647059119932,44211.53907390439,1.075826357623813
SN2013fy,0.0309,3.5,22567.68119636488,60601.5744759452,1.0724924237893225
SN2013fy,0.0309,4.0,29149.681025512316,78394.65509230003,1.0741316173110753
SN2013fy,0.0309,4.5,36954.82548089144,98869.36057817897,1.0684764244264398
SN2013fy,0.0309,5.0,46883.19421950648,122881.27274735695,1.0461712695144003
SN2013fy,0.0309,5.5,57961.261990493535,151270.22413262143,1.0415390439597993
SN2013fy,0.0309,6.0,71138.30414863519,182709.36420906027,1.0241432461009647
SN2013fy,0.0309,6.5,85893.1831811487,217817.9421662462,1.0103373821013442
SN2013fy,0.0309,7.0,102442.63434968256,257854.9854990038,1.0022369867817178
SN2013fy,0.0309,7.5,120180.65149020772,299312.21440037515,0.9907247150698305
SN2013fy,0.0309,8.0,137178.11580571512,343213.6484074072,0.995699291331429
SN2013fy,0.0309,8.5,153860.12963304625,387340.6000114809,1.0024173173821802
SN2013fy,0.0309,9.0,171745.40062538863,434350.5168431682,1.0073880680690213
SN2013fy,0.0309,9.5,189162.1971049345,483011.6882161633,1.0178082263367516
SN2013fy,0.0309,10.0,208481.2648085171,538122.1081138909,1.0295345043711306
SN2013hn,0.0151,1.0,-975.656354112412,-678.0445017986794,
SN2013hn,0.0151,1.5,-2558.8408468959287,-2080.238801581623,
SN2013hn,0.0151,2.0,-4692.893594924863,-4138.275327648711,
SN2013hn,0.0151,2.5,-6281.912486385361,-5659.074850397004,
SN2013hn,0.0151,3.0,-7012.133455080408,997.1104487881856,
SN2013hn,0.0151,3.5,-9847.482539645123,475.7398983847797,
SN2013hn,0.0151,4.0,-13377.368141784136,-3233.9169226174963,
SN2013hn,0.0151,4.5,-15779.807282638069,-2488.578636609429,
SN2013hn,0.0151,5.0,-20282.55623932732,-3897.8455358734936,
SN2013hn,0.0151,5.5,-21386.30483493309,-2449.69284123736,
SN2013hn,0.0151,6.0,-22498.93745539007,6228.631587556927,
SN2013hn,0.0151,6.5,6283.270139328881,95726.40212281964,2.957115010834676
SN2013hn,0.0151,7.0,3193.345131415728,99706.59827179355,3.7361951015450128
SN2013hn,0.0151,7.5,-1114.9021344143548,103620.88394614664,
SN2013hn,0.0151,8.0,-6854.5669661852735,107827.45098237664,
SN2013hn,0.0151,8.5,-11218.817551985136,113867.7309164364,
SN2013hn,0.0151,9.0,-10252.040270638245,125060.28777549596,
SN2013hn,0.0151,9.5,-1271.1391004541074,178064.6653102527,
SN2013hn,0.0151,10.0,-5713.021443858495,190336.76745307093,
